SERVICE LEVEL AGREEMENT ( SLA ) MONITORING DATA Lightning Detector,,,,,,,,,,,,,,,,,,,,,,,,,,,,,,,,,,,,,,,,,,,,,,,,,,,,,,,,,,,,,,,,,
BULAN JANUARI 2026,,,,,,,,,,,,,,,,,,,,,,,,,,,,,,,,,,,,,,,,,,,,,,,,,,,,,,,,,,,,,,,,,
,,,,,,,,,,,,,,,,,,,,,,,,,,,,,,,,,,,,,,,,,,,,,,,,,,,,,,,,,,,,,,,,,
No,LOKASI LD,Stasiun / PIC,Status,,,,,,,,,,,,,,,,,,,,,,,,,,,,,,,Persentase Aktif (%),KETERANGAN / PERMASALAHAN / MITIGASI,,Rekap Kondisi Alat,,,Status PIC Berdasarkan Kondisi Alat,,,,,Nama Alat,LOKASI LD,Stasiun / PIC,Persentase Aktif (%),KETERANGAN / PERMASALAHAN / MITIGASI,,PERALATAN PRIORITAS,,,,,,LAST UPDATED,,,,,LIST STASIUN BELUM UPDATE (Hingga 09-Oct-2026),,,
,,,1,2,3,4,5,6,7,8,9,10,11,12,13,14,15,16,17,18,19,20,21,22,23,24,25,26,27,28,29,30,31,,,,,,,,,,,,,,,,,,Nama Alat,Lokasi,PIC,Persentase Aktif (%),Keterangan,,Lokasi Alat,PIC,Terakhir Update,Status Update (Hingga 09-Oct-2026),,Lokasi Alat,PIC,Terakhir Update,Status Update
1,Balai Besar MKG Wilayah V ,Stageof Angkasa,ON,ON,ON,ON,ON,ON,ON,ON,ON,ON,ON,ON,ON,ON,ON,ON,ON,ON,ON,ON,ON,ON,ON,ON,ON,ON,ON,ON,ON,ON,ON,100.0%,,,🟢 Normal (100%),5,,PIC,Jumlah Site,Persentase,Status,,Lightning Detector,Balai Besar MKG Wilayah V ,Stageof Angkasa,100%,,,Lightning Detector,Stageof Angkasa,Stageof Angkasa,87%,,,Balai Besar MKG Wilayah V ,Stageof Angkasa,31-Jan-2026,Updated,,Tidak Ada,,,
2,Stageof Angkasa,,ON,ON,ON,ON,ON,ON,ON,ON,ON,ON,ON,ON,ON,ON,ON,ON,ON,ON,ON,ON,ON,ON,OFF,OFF,OFF,OFF,ON,ON,ON,ON,ON,87.1%,,,🟡 Gangguan (1-99%),2,,Stageof Angkasa,4,97%,🟡,,Lightning Detector,Stageof Angkasa,Stageof Angkasa,87%,,,Lightning Detector,Stamet Timika,Stageof Nabire,6%,Komputer pengolah data tersambar petir,,Stageof Angkasa,Stageof Angkasa,31-Jan-2026,Updated,,,,,
3,Stamet Biak,,ON,ON,ON,ON,ON,ON,ON,ON,ON,ON,ON,ON,ON,ON,ON,ON,ON,ON,ON,ON,ON,ON,ON,ON,ON,ON,ON,ON,ON,ON,ON,100.0%,,,🔴 Tidak Beroperasi (0%),0,,Stageof Nabire,2,53%,🔴,,Lightning Detector,Stamet Biak,Stageof Angkasa,100%,,,,,,,,,Stamet Biak,Stageof Angkasa,31-Jan-2026,Updated,,,,,
4,Stamet Merauke,,ON,ON,ON,ON,ON,ON,ON,ON,ON,ON,ON,ON,ON,ON,ON,ON,ON,ON,ON,ON,ON,ON,ON,ON,ON,ON,ON,ON,ON,ON,ON,100.0%,,,,,,Stageof Sorong,1,100%,🟢,,Lightning Detector,Stamet Merauke,Stageof Angkasa,100%,,,,,,,,,Stamet Merauke,Stageof Angkasa,31-Jan-2026,Updated,,,,,
5,Stamet Timika,Stageof Nabire,ON,ON,OFF,OFF,OFF,OFF,OFF,OFF,OFF,OFF,OFF,OFF,OFF,OFF,OFF,OFF,OFF,OFF,OFF,OFF,OFF,OFF,OFF,OFF,OFF,OFF,OFF,OFF,OFF,OFF,OFF,6.5%,Komputer pengolah data tersambar petir,,,,,,,,,,Lightning Detector,Stamet Timika,Stageof Nabire,6%,Komputer pengolah data tersambar petir,,,,,,,,Stamet Timika,Stageof Nabire,31-Jan-2026,Updated,,,,,
6,Stageof Nabire,,ON,ON,ON,ON,ON,ON,ON,ON,ON,ON,ON,ON,ON,ON,ON,ON,ON,ON,ON,ON,ON,ON,ON,ON,ON,ON,ON,ON,ON,ON,ON,100.0%,,,,,,,,,,,Lightning Detector,Stageof Nabire,Stageof Nabire,100%,,,,,,,,,Stageof Nabire,Stageof Nabire,31-Jan-2026,Updated,,,,,
7,Stageof Sorong,Stageof Sorong,ON,ON,ON,ON,ON,ON,ON,ON,ON,ON,ON,ON,ON,ON,ON,ON,ON,ON,ON,ON,ON,ON,ON,ON,ON,ON,ON,ON,ON,ON,ON,100.0%,,,,,,,,,,,Lightning Detector,Stageof Sorong,Stageof Sorong,100%,,,,,,,,,Stageof Sorong,Stageof Sorong,31-Jan-2026,Updated,,,,,
TOTAL PERSENTASI BULANAN,,,,,,,,,,,,,,,,,,,,,,,,,,,,,,,,,,84.8%,,,,,,,,,,,,,,,,,,,,,,,,,,,,,,,
,,,,,,,,,,,,,,,,,,,,,,,,,,,,,,,,,,,,,,,,,,,,,,,,,,,,,,,,,,,,,,,,,
OPERATIONAL LEVEL AGREEMENT ( OLA ) MONITORING DATA Lightning Detector,,,,,,,,,,,,,,,,,,,,,,,,,,,,,,,,,,,,,,,,,,,,,,,,,,,,,,,,,,,,,,,,,
BULAN JANUARI 2026,,,,,,,,,,,,,,,,,,,,,,,,,,,,,,,,,,,,,,,,,,,,,,,,,,,,,,,,,,,,,,,,,
,,,,,,,,,,,,,,,,,,,,,,,,,,,,,,,,,,,,,,,,,,,,,,,,,,,,,,,,,,,,,,,,,
No,LOKASI LD,Stasiun / PIC,Status,,,,,,,,,,,,,,,,,,,,,,,,,,,,,,,Persentase Aktif (%),KETERANGAN / PERMASALAHAN / MITIGASI,,,,,,,,,,,,,,,,,,,,,,,,,,,,,,
,,,1,2,3,4,5,6,7,8,9,10,11,12,13,14,15,16,17,18,19,20,21,22,23,24,25,26,27,28,29,30,31,,,,,,,,,,,,,,,,,,,,,,,,,,,,,,,,
1,Balai Besar MKG Wilayah V ,Stageof Angkasa,100%,100%,100%,100%,100%,100%,100%,100%,100%,100%,100%,100%,100%,100%,100%,100%,100%,100%,100%,100%,100%,100%,100%,100%,100%,100%,100%,100%,100%,100%,100%,100.0%,,,,,,,,,,,,,,,,,,,,,,,,,,,,,,,
2,Stageof Angkasa,,100%,100%,100%,100%,100%,100%,100%,100%,100%,100%,100%,100%,100%,100%,100%,100%,100%,100%,100%,100%,100%,100%,100%,100%,100%,100%,100%,100%,100%,100%,100%,100.0%,,,,,,,,,,,,,,,,,,,,,,,,,,,,,,,
3,Stamet Biak,,100%,100%,100%,100%,100%,100%,100%,100%,100%,100%,100%,100%,0%,100%,100%,100%,100%,100%,100%,100%,100%,100%,100%,100%,100%,100%,100%,100%,100%,100%,100%,96.8%,,,,,,,,,,,,,,,,,,,,,,,,,,,,,,,
4,Stamet Merauke,,100%,100%,0%,0%,0%,0%,0%,0%,0%,0%,0%,0%,0%,0%,0%,0%,0%,0%,0%,0%,0%,0%,0%,0%,0%,0%,0%,0%,0%,0%,0%,6.5%,Komputer pengolah data tersambar petir,,,,,,,,,,,,,,,,,,,,,,,,,,,,,,
5,Stamet Timika,Stageof Nabire,100%,100%,100%,100%,100%,100%,100%,100%,100%,100%,100%,100%,100%,100%,100%,100%,100%,100%,100%,100%,100%,100%,100%,100%,100%,100%,100%,100%,100%,100%,100%,100.0%,,,,,,,,,,,,,,,,,,,,,,,,,,,,,,,
6,Stageof Nabire,,100%,100%,100%,100%,100%,100%,100%,100%,100%,100%,100%,100%,100%,100%,100%,100%,100%,100%,100%,100%,100%,100%,100%,100%,100%,100%,100%,100%,100%,100%,100%,100.0%,,,,,,,,,,,,,,,,,,,,,,,,,,,,,,,
7,Stageof Sorong,Stageof Sorong,100%,100%,100%,100%,100%,100%,100%,100%,100%,100%,100%,100%,100%,100%,100%,100%,100%,100%,100%,100%,100%,100%,100%,100%,100%,100%,100%,100%,100%,100%,100%,100.0%,,,,,,,,,,,,,,,,,,,,,,,,,,,,,,,
TOTAL PERSENTASE BULANAN ,,,,,,,,,,,,,,,,,,,,,,,,,,,,,,,,,,86.2%,,,,,,,,,,,,,,,,,,,,,,,,,,,,,,,
,,,,,,,,,,,,,,,,,,,,,,,,,,,,,,,,,,,,,,,,,,,,,,,,,,,,,,,,,,,,,,,,,
,,,,,,,,,,,,,,,,,,,,,,,,,,,,,,,,,,,,,,,,,,,,,,,,,,,,,,,,,,,,,,,,,
SERVICE LEVEL AGREEMENT ( SLA ) MONITORING DATA Lightning Detector,,,,,,,,,,,,,,,,,,,,,,,,,,,,,,,,,,,,,,,,,,,,,,,,,,,,,,,,,,,,,,,,,
BULAN FEBRUARI 2026,,,,,,,,,,,,,,,,,,,,,,,,,,,,,,,,,,,,,,,,,,,,,,,,,,,,,,,,,,,,,,,,,
,,,,,,,,,,,,,,,,,,,,,,,,,,,,,,,,,,,,,,,,,,,,,,,,,,,,,,,,,,,,,,,,,
No,LOKASI LD,Stasiun / PIC,Status,,,,,,,,,,,,,,,,,,,,,,,,,,,,,,,Persentase Aktif (%),KETERANGAN / PERMASALAHAN / MITIGASI,,Rekap Kondisi Alat,,,Status PIC Berdasarkan Kondisi Alat,,,,,Nama Alat,LOKASI LD,Stasiun / PIC,Persentase Aktif (%),KETERANGAN / PERMASALAHAN / MITIGASI,,PERALATAN PRIORITAS,,,,,,LAST UPDATED,,,,,LIST STASIUN BELUM UPDATE (Hingga 09-Oct-2026),,,
,,,1,2,3,4,5,6,7,8,9,10,11,12,13,14,15,16,17,18,19,20,21,22,23,24,25,26,27,28,-,-,-,,,,,,,,,,,,,,,,,,Nama Alat,Lokasi,PIC,Persentase Aktif (%),Keterangan,,Lokasi Alat,PIC,Terakhir Update,Status Update (Hingga 09-Oct-2026),,Lokasi Alat,PIC,Terakhir Update,Status Update
1,Balai Besar MKG Wilayah V ,Stageof Angkasa,ON,ON,ON,ON,ON,ON,ON,ON,ON,ON,ON,ON,ON,ON,ON,ON,ON,ON,ON,ON,ON,ON,ON,ON,ON,ON,ON,ON,,,,100.0%,,,🟢 Normal (100%),5,,PIC,Jumlah Site,Persentase,Status,,Lightning Detector,Balai Besar MKG Wilayah V ,Stageof Angkasa,100%,,,Lightning Detector,Stamet Timika,Stageof Nabire,0%,Komputer pengolah data tersambar petir,,Balai Besar MKG Wilayah V ,Stageof Angkasa,28-Feb-2026,Updated,,Tidak Ada,,,
2,Stageof Angkasa,,ON,ON,ON,ON,ON,ON,ON,ON,ON,ON,ON,ON,ON,ON,ON,ON,ON,ON,ON,ON,ON,ON,ON,ON,ON,ON,ON,ON,,,,100.0%,,,🟡 Gangguan (1-99%),1,,Stageof Angkasa,4,100%,🟢,,Lightning Detector,Stageof Angkasa,Stageof Angkasa,100%,,,,,,,,,Stageof Angkasa,Stageof Angkasa,28-Feb-2026,Updated,,,,,
3,Stamet Biak,,ON,ON,ON,ON,ON,ON,ON,ON,ON,ON,ON,ON,ON,ON,ON,ON,ON,ON,ON,ON,ON,ON,ON,ON,ON,ON,ON,ON,,,,100.0%,,,🔴 Tidak Beroperasi (0%),1,,Stageof Nabire,2,50%,🔴,,Lightning Detector,Stamet Biak,Stageof Angkasa,100%,,,,,,,,,Stamet Biak,Stageof Angkasa,28-Feb-2026,Updated,,,,,
4,Stamet Merauke,,ON,ON,ON,ON,ON,ON,ON,ON,ON,ON,ON,ON,ON,ON,ON,ON,ON,ON,ON,ON,ON,ON,ON,ON,ON,ON,ON,ON,,,,100.0%,,,,,,Stageof Sorong,1,96%,🟡,,Lightning Detector,Stamet Merauke,Stageof Angkasa,100%,,,,,,,,,Stamet Merauke,Stageof Angkasa,28-Feb-2026,Updated,,,,,
5,Stamet Timika,Stageof Nabire,OFF,OFF,OFF,OFF,OFF,OFF,OFF,OFF,OFF,OFF,OFF,OFF,OFF,OFF,OFF,OFF,OFF,OFF,OFF,OFF,OFF,OFF,OFF,OFF,OFF,OFF,OFF,OFF,,,,0.0%,Komputer pengolah data tersambar petir,,,,,,,,,,Lightning Detector,Stamet Timika,Stageof Nabire,0%,Komputer pengolah data tersambar petir,,,,,,,,Stamet Timika,Stageof Nabire,28-Feb-2026,Updated,,,,,
6,Stageof Nabire,,ON,ON,ON,ON,ON,ON,ON,ON,ON,ON,ON,ON,ON,ON,ON,ON,ON,ON,ON,ON,ON,ON,ON,ON,ON,ON,ON,ON,,,,100.0%,,,,,,,,,,,Lightning Detector,Stageof Nabire,Stageof Nabire,100%,,,,,,,,,Stageof Nabire,Stageof Nabire,28-Feb-2026,Updated,,,,,
7,Stageof Sorong,Stageof Sorong,ON,ON,ON,ON,ON,ON,ON,ON,ON,ON,ON,ON,ON,ON,ON,ON,ON,ON,ON,ON,ON,ON,OFF,ON,ON,ON,ON,ON,,,,96.4%,,,,,,,,,,,Lightning Detector,Stageof Sorong,Stageof Sorong,96%,,,,,,,,,Stageof Sorong,Stageof Sorong,28-Feb-2026,Updated,,,,,
TOTAL PERSENTASI BULANAN,,,,,,,,,,,,,,,,,,,,,,,,,,,,,,,,,,85.2%,,,,,,,,,,,,,,,,,,,,,,,,,,,,,,,
,,,,,,,,,,,,,,,,,,,,,,,,,,,,,,,,,,,,,,,,,,,,,,,,,,,,,,,,,,,,,,,,,
OPERATIONAL LEVEL AGREEMENT ( OLA ) MONITORING DATA Lightning Detector,,,,,,,,,,,,,,,,,,,,,,,,,,,,,,,,,,,,,,,,,,,,,,,,,,,,,,,,,,,,,,,,,
BULAN FEBRUARI 2026,,,,,,,,,,,,,,,,,,,,,,,,,,,,,,,,,,,,,,,,,,,,,,,,,,,,,,,,,,,,,,,,,
,,,,,,,,,,,,,,,,,,,,,,,,,,,,,,,,,,,,,,,,,,,,,,,,,,,,,,,,,,,,,,,,,
No,LOKASI LD,Stasiun / PIC,Status,,,,,,,,,,,,,,,,,,,,,,,,,,,,,,,Persentase Aktif (%),KETERANGAN / PERMASALAHAN / MITIGASI,,,,,,,,,,,,,,,,,,,,,,,,,,,,,,
,,,1,2,3,4,5,6,7,8,9,10,11,12,13,14,15,16,17,18,19,20,21,22,23,24,25,26,27,28,-,-,-,,,,,,,,,,,,,,,,,,,,,,,,,,,,,,,,
1,Balai Besar MKG Wilayah V ,Stageof Angkasa,100%,100%,100%,100%,100%,100%,100%,100%,100%,100%,100%,100%,100%,100%,100%,100%,100%,100%,100%,100%,100%,100%,100%,100%,100%,100%,100%,100%,,,,100.0%,,,,,,,,,,,,,,,,,,,,,,,,,,,,,,,
2,Stageof Angkasa,,87%,100%,100%,100%,100%,100%,100%,100%,100%,100%,100%,100%,100%,100%,100%,100%,100%,100%,100%,100%,100%,100%,100%,100%,100%,100%,100%,100%,,,,99.5%,,,,,,,,,,,,,,,,,,,,,,,,,,,,,,,
3,Stamet Biak,,100%,100%,100%,100%,100%,100%,100%,100%,100%,100%,100%,100%,100%,100%,100%,100%,100%,100%,100%,100%,100%,100%,100%,100%,100%,100%,100%,100%,,,,100.0%,,,,,,,,,,,,,,,,,,,,,,,,,,,,,,,
4,Stamet Merauke,,0%,0%,0%,0%,0%,0%,0%,0%,0%,0%,0%,0%,0%,0%,0%,0%,0%,0%,0%,0%,0%,0%,0%,0%,0%,0%,0%,0%,,,,0.0%,Komputer pengolah data tersambar petir,,,,,,,,,,,,,,,,,,,,,,,,,,,,,,
5,Stamet Timika,Stageof Nabire,100%,100%,100%,100%,100%,100%,100%,100%,100%,100%,100%,100%,100%,100%,100%,100%,100%,100%,100%,100%,100%,100%,100%,100%,100%,100%,100%,100%,,,,100.0%,,,,,,,,,,,,,,,,,,,,,,,,,,,,,,,
6,Stageof Nabire,,100%,100%,100%,100%,100%,100%,100%,100%,100%,100%,100%,100%,100%,100%,100%,100%,100%,100%,100%,100%,100%,100%,100%,100%,100%,100%,100%,100%,,,,100.0%,,,,,,,,,,,,,,,,,,,,,,,,,,,,,,,
7,Stageof Sorong,Stageof Sorong,100%,100%,100%,100%,100%,100%,100%,100%,100%,100%,100%,100%,100%,100%,100%,100%,100%,100%,100%,100%,100%,100%,0%,100%,100%,100%,100%,100%,,,,96.4%,,,,,,,,,,,,,,,,,,,,,,,,,,,,,,,
TOTAL PERSENTASE BULANAN ,,,,,,,,,,,,,,,,,,,,,,,,,,,,,,,,,,85.1%,,,,,,,,,,,,,,,,,,,,,,,,,,,,,,,
,,,,,,,,,,,,,,,,,,,,,,,,,,,,,,,,,,,,,,,,,,,,,,,,,,,,,,,,,,,,,,,,,
,,,,,,,,,,,,,,,,,,,,,,,,,,,,,,,,,,,,,,,,,,,,,,,,,,,,,,,,,,,,,,,,,
SERVICE LEVEL AGREEMENT ( SLA ) MONITORING DATA Lightning Detector,,,,,,,,,,,,,,,,,,,,,,,,,,,,,,,,,,,,,,,,,,,,,,,,,,,,,,,,,,,,,,,,,
BULAN MARET 2026,,,,,,,,,,,,,,,,,,,,,,,,,,,,,,,,,,,,,,,,,,,,,,,,,,,,,,,,,,,,,,,,,
,,,,,,,,,,,,,,,,,,,,,,,,,,,,,,,,,,,,,,,,,,,,,,,,,,,,,,,,,,,,,,,,,
No,LOKASI LD,Stasiun / PIC,Status,,,,,,,,,,,,,,,,,,,,,,,,,,,,,,,Persentase Aktif (%),KETERANGAN / PERMASALAHAN / MITIGASI,,Rekap Kondisi Alat,,,Status PIC Berdasarkan Kondisi Alat,,,,,Nama Alat,LOKASI LD,Stasiun / PIC,Persentase Aktif (%),KETERANGAN / PERMASALAHAN / MITIGASI,,PERALATAN PRIORITAS,,,,,,LAST UPDATED,,,,,LIST STASIUN BELUM UPDATE (Hingga 09-Oct-2026),,,
,,,1,2,3,4,5,6,7,8,9,10,11,12,13,14,15,16,17,18,19,20,21,22,23,24,25,26,27,28,29,30,31,,,,,,,,,,,,,,,,,,Nama Alat,Lokasi,PIC,Persentase Aktif (%),Keterangan,,Lokasi Alat,PIC,Terakhir Update,Status Update (Hingga 09-Oct-2026),,Lokasi Alat,PIC,Terakhir Update,Status Update
1,Balai Besar MKG Wilayah V ,Stageof Angkasa,ON,ON,ON,ON,ON,ON,ON,ON,ON,ON,ON,ON,ON,ON,ON,ON,ON,ON,ON,ON,ON,ON,ON,ON,ON,ON,ON,ON,ON,ON,ON,100.0%,,,🟢 Normal (100%),6,,PIC,Jumlah Site,Persentase,Status,,Lightning Detector,Balai Besar MKG Wilayah V ,Stageof Angkasa,100%,,,Lightning Detector,Stamet Timika,Stageof Nabire,87%,1-3 Maret: Komputer pengolah data tersambar petir,,Balai Besar MKG Wilayah V ,Stageof Angkasa,31-Mar-2026,Updated,,Tidak Ada,,,
2,Stageof Angkasa,,ON,ON,ON,ON,ON,ON,ON,ON,ON,ON,ON,ON,ON,ON,ON,ON,ON,ON,ON,ON,ON,ON,ON,ON,ON,ON,ON,ON,ON,ON,ON,100.0%,,,🟡 Gangguan (1-99%),1,,Stageof Angkasa,4,100%,🟢,,Lightning Detector,Stageof Angkasa,Stageof Angkasa,100%,,,,,,,,,Stageof Angkasa,Stageof Angkasa,31-Mar-2026,Updated,,,,,
3,Stamet Biak,,ON,ON,ON,ON,ON,ON,ON,ON,ON,ON,ON,ON,ON,ON,ON,ON,ON,ON,ON,ON,ON,ON,ON,ON,ON,ON,ON,ON,ON,ON,ON,100.0%,,,🔴 Tidak Beroperasi (0%),0,,Stageof Nabire,2,94%,🟡,,Lightning Detector,Stamet Biak,Stageof Angkasa,100%,,,,,,,,,Stamet Biak,Stageof Angkasa,31-Mar-2026,Updated,,,,,
4,Stamet Merauke,,ON,ON,ON,ON,ON,ON,ON,ON,ON,ON,ON,ON,ON,ON,ON,ON,ON,ON,ON,ON,ON,ON,ON,ON,ON,ON,ON,ON,ON,ON,ON,100.0%,,,,,,Stageof Sorong,1,100%,🟢,,Lightning Detector,Stamet Merauke,Stageof Angkasa,100%,,,,,,,,,Stamet Merauke,Stageof Angkasa,31-Mar-2026,Updated,,,,,
5,Stamet Timika,Stageof Nabire,OFF,OFF,OFF,OFF,ON,ON,ON,ON,ON,ON,ON,ON,ON,ON,ON,ON,ON,ON,ON,ON,ON,ON,ON,ON,ON,ON,ON,ON,ON,ON,ON,87.1%,1-3 Maret: Komputer pengolah data tersambar petir,,,,,,,,,,Lightning Detector,Stamet Timika,Stageof Nabire,87%,1-3 Maret: Komputer pengolah data tersambar petir,,,,,,,,Stamet Timika,Stageof Nabire,31-Mar-2026,Updated,,,,,
6,Stageof Nabire,,ON,ON,ON,ON,ON,ON,ON,ON,ON,ON,ON,ON,ON,ON,ON,ON,ON,ON,ON,ON,ON,ON,ON,ON,ON,ON,ON,ON,ON,ON,ON,100.0%,,,,,,,,,,,Lightning Detector,Stageof Nabire,Stageof Nabire,100%,,,,,,,,,Stageof Nabire,Stageof Nabire,31-Mar-2026,Updated,,,,,
7,Stageof Sorong,Stageof Sorong,ON,ON,ON,ON,ON,ON,ON,ON,ON,ON,ON,ON,ON,ON,ON,ON,ON,ON,ON,ON,ON,ON,ON,ON,ON,ON,ON,ON,ON,ON,ON,100.0%,,,,,,,,,,,Lightning Detector,Stageof Sorong,Stageof Sorong,100%,,,,,,,,,Stageof Sorong,Stageof Sorong,31-Mar-2026,Updated,,,,,
TOTAL PERSENTASI BULANAN,,,,,,,,,,,,,,,,,,,,,,,,,,,,,,,,,,98.2%,,,,,,,,,,,,,,,,,,,,,,,,,,,,,,,
,,,,,,,,,,,,,,,,,,,,,,,,,,,,,,,,,,,,,,,,,,,,,,,,,,,,,,,,,,,,,,,,,
OPERATIONAL LEVEL AGREEMENT ( OLA ) MONITORING DATA Lightning Detector,,,,,,,,,,,,,,,,,,,,,,,,,,,,,,,,,,,,,,,,,,,,,,,,,,,,,,,,,,,,,,,,,
BULAN MARET 2026,,,,,,,,,,,,,,,,,,,,,,,,,,,,,,,,,,,,,,,,,,,,,,,,,,,,,,,,,,,,,,,,,
,,,,,,,,,,,,,,,,,,,,,,,,,,,,,,,,,,,,,,,,,,,,,,,,,,,,,,,,,,,,,,,,,
No,LOKASI LD,Stasiun / PIC,Status,,,,,,,,,,,,,,,,,,,,,,,,,,,,,,,Persentase Aktif (%),KETERANGAN / PERMASALAHAN / MITIGASI,,,,,,,,,,,,,,,,,,,,,,,,,,,,,,
,,,1,2,3,4,5,6,7,8,9,10,11,12,13,14,15,16,17,18,19,20,21,22,23,24,25,26,27,28,29,30,31,,,,,,,,,,,,,,,,,,,,,,,,,,,,,,,,
1,Balai Besar MKG Wilayah V ,Stageof Angkasa,100%,100%,100%,100%,100%,100%,100%,100%,100%,100%,100%,100%,100%,100%,100%,100%,100%,100%,100%,100%,100%,100%,100%,100%,100%,100%,100%,100%,100%,100%,100%,100.0%,,,,,,,,,,,,,,,,,,,,,,,,,,,,,,,
2,Stageof Angkasa,,100%,100%,100%,100%,100%,100%,100%,100%,100%,100%,100%,100%,100%,100%,100%,100%,100%,100%,100%,100%,100%,100%,100%,100%,100%,100%,100%,100%,100%,100%,100%,100.0%,,,,,,,,,,,,,,,,,,,,,,,,,,,,,,,
3,Stamet Biak,,100%,100%,100%,57%,100%,100%,100%,100%,100%,100%,100%,100%,100%,100%,100%,100%,100%,100%,100%,100%,100%,100%,100%,100%,100%,100%,100%,100%,100%,100%,100%,98.6%,,,,,,,,,,,,,,,,,,,,,,,,,,,,,,,
4,Stamet Merauke,,0%,0%,0%,0%,100%,100%,100%,100%,100%,100%,100%,100%,100%,100%,100%,100%,100%,100%,100%,100%,100%,100%,100%,100%,100%,100%,100%,100%,100%,100%,100%,87.1%,1-3 Maret Komputer pengolah data tersambar petir,,,,,,,,,,,,,,,,,,,,,,,,,,,,,,
5,Stamet Timika,Stageof Nabire,100%,100%,100%,100%,100%,100%,100%,100%,100%,100%,100%,100%,100%,100%,100%,100%,100%,100%,100%,100%,100%,100%,100%,100%,100%,100%,100%,100%,100%,100%,100%,100.0%,,,,,,,,,,,,,,,,,,,,,,,,,,,,,,,
6,Stageof Nabire,,100%,100%,100%,100%,100%,100%,100%,100%,100%,100%,100%,100%,100%,100%,100%,100%,100%,100%,100%,100%,100%,100%,100%,100%,100%,100%,100%,100%,100%,100%,100%,100.0%,,,,,,,,,,,,,,,,,,,,,,,,,,,,,,,
7,Stageof Sorong,Stageof Sorong,100%,100%,100%,100%,100%,100%,100%,100%,100%,100%,100%,100%,100%,100%,100%,100%,100%,100%,100%,100%,100%,100%,100%,100%,100%,100%,100%,100%,100%,100%,100%,100.0%,,,,,,,,,,,,,,,,,,,,,,,,,,,,,,,
TOTAL PERSENTASE BULANAN ,,,,,,,,,,,,,,,,,,,,,,,,,,,,,,,,,,98.0%,,,,,,,,,,,,,,,,,,,,,,,,,,,,,,,
,,,,,,,,,,,,,,,,,,,,,,,,,,,,,,,,,,,,,,,,,,,,,,,,,,,,,,,,,,,,,,,,,
,,,,,,,,,,,,,,,,,,,,,,,,,,,,,,,,,,,,,,,,,,,,,,,,,,,,,,,,,,,,,,,,,
SERVICE LEVEL AGREEMENT ( SLA ) MONITORING DATA Lightning Detector,,,,,,,,,,,,,,,,,,,,,,,,,,,,,,,,,,,,,,,,,,,,,,,,,,,,,,,,,,,,,,,,,
BULAN APRIL 2026,,,,,,,,,,,,,,,,,,,,,,,,,,,,,,,,,,,,,,,,,,,,,,,,,,,,,,,,,,,,,,,,,
,,,,,,,,,,,,,,,,,,,,,,,,,,,,,,,,,,,,,,,,,,,,,,,,,,,,,,,,,,,,,,,,,
No,LOKASI LD,Stasiun / PIC,Status,,,,,,,,,,,,,,,,,,,,,,,,,,,,,,,Persentase Aktif (%),KETERANGAN / PERMASALAHAN / MITIGASI,,Rekap Kondisi Alat,,,Status PIC Berdasarkan Kondisi Alat,,,,,Nama Alat,LOKASI LD,Stasiun / PIC,Persentase Aktif (%),KETERANGAN / PERMASALAHAN / MITIGASI,,PERALATAN PRIORITAS,,,,,,LAST UPDATED,,,,,LIST STASIUN BELUM UPDATE (Hingga 09-Oct-2026),,,
,,,1,2,3,4,5,6,7,8,9,10,11,12,13,14,15,16,17,18,19,20,21,22,23,24,25,26,27,28,29,30,,,,,,,,,,,,,,,,,,,Nama Alat,Lokasi,PIC,Persentase Aktif (%),Keterangan,,Lokasi Alat,PIC,Terakhir Update,Status Update (Hingga 09-Oct-2026),,Lokasi Alat,PIC,Terakhir Update,Status Update
1,Balai Besar MKG Wilayah V ,Stageof Angkasa,ON,ON,ON,ON,ON,ON,ON,ON,ON,ON,ON,ON,ON,ON,ON,ON,ON,ON,ON,ON,ON,ON,ON,ON,ON,ON,ON,ON,ON,ON,,100.0%,,,🟢 Normal (100%),6,,PIC,Jumlah Site,Persentase,Status,,Lightning Detector,Balai Besar MKG Wilayah V ,Stageof Angkasa,100%,,,Lightning Detector,Stageof Sorong,Stageof Sorong,90%,,,Balai Besar MKG Wilayah V ,Stageof Angkasa,30-Apr-2026,Updated,,Tidak Ada,,,
2,Stageof Angkasa,,ON,ON,ON,ON,ON,ON,ON,ON,ON,ON,ON,ON,ON,ON,ON,ON,ON,ON,ON,ON,ON,ON,ON,ON,ON,ON,ON,ON,ON,ON,,100.0%,,,🟡 Gangguan (1-99%),1,,Stageof Angkasa,4,100%,🟢,,Lightning Detector,Stageof Angkasa,Stageof Angkasa,100%,,,,,,,,,Stageof Angkasa,Stageof Angkasa,30-Apr-2026,Updated,,,,,
3,Stamet Biak,,ON,ON,ON,ON,ON,ON,ON,ON,ON,ON,ON,ON,ON,ON,ON,ON,ON,ON,ON,ON,ON,ON,ON,ON,ON,ON,ON,ON,ON,ON,,100.0%,,,🔴 Tidak Beroperasi (0%),0,,Stageof Nabire,2,100%,🟢,,Lightning Detector,Stamet Biak,Stageof Angkasa,100%,,,,,,,,,Stamet Biak,Stageof Angkasa,30-Apr-2026,Updated,,,,,
4,Stamet Merauke,,ON,ON,ON,ON,ON,ON,ON,ON,ON,ON,ON,ON,ON,ON,ON,ON,ON,ON,ON,ON,ON,ON,ON,ON,ON,ON,ON,ON,ON,ON,,100.0%,,,,,,Stageof Sorong,1,90%,🟡,,Lightning Detector,Stamet Merauke,Stageof Angkasa,100%,,,,,,,,,Stamet Merauke,Stageof Angkasa,30-Apr-2026,Updated,,,,,
5,Stamet Timika,Stageof Nabire,ON,ON,ON,ON,ON,ON,ON,ON,ON,ON,ON,ON,ON,ON,ON,ON,ON,ON,ON,ON,ON,ON,ON,ON,ON,ON,ON,ON,ON,ON,,100.0%,,,,,,,,,,,Lightning Detector,Stamet Timika,Stageof Nabire,100%,,,,,,,,,Stamet Timika,Stageof Nabire,30-Apr-2026,Updated,,,,,
6,Stageof Nabire,,ON,ON,ON,ON,ON,ON,ON,ON,ON,ON,ON,ON,ON,ON,ON,ON,ON,ON,ON,ON,ON,ON,ON,ON,ON,ON,ON,ON,ON,ON,,100.0%,,,,,,,,,,,Lightning Detector,Stageof Nabire,Stageof Nabire,100%,,,,,,,,,Stageof Nabire,Stageof Nabire,30-Apr-2026,Updated,,,,,
7,Stageof Sorong,Stageof Sorong,ON,ON,ON,ON,ON,ON,ON,ON,ON,ON,ON,ON,ON,ON,ON,ON,OFF,ON,ON,ON,ON,ON,OFF,OFF,ON,ON,ON,ON,ON,ON,,90.0%,,,,,,,,,,,Lightning Detector,Stageof Sorong,Stageof Sorong,90%,,,,,,,,,Stageof Sorong,Stageof Sorong,30-Apr-2026,Updated,,,,,
TOTAL PERSENTASI BULANAN,,,,,,,,,,,,,,,,,,,,,,,,,,,,,,,,,,98.6%,,,,,,,,,,,,,,,,,,,,,,,,,,,,,,,
,,,,,,,,,,,,,,,,,,,,,,,,,,,,,,,,,,,,,,,,,,,,,,,,,,,,,,,,,,,,,,,,,
OPERATIONAL LEVEL AGREEMENT ( OLA ) MONITORING DATA Lightning Detector,,,,,,,,,,,,,,,,,,,,,,,,,,,,,,,,,,,,,,,,,,,,,,,,,,,,,,,,,,,,,,,,,
BULAN APRIL 2026,,,,,,,,,,,,,,,,,,,,,,,,,,,,,,,,,,,,,,,,,,,,,,,,,,,,,,,,,,,,,,,,,
,,,,,,,,,,,,,,,,,,,,,,,,,,,,,,,,,,,,,,,,,,,,,,,,,,,,,,,,,,,,,,,,,
No,LOKASI LD,Stasiun / PIC,Status,,,,,,,,,,,,,,,,,,,,,,,,,,,,,,,Persentase Aktif (%),KETERANGAN / PERMASALAHAN / MITIGASI,,,,,,,,,,,,,,,,,,,,,,,,,,,,,,
,,,1,2,3,4,5,6,7,8,9,10,11,12,13,14,15,16,17,18,19,20,21,22,23,24,25,26,27,28,29,30,,,,,,,,,,,,,,,,,,,,,,,,,,,,,,,,,
1,Balai Besar MKG Wilayah V ,Stageof Angkasa,100%,100%,100%,100%,100%,100%,100%,100%,100%,100%,100%,100%,100%,100%,100%,100%,100%,100%,100%,100%,100%,100%,100%,100%,100%,100%,100%,100%,100%,100%,,100.0%,,,,,,,,,,,,,,,,,,,,,,,,,,,,,,,
2,Stageof Angkasa,,100%,100%,100%,100%,100%,100%,100%,100%,100%,100%,100%,100%,100%,100%,100%,100%,100%,100%,100%,100%,100%,100%,100%,100%,100%,100%,100%,100%,100%,100%,,100.0%,,,,,,,,,,,,,,,,,,,,,,,,,,,,,,,
3,Stamet Biak,,100%,100%,100%,100%,100%,100%,100%,100%,100%,100%,100%,100%,100%,100%,100%,100%,100%,100%,100%,100%,100%,100%,100%,100%,100%,100%,100%,100%,100%,100%,,100.0%,,,,,,,,,,,,,,,,,,,,,,,,,,,,,,,
4,Stamet Merauke,,100%,100%,100%,100%,100%,100%,100%,100%,100%,100%,100%,100%,100%,100%,100%,100%,100%,100%,100%,100%,100%,100%,100%,100%,100%,100%,100%,100%,100%,100%,,100.0%,,,,,,,,,,,,,,,,,,,,,,,,,,,,,,,
5,Stamet Timika,Stageof Nabire,100%,100%,100%,100%,100%,100%,100%,100%,100%,100%,100%,100%,100%,100%,100%,100%,100%,100%,100%,100%,100%,100%,100%,100%,100%,100%,100%,100%,100%,100%,,100.0%,,,,,,,,,,,,,,,,,,,,,,,,,,,,,,,
6,Stageof Nabire,,100%,100%,100%,100%,100%,100%,100%,100%,100%,100%,100%,100%,100%,100%,100%,100%,100%,100%,100%,100%,100%,100%,100%,100%,100%,100%,100%,100%,100%,100%,,100.0%,,,,,,,,,,,,,,,,,,,,,,,,,,,,,,,
7,Stageof Sorong,Stageof Sorong,100%,100%,100%,100%,100%,100%,100%,100%,100%,100%,100%,100%,100%,100%,100%,100%,0%,100%,100%,100%,100%,100%,0%,0%,100%,100%,100%,100%,100%,100%,,90.0%,,,,,,,,,,,,,,,,,,,,,,,,,,,,,,,
TOTAL PERSENTASE BULANAN ,,,,,,,,,,,,,,,,,,,,,,,,,,,,,,,,,,98.6%,,,,,,,,,,,,,,,,,,,,,,,,,,,,,,,
,,,,,,,,,,,,,,,,,,,,,,,,,,,,,,,,,,,,,,,,,,,,,,,,,,,,,,,,,,,,,,,,,
,,,,,,,,,,,,,,,,,,,,,,,,,,,,,,,,,,,,,,,,,,,,,,,,,,,,,,,,,,,,,,,,,
SERVICE LEVEL AGREEMENT ( SLA ) MONITORING DATA Lightning Detector,,,,,,,,,,,,,,,,,,,,,,,,,,,,,,,,,,,,,,,,,,,,,,,,,,,,,,,,,,,,,,,,,
BULAN MEI 2026,,,,,,,,,,,,,,,,,,,,,,,,,,,,,,,,,,,,,,,,,,,,,,,,,,,,,,,,,,,,,,,,,
,,,,,,,,,,,,,,,,,,,,,,,,,,,,,,,,,,,,,,,,,,,,,,,,,,,,,,,,,,,,,,,,,
No,LOKASI LD,Stasiun / PIC,Status,,,,,,,,,,,,,,,,,,,,,,,,,,,,,,,Persentase Aktif (%),KETERANGAN / PERMASALAHAN / MITIGASI,,Rekap Kondisi Alat,,,Status PIC Berdasarkan Kondisi Alat,,,,,Nama Alat,LOKASI LD,Stasiun / PIC,Persentase Aktif (%),KETERANGAN / PERMASALAHAN / MITIGASI,,PERALATAN PRIORITAS,,,,,,LAST UPDATED,,,,,LIST STASIUN BELUM UPDATE (Hingga 09-Oct-2026),,,
,,,1,2,3,4,5,6,7,8,9,10,11,12,13,14,15,16,17,18,19,20,21,22,23,24,25,26,27,28,29,30,31,,,,,,,,,,,,,,,,,,Nama Alat,Lokasi,PIC,Persentase Aktif (%),Keterangan,,Lokasi Alat,PIC,Terakhir Update,Status Update (Hingga 09-Oct-2026),,Lokasi Alat,PIC,Terakhir Update,Status Update
1,Balai Besar MKG Wilayah V ,Stageof Angkasa,ON,ON,ON,ON,ON,ON,ON,ON,ON,ON,ON,ON,ON,ON,ON,ON,ON,ON,ON,ON,ON,ON,ON,ON,ON,ON,ON,ON,ON,ON,ON,100.0%,,,🟢 Normal (100%),5,,PIC,Jumlah Site,Persentase,Status,,Lightning Detector,Balai Besar MKG Wilayah V ,Stageof Angkasa,100%,,,Lightning Detector,Stageof Sorong,Stageof Sorong,84%,,,Balai Besar MKG Wilayah V ,Stageof Angkasa,31-May-2026,Updated,,Tidak Ada,,,
2,Stageof Angkasa,,ON,ON,ON,ON,ON,ON,ON,ON,ON,ON,ON,ON,ON,ON,ON,ON,ON,ON,ON,ON,ON,ON,ON,ON,ON,ON,ON,ON,ON,ON,ON,100.0%,,,🟡 Gangguan (1-99%),2,,Stageof Angkasa,4,100%,🟢,,Lightning Detector,Stageof Angkasa,Stageof Angkasa,100%,,,,,,,,,Stageof Angkasa,Stageof Angkasa,31-May-2026,Updated,,,,,
3,Stamet Biak,,ON,ON,ON,ON,ON,ON,ON,ON,ON,ON,ON,ON,ON,ON,ON,ON,ON,ON,ON,ON,ON,ON,ON,ON,ON,ON,ON,ON,ON,ON,ON,100.0%,,,🔴 Tidak Beroperasi (0%),0,,Stageof Nabire,2,98%,🟢,,Lightning Detector,Stamet Biak,Stageof Angkasa,100%,,,,,,,,,Stamet Biak,Stageof Angkasa,31-May-2026,Updated,,,,,
4,Stamet Merauke,,ON,ON,ON,ON,ON,ON,ON,ON,ON,ON,ON,ON,ON,ON,ON,ON,ON,ON,ON,ON,ON,ON,ON,ON,ON,ON,ON,ON,ON,ON,ON,100.0%,,,,,,Stageof Sorong,1,84%,🟡,,Lightning Detector,Stamet Merauke,Stageof Angkasa,100%,,,,,,,,,Stamet Merauke,Stageof Angkasa,31-May-2026,Updated,,,,,
5,Stamet Timika,Stageof Nabire,ON,OFF,ON,ON,ON,ON,ON,ON,ON,ON,ON,ON,ON,ON,ON,ON,ON,ON,ON,ON,ON,ON,ON,ON,ON,ON,ON,ON,ON,ON,ON,96.8%,,,,,,,,,,,Lightning Detector,Stamet Timika,Stageof Nabire,97%,,,,,,,,,Stamet Timika,Stageof Nabire,31-May-2026,Updated,,,,,
6,Stageof Nabire,,ON,ON,ON,ON,ON,ON,ON,ON,ON,ON,ON,ON,ON,ON,ON,ON,ON,ON,ON,ON,ON,ON,ON,ON,ON,ON,ON,ON,ON,ON,ON,100.0%,,,,,,,,,,,Lightning Detector,Stageof Nabire,Stageof Nabire,100%,,,,,,,,,Stageof Nabire,Stageof Nabire,31-May-2026,Updated,,,,,
7,Stageof Sorong,Stageof Sorong,ON,ON,ON,ON,ON,ON,ON,ON,ON,ON,ON,OFF,ON,OFF,OFF,OFF,OFF,ON,ON,ON,ON,ON,ON,ON,ON,ON,ON,ON,ON,ON,ON,83.9%,,,,,,,,,,,Lightning Detector,Stageof Sorong,Stageof Sorong,84%,,,,,,,,,Stageof Sorong,Stageof Sorong,31-May-2026,Updated,,,,,
TOTAL PERSENTASI BULANAN,,,,,,,,,,,,,,,,,,,,,,,,,,,,,,,,,,97.2%,,,,,,,,,,,,,,,,,,,,,,,,,,,,,,,
,,,,,,,,,,,,,,,,,,,,,,,,,,,,,,,,,,,,,,,,,,,,,,,,,,,,,,,,,,,,,,,,,
OPERATIONAL LEVEL AGREEMENT ( OLA ) MONITORING DATA Lightning Detector,,,,,,,,,,,,,,,,,,,,,,,,,,,,,,,,,,,,,,,,,,,,,,,,,,,,,,,,,,,,,,,,,
BULAN MEI 2026,,,,,,,,,,,,,,,,,,,,,,,,,,,,,,,,,,,,,,,,,,,,,,,,,,,,,,,,,,,,,,,,,
,,,,,,,,,,,,,,,,,,,,,,,,,,,,,,,,,,,,,,,,,,,,,,,,,,,,,,,,,,,,,,,,,
No,LOKASI LD,Stasiun / PIC,Status,,,,,,,,,,,,,,,,,,,,,,,,,,,,,,,Persentase Aktif (%),KETERANGAN / PERMASALAHAN / MITIGASI,,,,,,,,,,,,,,,,,,,,,,,,,,,,,,
,,,1,2,3,4,5,6,7,8,9,10,11,12,13,14,15,16,17,18,19,20,21,22,23,24,25,26,27,28,29,30,31,,,,,,,,,,,,,,,,,,,,,,,,,,,,,,,,
1,Balai Besar MKG Wilayah V ,Stageof Angkasa,100%,100%,100%,100%,100%,100%,100%,100%,100%,100%,100%,100%,100%,100%,100%,100%,100%,100%,100%,100%,100%,100%,100%,100%,100%,100%,100%,100%,100%,100%,100%,100%,,,,,,,,,,,,,,,,,,,,,,,,,,,,,,,
2,Stageof Angkasa,,100%,100%,100%,100%,100%,100%,100%,100%,100%,100%,100%,100%,100%,100%,100%,100%,100%,100%,100%,100%,100%,100%,100%,100%,100%,100%,100%,100%,100%,100%,100%,100.0%,,,,,,,,,,,,,,,,,,,,,,,,,,,,,,,
3,Stamet Biak,,100%,100%,100%,100%,100%,100%,100%,100%,100%,100%,100%,100%,100%,100%,100%,100%,100%,100%,100%,100%,100%,100%,100%,100%,100%,100%,100%,100%,100%,100%,100%,100.0%,,,,,,,,,,,,,,,,,,,,,,,,,,,,,,,
4,Stamet Merauke,,100%,0%,100%,100%,100%,100%,100%,100%,100%,100%,100%,100%,100%,100%,100%,100%,100%,100%,100%,100%,100%,100%,100%,100%,100%,100%,100%,100%,100%,100%,100%,96.8%,,,,,,,,,,,,,,,,,,,,,,,,,,,,,,,
5,Stamet Timika,Stageof Nabire,100%,100%,100%,100%,100%,100%,100%,100%,100%,100%,100%,100%,100%,100%,100%,100%,100%,100%,100%,100%,100%,100%,100%,100%,100%,100%,100%,100%,100%,100%,100%,100.0%,,,,,,,,,,,,,,,,,,,,,,,,,,,,,,,
6,Stageof Nabire,,100%,100%,100%,100%,100%,100%,100%,100%,100%,100%,100%,100%,100%,100%,100%,100%,100%,100%,100%,100%,100%,100%,100%,100%,100%,100%,100%,100%,100%,100%,100%,100.0%,,,,,,,,,,,,,,,,,,,,,,,,,,,,,,,
7,Stageof Sorong,Stageof Sorong,100%,100%,100%,100%,100%,100%,100%,100%,100%,100%,100%,0%,100%,0%,0%,0%,0%,100%,100%,100%,100%,100%,100%,100%,100%,100%,100%,100%,100%,100%,100%,83.9%,,,,,,,,,,,,,,,,,,,,,,,,,,,,,,,
TOTAL PERSENTASE BULANAN ,,,,,,,,,,,,,,,,,,,,,,,,,,,,,,,,,,97%,,,,,,,,,,,,,,,,,,,,,,,,,,,,,,,
,,,,,,,,,,,,,,,,,,,,,,,,,,,,,,,,,,,,,,,,,,,,,,,,,,,,,,,,,,,,,,,,,
,,,,,,,,,,,,,,,,,,,,,,,,,,,,,,,,,,,,,,,,,,,,,,,,,,,,,,,,,,,,,,,,,
SERVICE LEVEL AGREEMENT ( SLA ) MONITORING DATA Lightning Detector,,,,,,,,,,,,,,,,,,,,,,,,,,,,,,,,,,,,,,,,,,,,,,,,,,,,,,,,,,,,,,,,,
BULAN JUNI 2026,,,,,,,,,,,,,,,,,,,,,,,,,,,,,,,,,,,,,,,,,,,,,,,,,,,,,,,,,,,,,,,,,
,,,,,,,,,,,,,,,,,,,,,,,,,,,,,,,,,,,,,,,,,,,,,,,,,,,,,,,,,,,,,,,,,
No,LOKASI LD,Stasiun / PIC,Status,,,,,,,,,,,,,,,,,,,,,,,,,,,,,,,Persentase Aktif (%),KETERANGAN / PERMASALAHAN / MITIGASI,,Rekap Kondisi Alat,,,Status PIC Berdasarkan Kondisi Alat,,,,,Nama Alat,LOKASI LD,Stasiun / PIC,Persentase Aktif (%),KETERANGAN / PERMASALAHAN / MITIGASI,,PERALATAN PRIORITAS PERBAIKAN,,,,,,LAST UPDATED,,,,,LIST STASIUN BELUM UPDATE (Hingga 09-Oct-2026),,,
,,,1,2,3,4,5,6,7,8,9,10,11,12,13,14,15,16,17,18,19,20,21,22,23,24,25,26,27,28,29,30,,,,,,,,,,,,,,,,,,,Nama Alat,Lokasi,PIC,Persentase Aktif (%),Keterangan,,Lokasi Alat,PIC,Terakhir Update,Status Update (Hingga 09-Oct-2026),,Lokasi Alat,PIC,Terakhir Update,Status Update
1,Balai Besar MKG Wilayah V ,Stageof Angkasa,ON,ON,ON,ON,ON,ON,ON,ON,ON,ON,ON,ON,ON,ON,ON,ON,ON,ON,ON,ON,ON,ON,ON,ON,ON,ON,ON,ON,ON,ON,,100.0%,,,🟢 Normal (100%),6,,PIC,Jumlah Site,Persentase,Status,,Lightning Detector,Balai Besar MKG Wilayah V ,Stageof Angkasa,100%,,,Lightning Detector,Stageof Sorong,Stageof Sorong,87%,,,Balai Besar MKG Wilayah V ,Stageof Angkasa,30-Jun-2026,No Update,,Balai Besar MKG Wilayah V ,Stageof Angkasa,30-Jun-2026,No Update
2,Stageof Angkasa,,ON,ON,ON,ON,ON,ON,ON,ON,ON,ON,ON,ON,ON,ON,ON,ON,ON,ON,ON,ON,ON,ON,ON,ON,ON,ON,ON,ON,ON,ON,,100.0%,,,🟡 Gangguan (1-99%),1,,Stageof Angkasa,4,100%,🟢,,Lightning Detector,Stageof Angkasa,Stageof Angkasa,100%,,,,,,,,,Stageof Angkasa,Stageof Angkasa,30-Jun-2026,No Update,,Stageof Angkasa,Stageof Angkasa,30-Jun-2026,No Update
3,Stamet Biak,,ON,ON,ON,ON,ON,ON,ON,ON,ON,ON,ON,ON,ON,ON,ON,ON,ON,ON,ON,ON,ON,ON,ON,ON,ON,ON,ON,ON,ON,ON,,100.0%,,,🔴 Tidak Beroperasi (0%),0,,Stageof Nabire,2,100%,🟢,,Lightning Detector,Stamet Biak,Stageof Angkasa,100%,,,,,,,,,Stamet Biak,Stageof Angkasa,30-Jun-2026,No Update,,Stamet Biak,Stageof Angkasa,30-Jun-2026,No Update
4,Stamet Merauke,,ON,ON,ON,ON,ON,ON,ON,ON,ON,ON,ON,ON,ON,ON,ON,ON,ON,ON,ON,ON,ON,ON,ON,ON,ON,ON,ON,ON,ON,ON,,100.0%,,,,,,Stageof Sorong,1,87%,🟡,,Lightning Detector,Stamet Merauke,Stageof Angkasa,100%,,,,,,,,,Stamet Merauke,Stageof Angkasa,30-Jun-2026,No Update,,Stamet Merauke,Stageof Angkasa,30-Jun-2026,No Update
5,Stamet Timika,Stageof Nabire,ON,ON,ON,ON,ON,ON,ON,ON,ON,ON,ON,ON,ON,ON,ON,ON,ON,ON,ON,ON,ON,ON,ON,ON,ON,ON,ON,ON,ON,ON,,100.0%,,,,,,,,,,,Lightning Detector,Stamet Timika,Stageof Nabire,100%,,,,,,,,,Stamet Timika,Stageof Nabire,30-Jun-2026,No Update,,Stamet Timika,Stageof Nabire,30-Jun-2026,No Update
6,Stageof Nabire,,ON,ON,ON,ON,ON,ON,ON,ON,ON,ON,ON,ON,ON,ON,ON,ON,ON,ON,ON,ON,ON,ON,ON,ON,ON,ON,ON,ON,ON,ON,,100.0%,,,,,,,,,,,Lightning Detector,Stageof Nabire,Stageof Nabire,100%,,,,,,,,,Stageof Nabire,Stageof Nabire,30-Jun-2026,No Update,,Stageof Nabire,Stageof Nabire,30-Jun-2026,No Update
7,Stageof Sorong,Stageof Sorong,ON,ON,ON,ON,ON,ON,ON,OFF,OFF,OFF,OFF,ON,ON,ON,ON,ON,ON,ON,ON,ON,ON,ON,ON,ON,ON,ON,ON,ON,ON,ON,,86.7%,,,,,,,,,,,Lightning Detector,Stageof Sorong,Stageof Sorong,87%,,,,,,,,,Stageof Sorong,Stageof Sorong,30-Jun-2026,No Update,,Stageof Sorong,Stageof Sorong,30-Jun-2026,No Update
TOTAL PERSENTASI BULANAN,,,,,,,,,,,,,,,,,,,,,,,,,,,,,,,,,,98.1%,,,,,,,,,,,,,,,,,,,,,,,,,,,,,,,
,,,,,,,,,,,,,,,,,,,,,,,,,,,,,,,,,,,,,,,,,,,,,,,,,,,,,,,,,,,,,,,,,
OPERATIONAL LEVEL AGREEMENT ( OLA ) MONITORING DATA Lightning Detector,,,,,,,,,,,,,,,,,,,,,,,,,,,,,,,,,,,,,,,,,,,,,,,,,,,,,,,,,,,,,,,,,
BULAN JUNI 2026,,,,,,,,,,,,,,,,,,,,,,,,,,,,,,,,,,,,,,,,,,,,,,,,,,,,,,,,,,,,,,,,,
,,,,,,,,,,,,,,,,,,,,,,,,,,,,,,,,,,,,,,,,,,,,,,,,,,,,,,,,,,,,,,,,,
No,LOKASI LD,Stasiun / PIC,Status,,,,,,,,,,,,,,,,,,,,,,,,,,,,,,,Persentase Aktif (%),KETERANGAN / PERMASALAHAN / MITIGASI,,,,,,,,,,,,,,,,,,,,,,,,,,,,,,
,,,1,2,3,4,5,6,7,8,9,10,11,12,13,14,15,16,17,18,19,20,21,22,23,24,25,26,27,28,29,30,,,,,,,,,,,,,,,,,,,,,,,,,,,,,,,,,
1,Balai Besar MKG Wilayah V ,Stageof Angkasa,100%,100%,100%,100%,100%,100%,100%,100%,100%,100%,100%,100%,100%,100%,100%,100%,100%,100%,100%,100%,100%,100%,100%,100%,100%,100%,100%,100%,100%,100%,,100.0%,,,,,,,,,,,,,,,,,,,,,,,,,,,,,,,
2,Stageof Angkasa,,100%,100%,100%,100%,100%,100%,100%,100%,100%,100%,100%,100%,100%,100%,100%,100%,100%,100%,100%,100%,100%,100%,100%,100%,100%,100%,100%,100%,100%,100%,,100.0%,,,,,,,,,,,,,,,,,,,,,,,,,,,,,,,
3,Stamet Biak,,100%,100%,100%,100%,100%,100%,100%,100%,100%,100%,100%,100%,100%,100%,100%,100%,100%,100%,100%,100%,100%,100%,100%,100%,100%,100%,100%,100%,100%,100%,,100.0%,,,,,,,,,,,,,,,,,,,,,,,,,,,,,,,
4,Stamet Merauke,,100%,100%,100%,100%,100%,100%,100%,100%,100%,100%,100%,100%,100%,100%,100%,100%,100%,100%,100%,100%,100%,100%,100%,100%,100%,100%,100%,100%,100%,100%,,100.0%,,,,,,,,,,,,,,,,,,,,,,,,,,,,,,,
5,Stamet Timika,Stageof Nabire,100%,100%,100%,100%,100%,100%,100%,100%,100%,100%,100%,100%,100%,100%,100%,100%,100%,100%,100%,100%,100%,100%,100%,100%,100%,100%,100%,100%,100%,100%,,100.0%,,,,,,,,,,,,,,,,,,,,,,,,,,,,,,,
6,Stageof Nabire,,100%,100%,100%,100%,100%,100%,100%,100%,100%,100%,100%,100%,100%,100%,100%,100%,100%,100%,100%,100%,100%,100%,100%,100%,100%,100%,100%,100%,100%,100%,,100.0%,,,,,,,,,,,,,,,,,,,,,,,,,,,,,,,
7,Stageof Sorong,Stageof Sorong,100%,100%,100%,100%,100%,100%,100%,0%,0%,0%,0%,100%,100%,100%,100%,100%,100%,100%,100%,100%,100%,100%,100%,100%,100%,100%,100%,100%,100%,100%,,86.7%,,,,,,,,,,,,,,,,,,,,,,,,,,,,,,,
TOTAL PERSENTASE BULANAN ,,,,,,,,,,,,,,,,,,,,,,,,,,,,,,,,,,98.1%,,,,,,,,,,,,,,,,,,,,,,,,,,,,,,,
,,,,,,,,,,,,,,,,,,,,,,,,,,,,,,,,,,,,,,,,,,,,,,,,,,,,,,,,,,,,,,,,,
,,,,,,,,,,,,,,,,,,,,,,,,,,,,,,,,,,,,,,,,,,,,,,,,,,,,,,,,,,,,,,,,,
SERVICE LEVEL AGREEMENT ( SLA ) MONITORING DATA Lightning Detector,,,,,,,,,,,,,,,,,,,,,,,,,,,,,,,,,,,,,,,,,,,,,,,,,,,,,,,,,,,,,,,,,
BULAN JULI 2026,,,,,,,,,,,,,,,,,,,,,,,,,,,,,,,,,,,,,,,,,,,,,,,,,,,,,,,,,,,,,,,,,
,,,,,,,,,,,,,,,,,,,,,,,,,,,,,,,,,,,,,,,,,,,,,,,,,,,,,,,,,,,,,,,,,
No,LOKASI LD,Stasiun / PIC,Status,,,,,,,,,,,,,,,,,,,,,,,,,,,,,,,Persentase Aktif (%),KETERANGAN / PERMASALAHAN / MITIGASI,,Rekap Kondisi Alat,,,Status PIC Berdasarkan Kondisi Alat,,,,,Nama Alat,LOKASI LD,Stasiun / PIC,Persentase Aktif (%),KETERANGAN / PERMASALAHAN / MITIGASI,,PERALATAN PRIORITAS,,,,,,LAST UPDATED,,,,,LIST STASIUN BELUM UPDATE (Hingga 09-Oct-2026),,,
,,,1,2,3,4,5,6,7,8,9,10,11,12,13,14,15,16,17,18,19,20,21,22,23,24,25,26,27,28,29,30,31,,,,,,,,,,,,,,,,,,Nama Alat,Lokasi,PIC,Persentase Aktif (%),Keterangan,,Lokasi Alat,PIC,Terakhir Update,Status Update (Hingga 09-Oct-2026),,Lokasi Alat,PIC,Terakhir Update,Status Update
1,Balai Besar MKG Wilayah V ,Stageof Angkasa,ON,ON,ON,ON,ON,ON,ON,ON,ON,ON,ON,ON,ON,ON,ON,ON,ON,ON,ON,ON,ON,ON,ON,ON,ON,ON,ON,ON,ON,ON,ON,100.0%,,,🟢 Normal (100%),5,,PIC,Jumlah Site,Persentase,Status,,Lightning Detector,Balai Besar MKG Wilayah V ,Stageof Angkasa,100%,,,Lightning Detector,Stamet Timika,Stageof Nabire,90%,,,Balai Besar MKG Wilayah V ,Stageof Angkasa,31-Jul-2026,No Update,,Balai Besar MKG Wilayah V ,Stageof Angkasa,31-Jul-2026,No Update
2,Stageof Angkasa,,ON,ON,ON,ON,ON,ON,ON,ON,ON,ON,ON,ON,ON,ON,ON,ON,ON,ON,ON,ON,ON,ON,ON,ON,ON,ON,ON,ON,ON,ON,ON,100.0%,,,🟡 Gangguan (1-99%),2,,Stageof Angkasa,4,100%,🟢,,Lightning Detector,Stageof Angkasa,Stageof Angkasa,100%,,,Lightning Detector,Stageof Nabire,Stageof Nabire,84%,"Pemeliharaan Kantor, PC LD dimatikan",,Stageof Angkasa,Stageof Angkasa,No Data,No Update,,Stageof Angkasa,Stageof Angkasa,No Data,No Update
3,Stamet Biak,,ON,ON,ON,ON,ON,ON,ON,ON,ON,ON,ON,ON,ON,ON,ON,ON,ON,ON,ON,ON,ON,ON,ON,ON,ON,ON,ON,ON,ON,ON,ON,100.0%,,,🔴 Tidak Beroperasi (0%),0,,Stageof Nabire,2,87%,🟡,,Lightning Detector,Stamet Biak,Stageof Angkasa,100%,,,,,,,,,Stamet Biak,Stageof Angkasa,No Data,No Update,,Stamet Biak,Stageof Angkasa,No Data,No Update
4,Stamet Merauke,,ON,ON,ON,ON,ON,ON,ON,ON,ON,ON,ON,ON,ON,ON,ON,ON,ON,ON,ON,ON,ON,ON,ON,ON,ON,ON,ON,ON,ON,ON,ON,100.0%,,,,,,Stageof Sorong,1,100%,🟢,,Lightning Detector,Stamet Merauke,Stageof Angkasa,100%,,,,,,,,,Stamet Merauke,Stageof Angkasa,No Data,No Update,,Stamet Merauke,Stageof Angkasa,No Data,No Update
5,Stamet Timika,Stageof Nabire,ON,ON,ON,ON,ON,ON,ON,ON,ON,ON,ON,ON,ON,ON,OFF,OFF,OFF,ON,ON,ON,ON,ON,ON,ON,ON,ON,ON,ON,ON,ON,ON,90.3%,,,,,,,,,,,Lightning Detector,Stamet Timika,Stageof Nabire,90%,,,,,,,,,Stamet Timika,Stageof Nabire,No Data,No Update,,Stamet Timika,Stageof Nabire,No Data,No Update
6,Stageof Nabire,,ON,ON,ON,ON,ON,ON,ON,ON,ON,ON,ON,ON,ON,ON,ON,ON,ON,ON,ON,ON,ON,ON,ON,OFF,OFF,OFF,OFF,OFF,ON,ON,ON,83.9%,"Pemeliharaan Kantor, PC LD dimatikan",,,,,,,,,,Lightning Detector,Stageof Nabire,Stageof Nabire,84%,"Pemeliharaan Kantor, PC LD dimatikan",,,,,,,,Stageof Nabire,Stageof Nabire,No Data,No Update,,Stageof Nabire,Stageof Nabire,No Data,No Update
7,Stageof Sorong,Stageof Sorong,ON,ON,ON,ON,ON,ON,ON,ON,ON,ON,ON,ON,ON,ON,ON,ON,ON,ON,ON,ON,ON,ON,ON,ON,ON,ON,ON,ON,ON,ON,ON,100.0%,,,,,,,,,,,Lightning Detector,Stageof Sorong,Stageof Sorong,100%,,,,,,,,,Stageof Sorong,Stageof Sorong,No Data,No Update,,Stageof Sorong,Stageof Sorong,No Data,No Update
TOTAL PERSENTASI BULANAN,,,,,,,,,,,,,,,,,,,,,,,,,,,,,,,,,,96.3%,,,,,,,,,,,,,,,,,,,,,,,,,,,,,,,
,,,,,,,,,,,,,,,,,,,,,,,,,,,,,,,,,,,,,,,,,,,,,,,,,,,,,,,,,,,,,,,,,
OPERATIONAL LEVEL AGREEMENT ( OLA ) MONITORING DATA Lightning Detector,,,,,,,,,,,,,,,,,,,,,,,,,,,,,,,,,,,,,,,,,,,,,,,,,,,,,,,,,,,,,,,,,
BULAN JULI 2026,,,,,,,,,,,,,,,,,,,,,,,,,,,,,,,,,,,,,,,,,,,,,,,,,,,,,,,,,,,,,,,,,
,,,,,,,,,,,,,,,,,,,,,,,,,,,,,,,,,,,,,,,,,,,,,,,,,,,,,,,,,,,,,,,,,
No,LOKASI LD,Stasiun / PIC,Status,,,,,,,,,,,,,,,,,,,,,,,,,,,,,,,Persentase Aktif (%),KETERANGAN / PERMASALAHAN / MITIGASI,,,,,,,,,,,,,,,,,,,,,,,,,,,,,,
,,,1,2,3,4,5,6,7,8,9,10,11,12,13,14,15,16,17,18,19,20,21,22,23,24,25,26,27,28,29,30,31,,,,,,,,,,,,,,,,,,,,,,,,,,,,,,,,
1,Balai Besar MKG Wilayah V ,Stageof Angkasa,100%,100%,100%,100%,100%,100%,100%,100%,100%,100%,100%,100%,100%,100%,100%,100%,100%,100%,100%,100%,100%,100%,100%,100%,100%,100%,100%,100%,100%,100%,100%,100.0%,,,,,,,,,,,,,,,,,,,,,,,,,,,,,,,
2,Stageof Angkasa,,100%,100%,100%,100%,100%,100%,100%,100%,100%,100%,100%,100%,100%,100%,100%,100%,100%,100%,100%,100%,100%,100%,100%,100%,100%,100%,100%,100%,100%,100%,100%,100.0%,,,,,,,,,,,,,,,,,,,,,,,,,,,,,,,
3,Stamet Biak,,100%,100%,100%,100%,100%,100%,100%,100%,100%,100%,100%,100%,100%,100%,100%,100%,100%,100%,100%,100%,100%,100%,100%,100%,100%,100%,100%,100%,100%,100%,100%,100.0%,,,,,,,,,,,,,,,,,,,,,,,,,,,,,,,
4,Stamet Merauke,,100%,100%,100%,100%,100%,100%,100%,100%,100%,100%,100%,100%,100%,100%,0%,0%,0%,100%,100%,100%,100%,100%,100%,100%,100%,100%,100%,100%,100%,100%,100%,90.3%,,,,,,,,,,,,,,,,,,,,,,,,,,,,,,,
5,Stamet Timika,Stageof Nabire,100%,100%,100%,100%,100%,100%,100%,100%,100%,100%,100%,100%,100%,100%,100%,100%,100%,100%,100%,100%,100%,100%,100%,100%,100%,100%,100%,100%,100%,100%,100%,100.0%,,,,,,,,,,,,,,,,,,,,,,,,,,,,,,,
6,Stageof Nabire,,100%,100%,100%,100%,100%,100%,100%,100%,100%,100%,100%,100%,100%,100%,100%,100%,100%,100%,100%,100%,100%,100%,100%,0%,0%,0%,0%,0%,100%,100%,100%,83.9%,"Pemeliharaan Kantor, PC LD dimatikan",,,,,,,,,,,,,,,,,,,,,,,,,,,,,,
7,Stageof Sorong,Stageof Sorong,100%,100%,100%,100%,100%,100%,100%,100%,100%,100%,100%,100%,100%,100%,100%,100%,100%,100%,100%,100%,100%,100%,100%,100%,100%,100%,100%,100%,100%,100%,100%,100.0%,,,,,,,,,,,,,,,,,,,,,,,,,,,,,,,
TOTAL PERSENTASE BULANAN ,,,,,,,,,,,,,,,,,,,,,,,,,,,,,,,,,,96.3%,,,,,,,,,,,,,,,,,,,,,,,,,,,,,,,
,,,,,,,,,,,,,,,,,,,,,,,,,,,,,,,,,,,,,,,,,,,,,,,,,,,,,,,,,,,,,,,,,
,,,,,,,,,,,,,,,,,,,,,,,,,,,,,,,,,,,,,,,,,,,,,,,,,,,,,,,,,,,,,,,,,
SERVICE LEVEL AGREEMENT ( SLA ) MONITORING DATA Lightning Detector,,,,,,,,,,,,,,,,,,,,,,,,,,,,,,,,,,,,,,,,,,,,,,,,,,,,,,,,,,,,,,,,,
BULAN AGUSTUS 2026,,,,,,,,,,,,,,,,,,,,,,,,,,,,,,,,,,,,,,,,,,,,,,,,,,,,,,,,,,,,,,,,,
,,,,,,,,,,,,,,,,,,,,,,,,,,,,,,,,,,,,,,,,,,,,,,,,,,,,,,,,,,,,,,,,,
No,LOKASI LD,Stasiun / PIC,Status,,,,,,,,,,,,,,,,,,,,,,,,,,,,,,,Persentase Aktif (%),KETERANGAN / PERMASALAHAN / MITIGASI,,Rekap Kondisi Alat,,,Status PIC Berdasarkan Kondisi Alat,,,,,Nama Alat,LOKASI LD,Stasiun / PIC,Persentase Aktif (%),KETERANGAN / PERMASALAHAN / MITIGASI,,PERALATAN PRIORITAS,,,,,,LAST UPDATED,,,,,LIST STASIUN BELUM UPDATE (Hingga 09-Oct-2026),,,
,,,1,2,3,4,5,6,7,8,9,10,11,12,13,14,15,16,17,18,19,20,21,22,23,24,25,26,27,28,29,30,31,,,,,,,,,,,,,,,,,,Nama Alat,Lokasi,PIC,Persentase Aktif (%),Keterangan,,Lokasi Alat,PIC,Terakhir Update,Status Update (Hingga 09-Oct-2026),,Lokasi Alat,PIC,Terakhir Update,Status Update
1,Balai Besar MKG Wilayah V ,Stageof Angkasa,ON,ON,ON,ON,ON,ON,ON,ON,ON,ON,ON,ON,ON,ON,ON,ON,ON,ON,ON,ON,ON,ON,ON,ON,ON,ON,ON,ON,ON,ON,ON,100.0%,,,🟢 Normal (100%),6,,PIC,Jumlah Site,Persentase,Status,,Lightning Detector,Balai Besar MKG Wilayah V ,Stageof Angkasa,100%,,,Tidak Ada,,,,,,Balai Besar MKG Wilayah V ,Stageof Angkasa,31-Aug-2026,Updated,,Tidak Ada,,,
2,Stageof Angkasa,,ON,ON,ON,ON,ON,ON,ON,ON,ON,ON,ON,ON,ON,ON,ON,ON,ON,ON,ON,ON,ON,ON,ON,ON,ON,ON,ON,ON,ON,ON,ON,100.0%,,,🟡 Gangguan (1-99%),1,,Stageof Angkasa,4,100%,🟢,,Lightning Detector,Stageof Angkasa,Stageof Angkasa,100%,,,,,,,,,Stageof Angkasa,Stageof Angkasa,31-Aug-2026,Updated,,,,,
3,Stamet Biak,,ON,ON,ON,ON,ON,ON,ON,ON,ON,ON,ON,ON,ON,ON,ON,ON,ON,ON,ON,ON,ON,ON,ON,ON,ON,ON,ON,ON,ON,ON,ON,100.0%,,,🔴 Tidak Beroperasi (0%),0,,Stageof Nabire,2,100%,🟢,,Lightning Detector,Stamet Biak,Stageof Angkasa,100%,,,,,,,,,Stamet Biak,Stageof Angkasa,31-Aug-2026,Updated,,,,,
4,Stamet Merauke,,ON,ON,ON,ON,ON,ON,ON,ON,ON,ON,ON,ON,ON,ON,ON,ON,ON,ON,ON,ON,ON,ON,ON,ON,ON,ON,ON,ON,ON,ON,ON,100.0%,,,,,,Stageof Sorong,1,97%,🟡,,Lightning Detector,Stamet Merauke,Stageof Angkasa,100%,,,,,,,,,Stamet Merauke,Stageof Angkasa,31-Aug-2026,Updated,,,,,
5,Stamet Timika,Stageof Nabire,ON,ON,ON,ON,ON,ON,ON,ON,ON,ON,ON,ON,ON,ON,ON,ON,ON,ON,ON,ON,ON,ON,ON,ON,ON,ON,ON,ON,ON,ON,ON,100.0%,,,,,,,,,,,Lightning Detector,Stamet Timika,Stageof Nabire,100%,,,,,,,,,Stamet Timika,Stageof Nabire,31-Aug-2026,Updated,,,,,
6,Stageof Nabire,,ON,ON,ON,ON,ON,ON,ON,ON,ON,ON,ON,ON,ON,ON,ON,ON,ON,ON,ON,ON,ON,ON,ON,ON,ON,ON,ON,ON,ON,ON,ON,100.0%,,,,,,,,,,,Lightning Detector,Stageof Nabire,Stageof Nabire,100%,,,,,,,,,Stageof Nabire,Stageof Nabire,31-Aug-2026,Updated,,,,,
7,Stageof Sorong,Stageof Sorong,OFF,ON,ON,ON,ON,ON,ON,ON,ON,ON,ON,ON,ON,ON,ON,ON,ON,ON,ON,ON,ON,ON,ON,ON,ON,ON,ON,ON,ON,ON,ON,96.8%,,,,,,,,,,,Lightning Detector,Stageof Sorong,Stageof Sorong,97%,,,,,,,,,Stageof Sorong,Stageof Sorong,31-Aug-2026,Updated,,,,,
TOTAL PERSENTASI BULANAN,,,,,,,,,,,,,,,,,,,,,,,,,,,,,,,,,,99.5%,,,,,,,,,,,,,,,,,,,,,,,,,,,,,,,
,,,,,,,,,,,,,,,,,,,,,,,,,,,,,,,,,,,,,,,,,,,,,,,,,,,,,,,,,,,,,,,,,
OPERATIONAL LEVEL AGREEMENT ( OLA ) MONITORING DATA Lightning Detector,,,,,,,,,,,,,,,,,,,,,,,,,,,,,,,,,,,,,,,,,,,,,,,,,,,,,,,,,,,,,,,,,
BULAN AGUSTUS 2026,,,,,,,,,,,,,,,,,,,,,,,,,,,,,,,,,,,,,,,,,,,,,,,,,,,,,,,,,,,,,,,,,
,,,,,,,,,,,,,,,,,,,,,,,,,,,,,,,,,,,,,,,,,,,,,,,,,,,,,,,,,,,,,,,,,
No,LOKASI LD,Stasiun / PIC,Status,,,,,,,,,,,,,,,,,,,,,,,,,,,,,,,Persentase Aktif (%),KETERANGAN / PERMASALAHAN / MITIGASI,,,,,,,,,,,,,,,,,,,,,,,,,,,,,,
,,,1,2,3,4,5,6,7,8,9,10,11,12,13,14,15,16,17,18,19,20,21,22,23,24,25,26,27,28,29,30,31,,,,,,,,,,,,,,,,,,,,,,,,,,,,,,,,
1,Balai Besar MKG Wilayah V ,Stageof Angkasa,100%,100%,100%,100%,100%,100%,100%,100%,100%,100%,100%,100%,100%,100%,100%,100%,100%,100%,100%,100%,100%,100%,100%,100%,100%,100%,100%,100%,100%,100%,100%,100.0%,,,,,,,,,,,,,,,,,,,,,,,,,,,,,,,
2,Stageof Angkasa,,100%,100%,100%,100%,100%,100%,100%,100%,100%,100%,100%,100%,100%,100%,100%,100%,100%,100%,100%,100%,100%,100%,100%,100%,100%,100%,100%,100%,100%,100%,100%,100.0%,,,,,,,,,,,,,,,,,,,,,,,,,,,,,,,
3,Stamet Biak,,100%,100%,100%,100%,100%,100%,100%,100%,100%,100%,100%,100%,100%,100%,100%,100%,100%,100%,100%,100%,100%,100%,100%,100%,100%,100%,100%,100%,100%,100%,100%,100.0%,,,,,,,,,,,,,,,,,,,,,,,,,,,,,,,
4,Stamet Merauke,,100%,100%,100%,100%,100%,100%,100%,100%,100%,100%,100%,100%,100%,100%,100%,100%,100%,100%,100%,100%,100%,100%,100%,100%,100%,100%,100%,100%,100%,100%,100%,100.0%,,,,,,,,,,,,,,,,,,,,,,,,,,,,,,,
5,Stamet Timika,Stageof Nabire,100%,100%,100%,100%,100%,100%,100%,100%,100%,100%,100%,100%,100%,100%,100%,100%,100%,100%,100%,100%,100%,100%,100%,100%,100%,100%,100%,100%,100%,100%,100%,100.0%,,,,,,,,,,,,,,,,,,,,,,,,,,,,,,,
6,Stageof Nabire,,100%,100%,100%,100%,100%,100%,100%,100%,100%,100%,100%,100%,100%,100%,100%,100%,100%,100%,100%,100%,100%,100%,100%,100%,100%,100%,100%,100%,100%,100%,100%,100.0%,,,,,,,,,,,,,,,,,,,,,,,,,,,,,,,
7,Stageof Sorong,Stageof Sorong,0%,100%,100%,100%,100%,100%,100%,100%,100%,100%,100%,100%,100%,100%,100%,100%,100%,100%,100%,100%,100%,100%,100%,100%,100%,100%,100%,100%,100%,100%,100%,96.8%,,,,,,,,,,,,,,,,,,,,,,,,,,,,,,,
TOTAL PERSENTASE BULANAN ,,,,,,,,,,,,,,,,,,,,,,,,,,,,,,,,,,99.5%,,,,,,,,,,,,,,,,,,,,,,,,,,,,,,,
,,,,,,,,,,,,,,,,,,,,,,,,,,,,,,,,,,,,,,,,,,,,,,,,,,,,,,,,,,,,,,,,,
,,,,,,,,,,,,,,,,,,,,,,,,,,,,,,,,,,,,,,,,,,,,,,,,,,,,,,,,,,,,,,,,,
SERVICE LEVEL AGREEMENT ( SLA ) MONITORING DATA Lightning Detector,,,,,,,,,,,,,,,,,,,,,,,,,,,,,,,,,,,,,,,,,,,,,,,,,,,,,,,,,,,,,,,,,
BULAN SEPTEMBER 2026,,,,,,,,,,,,,,,,,,,,,,,,,,,,,,,,,,,,,,,,,,,,,,,,,,,,,,,,,,,,,,,,,
,,,,,,,,,,,,,,,,,,,,,,,,,,,,,,,,,,,,,,,,,,,,,,,,,,,,,,,,,,,,,,,,,
No,LOKASI LD,Stasiun / PIC,Status,,,,,,,,,,,,,,,,,,,,,,,,,,,,,,,Persentase Aktif (%),KETERANGAN / PERMASALAHAN / MITIGASI,,Rekap Kondisi Alat,,,Status PIC Berdasarkan Kondisi Alat,,,,,Nama Alat,LOKASI LD,Stasiun / PIC,Persentase Aktif (%),KETERANGAN / PERMASALAHAN / MITIGASI,,PERALATAN PRIORITAS,,,,,,LAST UPDATED,,,,,LIST STASIUN BELUM UPDATE (Hingga 09-Oct-2026),,,
,,,1,2,3,4,5,6,7,8,9,10,11,12,13,14,15,16,17,18,19,20,21,22,23,24,25,26,27,28,29,30,,,,,,,,,,,,,,,,,,,Nama Alat,Lokasi,PIC,Persentase Aktif (%),Keterangan,,Lokasi Alat,PIC,Terakhir Update,Status Update (Hingga 09-Oct-2026),,Lokasi Alat,PIC,Terakhir Update,Status Update
1,Balai Besar MKG Wilayah V ,Stageof Angkasa,ON,ON,ON,ON,ON,ON,ON,ON,ON,ON,ON,ON,ON,ON,ON,ON,ON,ON,ON,ON,ON,ON,ON,ON,ON,ON,ON,ON,ON,ON,,100.0%,,,🟢 Normal (100%),4,,PIC,Jumlah Site,Persentase,Status,,Lightning Detector,Balai Besar MKG Wilayah V ,Stageof Angkasa,100%,,,Lightning Detector,Stamet Biak,Stageof Angkasa,87%,,,Balai Besar MKG Wilayah V ,Stageof Angkasa,30-Sep-2026,Updated,,Tidak Ada,,,
2,Stageof Angkasa,,ON,ON,ON,ON,ON,ON,ON,ON,ON,ON,ON,ON,ON,ON,ON,ON,ON,ON,ON,ON,ON,ON,ON,ON,ON,ON,ON,ON,ON,ON,,100.0%,,,🟡 Gangguan (1-99%),3,,Stageof Angkasa,4,94%,🟡,,Lightning Detector,Stageof Angkasa,Stageof Angkasa,100%,,,Lightning Detector,Stamet Merauke,Stageof Angkasa,90%,,,Stageof Angkasa,Stageof Angkasa,30-Sep-2026,Updated,,,,,
3,Stamet Biak,,ON,ON,ON,ON,ON,ON,ON,ON,ON,ON,ON,ON,ON,ON,OFF,OFF,OFF,OFF,ON,ON,ON,ON,ON,ON,ON,ON,ON,ON,ON,ON,,86.7%,,,🔴 Tidak Beroperasi (0%),0,,Stageof Nabire,2,62%,🔴,,Lightning Detector,Stamet Biak,Stageof Angkasa,87%,,,Lightning Detector,Stageof Nabire,Stageof Nabire,23%,"Indikasi sensor mengalami error, data yang dihasilkan noise tinggi. Sementara dinonaktifkan. Menunggu kiriman sucad",,Stamet Biak,Stageof Angkasa,30-Sep-2026,Updated,,,,,
4,Stamet Merauke,,ON,ON,ON,ON,ON,ON,ON,ON,ON,ON,ON,ON,ON,ON,ON,OFF,OFF,OFF,ON,ON,ON,ON,ON,ON,ON,ON,ON,ON,ON,ON,,90.0%,,,,,,Stageof Sorong,1,100%,🟢,,Lightning Detector,Stamet Merauke,Stageof Angkasa,90%,,,,,,,,,Stamet Merauke,Stageof Angkasa,30-Sep-2026,Updated,,,,,
5,Stamet Timika,Stageof Nabire,ON,ON,ON,ON,ON,ON,ON,ON,ON,ON,ON,ON,ON,ON,ON,ON,ON,ON,ON,ON,ON,ON,ON,ON,ON,ON,ON,ON,ON,ON,,100.0%,,,,,,,,,,,Lightning Detector,Stamet Timika,Stageof Nabire,100%,,,,,,,,,Stamet Timika,Stageof Nabire,30-Sep-2026,Updated,,,,,
6,Stageof Nabire,,ON,ON,ON,ON,ON,ON,ON,OFF,OFF,OFF,OFF,OFF,OFF,OFF,OFF,OFF,OFF,OFF,OFF,OFF,OFF,OFF,OFF,OFF,OFF,OFF,OFF,OFF,OFF,OFF,,23.3%,"Indikasi sensor mengalami error, data yang dihasilkan noise tinggi. Sementara dinonaktifkan. Menunggu kiriman sucad",,,,,,,,,,Lightning Detector,Stageof Nabire,Stageof Nabire,23%,"Indikasi sensor mengalami error, data yang dihasilkan noise tinggi. Sementara dinonaktifkan. Menunggu kiriman sucad",,,,,,,,Stageof Nabire,Stageof Nabire,30-Sep-2026,Updated,,,,,
7,Stageof Sorong,Stageof Sorong,ON,ON,ON,ON,ON,ON,ON,ON,ON,ON,ON,ON,ON,ON,ON,ON,ON,ON,ON,ON,ON,ON,ON,ON,ON,ON,ON,ON,ON,ON,,100.0%,,,,,,,,,,,Lightning Detector,Stageof Sorong,Stageof Sorong,100%,,,,,,,,,Stageof Sorong,Stageof Sorong,30-Sep-2026,Updated,,,,,
TOTAL PERSENTASI BULANAN,,,,,,,,,,,,,,,,,,,,,,,,,,,,,,,,,,85.7%,,,,,,,,,,,,,,,,,,,,,,,,,,,,,,,
,,,,,,,,,,,,,,,,,,,,,,,,,,,,,,,,,,,,,,,,,,,,,,,,,,,,,,,,,,,,,,,,,
OPERATIONAL LEVEL AGREEMENT ( OLA ) MONITORING DATA Lightning Detector,,,,,,,,,,,,,,,,,,,,,,,,,,,,,,,,,,,,,,,,,,,,,,,,,,,,,,,,,,,,,,,,,
BULAN SEPTEMBER 2026,,,,,,,,,,,,,,,,,,,,,,,,,,,,,,,,,,,,,,,,,,,,,,,,,,,,,,,,,,,,,,,,,
,,,,,,,,,,,,,,,,,,,,,,,,,,,,,,,,,,,,,,,,,,,,,,,,,,,,,,,,,,,,,,,,,
No,LOKASI LD,Stasiun / PIC,Status,,,,,,,,,,,,,,,,,,,,,,,,,,,,,,,Persentase Aktif (%),KETERANGAN / PERMASALAHAN / MITIGASI,,,,,,,,,,,,,,,,,,,,,,,,,,,,,,
,,,1,2,3,4,5,6,7,8,9,10,11,12,13,14,15,16,17,18,19,20,21,22,23,24,25,26,27,28,29,30,,,,,,,,,,,,,,,,,,,,,,,,,,,,,,,,,
1,Balai Besar MKG Wilayah V ,Stageof Angkasa,100%,100%,100%,100%,100%,100%,100%,100%,100%,100%,100%,100%,100%,100%,100%,100%,100%,100%,100%,100%,100%,100%,100%,100%,100%,100%,100%,100%,100%,100%,,100.0%,,,,,,,,,,,,,,,,,,,,,,,,,,,,,,,
2,Stageof Angkasa,,100%,100%,100%,100%,100%,100%,100%,100%,100%,100%,100%,100%,100%,100%,100%,100%,100%,100%,100%,100%,100%,100%,100%,100%,100%,100%,100%,100%,100%,100%,,100.0%,,,,,,,,,,,,,,,,,,,,,,,,,,,,,,,
3,Stamet Biak,,100%,100%,100%,100%,100%,100%,100%,100%,100%,100%,100%,100%,100%,100%,0%,0%,0%,100%,100%,100%,100%,100%,100%,100%,100%,100%,100%,100%,100%,100%,,90.0%,,,,,,,,,,,,,,,,,,,,,,,,,,,,,,,
4,Stamet Merauke,,100%,100%,100%,100%,100%,100%,100%,100%,100%,100%,100%,100%,100%,100%,100%,0%,0%,100%,100%,100%,100%,100%,100%,100%,100%,100%,100%,100%,100%,100%,,93.3%,,,,,,,,,,,,,,,,,,,,,,,,,,,,,,,
5,Stamet Timika,Stageof Nabire,100%,100%,100%,100%,100%,100%,100%,100%,100%,100%,100%,100%,100%,100%,100%,100%,100%,100%,100%,100%,100%,100%,100%,100%,100%,100%,100%,100%,100%,100%,,100.0%,,,,,,,,,,,,,,,,,,,,,,,,,,,,,,,
6,Stageof Nabire,,100%,100%,100%,100%,100%,100%,100%,0%,0%,0%,0%,0%,0%,0%,0%,0%,0%,0%,0%,0%,0%,0%,0%,0%,0%,0%,0%,0%,0%,0%,,23.3%,"Indikasi sensor mengalami error, data yang dihasilkan noise tinggi. Sementara dinonaktifkan. Menunggu kiriman sucad",,,,,,,,,,,,,,,,,,,,,,,,,,,,,,
7,Stageof Sorong,Stageof Sorong,100%,100%,100%,100%,100%,100%,100%,100%,100%,100%,100%,100%,100%,100%,100%,100%,100%,100%,100%,100%,100%,100%,100%,100%,100%,100%,100%,100%,100%,100%,,100.0%,,,,,,,,,,,,,,,,,,,,,,,,,,,,,,,
TOTAL PERSENTASE BULANAN ,,,,,,,,,,,,,,,,,,,,,,,,,,,,,,,,,,86.7%,,,,,,,,,,,,,,,,,,,,,,,,,,,,,,,