OPERATIONAL AGREEMENT ( OLA ) MONITORING STATUS AWOS KATEGORI I ,,,,,,,,,,,,,,,,,,,,,,,,,,,,,,,,,,
BULAN JANUARI 2026,,,,,,,,,,,,,,,,,,,,,,,,,,,,,,,,,,
,,,,,,,,,,,,,,,,,,,,,,,,,,,,,,,,,,
No,Lokasi AWOS KAT 1,Status,,,,,,,,,,,,,,,,,,,,,,,,,,,,,,,Persentase Aktif (%),KETERANGAN / PERMASALAHAN / MITIGASI
,,1,2,3,4,5,6,7,8,9,10,11,12,13,14,15,16,17,18,19,20,21,22,23,24,25,26,27,28,29,30,31,,
1,Bandara Marinda - Raja Ampat,ON,ON,ON,ON,ON,ON,ON,ON,ON,ON,ON,ON,ON,ON,ON,ON,ON,ON,ON,ON,ON,ON,ON,ON,ON,ON,ON,ON,ON,ON,ON,100.0%,
2,Bandara Inanwatan - Inanwatan,ON,ON,ON,ON,ON,ON,ON,ON,ON,ON,ON,ON,ON,ON,ON,ON,ON,ON,ON,ON,ON,ON,ON,ON,ON,ON,ON,ON,ON,ON,ON,100.0%,
3,Bandara Ayawasi - Maybrat,ON,ON,ON,ON,ON,ON,ON,ON,ON,ON,ON,ON,ON,ON,ON,ON,ON,ON,ON,ON,ON,ON,ON,ON,ON,ON,ON,ON,ON,ON,ON,100.0%,
4,Bandara Kambuaya - Ayamaru,ON,ON,ON,ON,ON,ON,ON,ON,ON,ON,ON,ON,ON,ON,ON,ON,ON,ON,ON,ON,ON,ON,ON,ON,ON,ON,ON,ON,ON,ON,ON,100.0%,
5,Bandara Teminabuan - Sorong Selatan,ON,ON,ON,ON,ON,ON,ON,ON,ON,ON,ON,ON,ON,ON,ON,ON,ON,ON,ON,ON,ON,ON,ON,ON,ON,ON,ON,ON,ON,ON,ON,100.0%,
6,Bandara Babo - Babo,ON,ON,ON,ON,ON,ON,ON,ON,ON,ON,ON,ON,ON,ON,ON,ON,ON,ON,ON,ON,ON,ON,ON,ON,ON,ON,ON,ON,ON,ON,ON,100.0%,
7,Stamet Torea - Fakfak,ON,ON,ON,ON,ON,ON,ON,ON,ON,ON,ON,ON,ON,ON,ON,ON,ON,ON,ON,ON,ON,ON,ON,ON,ON,ON,ON,ON,ON,ON,ON,100.0%,
8,Stamet Utarom - Kaimana,ON,ON,ON,ON,ON,ON,ON,ON,ON,ON,ON,ON,ON,ON,ON,ON,ON,ON,ON,ON,ON,ON,ON,ON,ON,ON,ON,ON,ON,ON,ON,100.0%,
9,Stamet Sudjarwo Tjondronegoro - Serui,ON,ON,ON,ON,ON,ON,ON,ON,ON,ON,ON,ON,ON,ON,ON,ON,ON,ON,ON,ON,ON,ON,ON,ON,ON,ON,ON,ON,ON,ON,ON,100.0%,
10,Bandara Kornasoren - Numfor,ON,ON,ON,ON,ON,ON,ON,ON,ON,ON,ON,ON,ON,ON,ON,ON,ON,ON,ON,ON,ON,ON,ON,ON,ON,ON,ON,ON,ON,ON,ON,100.0%,
11,Bandara Oksibil - Oksibil,ON,ON,ON,ON,ON,ON,ON,ON,ON,ON,ON,ON,ON,ON,ON,ON,ON,ON,ON,ON,ON,ON,ON,ON,ON,ON,ON,ON,ON,ON,ON,100.0%,
12,Bandara Yahukimo - Yakuhimo,ON,ON,ON,ON,ON,ON,ON,ON,ON,ON,ON,ON,ON,ON,ON,ON,ON,ON,ON,ON,ON,ON,ON,ON,ON,ON,ON,ON,ON,ON,ON,100.0%,
13,Bandara Kasonaweja - Memberamo Raya,ON,ON,ON,ON,ON,ON,ON,ON,ON,ON,ON,ON,ON,ON,ON,ON,ON,ON,ON,ON,ON,ON,ON,ON,ON,ON,ON,ON,ON,ON,ON,100.0%,
14,Bandara Senggeh - Keerom,ON,ON,ON,ON,ON,ON,ON,ON,ON,ON,ON,ON,ON,ON,ON,ON,ON,ON,ON,ON,ON,ON,ON,ON,ON,ON,ON,ON,ON,ON,ON,100.0%,
15,Bandara Wasior - Wasior,ON,ON,ON,ON,ON,ON,ON,ON,ON,ON,ON,ON,ON,ON,ON,ON,ON,ON,ON,ON,ON,ON,ON,ON,ON,ON,ON,ON,ON,ON,ON,100.0%,"Lampu Obstacle dan kamera OFF, Perlu penggantian Photocell pada Lampu Obstacle
"
16,Bandara Bintuni - Bintuni,ON,ON,ON,ON,ON,ON,ON,ON,ON,ON,ON,ON,ON,ON,ON,ON,ON,ON,ON,ON,ON,ON,ON,ON,ON,ON,ON,ON,ON,ON,ON,100.0%,"Lampu Obstacle dan Kamera OFF, Perlu penggantian Photocell pada Lampu Obstacle
"
17,Bandara Ewer - Ewer,ON,ON,ON,ON,ON,ON,ON,ON,ON,ON,ON,ON,ON,ON,ON,ON,ON,ON,ON,ON,ON,ON,ON,ON,ON,ON,ON,ON,ON,ON,ON,100.0%,
18,Bandara Ilaga - Ilaga,OFF,OFF,OFF,OFF,OFF,OFF,OFF,OFF,OFF,OFF,OFF,OFF,OFF,OFF,OFF,OFF,OFF,OFF,OFF,OFF,OFF,OFF,OFF,OFF,OFF,OFF,OFF,OFF,OFF,OFF,OFF,0.0%,CPU dan monitor Display Terbakar Dampak terjadinya konflik sosial kerusuhan yang terjadi pada bulan Juni 2021 update terakhir petugas tower tidak ada dan ditangani oleh TNI utk operasional penerbangan
19,Bandara Kimaam - Kimaam,ON,ON,ON,ON,ON,ON,ON,ON,ON,ON,ON,ON,ON,ON,ON,ON,ON,ON,ON,ON,ON,ON,ON,ON,ON,ON,ON,ON,ON,ON,ON,100.0%,
20,Bandara Okaba - Okaba,ON,ON,ON,ON,ON,ON,ON,ON,ON,ON,ON,ON,ON,ON,ON,ON,ON,ON,ON,ON,ON,ON,ON,ON,OFF,OFF,OFF,OFF,OFF,ON,ON,83.9%,"Terjadi Sambaran petir di area bandara yang menyebabkan UPCM AWOS rusak, Tgl 29 dilakukan jumper dari baterai langsung ke dcp dan segera akan dilakukan pengiriman UPCM ke lokasi"
21,Bandara Kepi - Kepi,ON,ON,ON,ON,ON,ON,ON,ON,ON,ON,ON,ON,ON,ON,ON,ON,ON,ON,ON,ON,ON,ON,ON,ON,ON,ON,ON,ON,ON,ON,ON,100.0%,
22,Bandara Boven Digul - Tanah Merah,OFF,OFF,OFF,OFF,OFF,OFF,OFF,OFF,OFF,OFF,OFF,OFF,OFF,OFF,OFF,OFF,OFF,OFF,OFF,OFF,OFF,OFF,OFF,OFF,OFF,OFF,OFF,OFF,OFF,OFF,OFF,0.0%,"Telah terjadi Pencurian pada Logger, adapun yang hilang 1 unit Moxa, POE Eth Camera& Radiolink, SARS(Sensor suhu 1 Set &kabel sensor suhu). Suspect indikasi DCP Konslet karena kondisi pintu logger terbuka. perkiraan kejadian pada tanggal 2 Desember 2025 Pukul 20.00LT. Mitigasi saat ini sedang dalam Laporan BAP Kepolisian setempat. Sudah mengajukan permohonan suku cadang pengganti melalui SIBATIK"
23,Bandara Mindiptana - Mindiptana,ON,ON,ON,ON,ON,ON,ON,ON,ON,ON,ON,ON,ON,ON,ON,ON,ON,ON,ON,ON,ON,ON,ON,ON,ON,ON,ON,ON,ON,ON,ON,100.0%,
24,Bandara Waghete - Waghete,ON,ON,ON,ON,ON,ON,ON,ON,ON,ON,ON,ON,ON,ON,ON,ON,ON,ON,ON,ON,ON,ON,ON,ON,ON,ON,ON,ON,ON,ON,ON,100.0%,
TOTAL PERSENTASE BULANAN,,,,,,,,,,,,,,,,,,,,,,,,,,,,,,,,,95.0%,"*Rata"" bulanan berikut sudah tanpa AWOS Ilaga"
,,,,,,,,,,,,,,,,,,,,,,,,,,,,,,,,,,
OPERATIONAL AGREEMENT ( OLA ) MONITORING STATUS AWOS KATEGORI I ,,,,,,,,,,,,,,,,,,,,,,,,,,,,,,,,,,
BULAN JANUARI 2026,,,,,,,,,,,,,,,,,,,,,,,,,,,,,,,,,,
,,,,,,,,,,,,,,,,,,,,,,,,,,,,,,,,,,
No,Lokasi AWOS KAT 1,Status,,,,,,,,,,,,,,,,,,,,,,,,,,,,,,,Persentase Aktif (%),KETERANGAN / PERMASALAHAN / MITIGASI
,,1,2,3,4,5,6,7,8,9,10,11,12,13,14,15,16,17,18,19,20,21,22,23,24,25,26,27,28,29,30,31,,
1,Bandara Marinda - Raja Ampat,100%,100%,100%,100%,100%,100%,100%,100%,100%,100%,100%,100%,100%,100%,100%,100%,100%,100%,100%,100%,100%,100%,100%,100%,100%,100%,100%,100%,100%,100%,100%,100.0%,
2,Bandara Inanwatan - Inanwatan,100%,100%,100%,100%,100%,100%,100%,100%,100%,100%,100%,100%,100%,100%,100%,100%,100%,100%,100%,100%,100%,100%,100%,100%,100%,100%,100%,100%,100%,100%,100%,100.0%,
3,Bandara Ayawasi - Maybrat,100%,100%,100%,100%,100%,100%,100%,100%,100%,100%,100%,100%,100%,100%,100%,100%,100%,100%,100%,100%,100%,100%,100%,100%,100%,100%,100%,100%,100%,100%,100%,100.0%,
4,Bandara Kambuaya - Ayamaru,100%,100%,100%,100%,100%,100%,100%,100%,100%,100%,100%,100%,100%,100%,100%,100%,100%,100%,100%,100%,100%,100%,100%,100%,100%,100%,100%,100%,100%,100%,100%,100.0%,
5,Bandara Teminabuan - Sorong Selatan,100%,100%,100%,100%,100%,100%,100%,100%,100%,100%,100%,100%,100%,100%,100%,100%,100%,100%,100%,100%,100%,100%,100%,100%,100%,100%,100%,100%,100%,100%,100%,100.0%,
6,Bandara Babo - Babo,100%,100%,100%,100%,100%,100%,100%,100%,100%,100%,100%,100%,100%,100%,100%,100%,100%,100%,100%,100%,100%,100%,100%,100%,100%,100%,100%,100%,100%,100%,100%,100.0%,
7,Stamet Torea - Fakfak,100%,100%,100%,100%,100%,100%,100%,100%,100%,100%,100%,100%,100%,100%,100%,100%,100%,100%,100%,100%,100%,100%,100%,100%,100%,100%,100%,100%,100%,100%,100%,100.0%,
8,Stamet Utarom - Kaimana,100%,100%,100%,100%,100%,100%,100%,100%,100%,100%,100%,100%,100%,100%,100%,100%,100%,100%,100%,100%,100%,100%,100%,100%,100%,100%,100%,100%,100%,100%,100%,100.0%,
9,Stamet Sudjarwo Tjondronegoro - Serui,100%,100%,100%,100%,100%,100%,100%,100%,100%,100%,100%,100%,100%,100%,100%,100%,100%,100%,100%,100%,100%,100%,100%,100%,100%,100%,100%,100%,100%,100%,100%,100.0%,
10,Bandara Kornasoren - Numfor,100%,100%,100%,100%,100%,100%,100%,100%,100%,100%,100%,100%,100%,100%,100%,100%,100%,100%,100%,100%,100%,100%,100%,100%,100%,100%,100%,100%,100%,100%,100%,100.0%,
11,Bandara Oksibil - Oksibil,100%,100%,100%,100%,100%,100%,100%,100%,100%,100%,100%,100%,100%,100%,100%,100%,100%,100%,100%,100%,100%,100%,100%,100%,100%,100%,100%,100%,100%,100%,100%,100.0%,
12,Bandara Yahukimo - Yakuhimo,100%,100%,100%,100%,100%,100%,100%,100%,100%,100%,100%,100%,100%,100%,100%,100%,100%,100%,100%,100%,100%,100%,100%,100%,100%,100%,100%,100%,100%,100%,100%,100.0%,
13,Bandara Kasonaweja - Memberamo Raya,100%,100%,100%,100%,100%,100%,100%,100%,100%,100%,100%,100%,100%,100%,100%,100%,100%,100%,100%,100%,100%,100%,100%,100%,100%,100%,100%,100%,100%,100%,100%,100.0%,
14,Bandara Senggeh - Keerom,100%,100%,100%,100%,100%,100%,100%,100%,100%,100%,100%,100%,100%,100%,100%,100%,100%,100%,100%,100%,100%,100%,100%,100%,100%,100%,100%,100%,100%,100%,100%,100.0%,
15,Bandara Wasior - Wasior,100%,100%,100%,100%,100%,100%,100%,100%,100%,100%,100%,100%,100%,100%,100%,100%,100%,100%,100%,100%,100%,100%,100%,100%,100%,100%,100%,100%,100%,100%,100%,100.0%,"Lampu Obstacle dan kamera OFF, Perlu penggantian Photocell pada Lampu Obstacle
"
16,Bandara Bintuni - Bintuni,100%,100%,100%,100%,100%,100%,100%,100%,100%,100%,100%,100%,100%,100%,100%,100%,100%,100%,100%,100%,100%,100%,100%,100%,100%,100%,100%,100%,100%,100%,100%,100.0%,"Lampu Obstacle dan kamera OFF, Perlu penggantian Photocell pada Lampu Obstacle"
17,Bandara Ewer - Ewer,100%,100%,100%,100%,100%,100%,100%,100%,100%,100%,100%,100%,100%,100%,100%,100%,100%,100%,100%,100%,100%,100%,100%,100%,100%,100%,100%,100%,100%,100%,100%,100.0%,
18,Bandara Ilaga - Ilaga,0%,0%,0%,0%,0%,0%,0%,0%,0%,0%,0%,0%,0%,0%,0%,0%,0%,0%,0%,0%,0%,0%,0%,0%,0%,0%,0%,0%,0%,0%,0%,0.0%,CPU dan monitor Display Terbakar Dampak terjadinya konflik sosial kerusuhan yang terjadi pada bulan Juni 2021 update terakhir petugas tower tidak ada dan ditangani oleh TNI utk operasional penerbangan
19,Bandara Kimaam - Kimaam,100%,100%,100%,100%,100%,100%,100%,100%,100%,100%,100%,100%,100%,100%,100%,100%,100%,100%,100%,100%,100%,100%,100%,100%,100%,100%,100%,100%,100%,100%,100%,100.0%,
20,Bandara Okaba - Okaba,100%,100%,100%,100%,100%,100%,100%,100%,100%,100%,100%,100%,100%,100%,100%,100%,100%,100%,100%,100%,100%,100%,100%,100%,100%,0,0,0,0,100%,100%,87.1%,"Terjadi Sambaran petir di area bandara yang menyebabkan UPCM AWOS rusak, Tgl 29 dilakukan jumper dari baterai langsung ke dcp dan segera akan dilakukan pengiriman UPCM ke lokasi"
21,Bandara Kepi - Kepi,100%,100%,100%,100%,100%,100%,100%,100%,100%,100%,100%,100%,100%,100%,100%,100%,100%,100%,100%,100%,100%,100%,100%,100%,100%,100%,100%,100%,100%,100%,100%,100.0%,
22,Bandara Boven Digul - Tanah Merah,0,0,0,0,0,0,0,0,0,0,0,0,0,0,0,0,0,0,0,0,0,0,0,0,0,0,0,0,0,0,0,0.0%,
23,Bandara Mindiptana - Mindiptana,100%,100%,100%,100%,100%,100%,100%,100%,100%,100%,100%,100%,100%,100%,100%,100%,100%,100%,100%,100%,100%,100%,100%,100%,100%,100%,100%,100%,100%,100%,100%,100.0%,
24,Bandara Waghete - Waghete,100%,100%,100%,100%,100%,100%,100%,100%,100%,100%,100%,100%,100%,100%,100%,100%,100%,100%,100%,100%,100%,100%,100%,100%,100%,100%,100%,100%,100%,100%,100%,100.0%,
TOTAL PERSENTASE BULANAN,,,,,,,,,,,,,,,,,,,,,,,,,,,,,,,,,91.1%,
,,,,,,,,,,,,,,,,,,,,,,,,,,,,,,,,,,
,,,,,,,,,,,,,,,,,,,,,,,,,,,,,,,,,,
SERVICE LEVEL AGREEMENT ( SLA ) MONITORING STATUS AWOS KATEGORI I ,,,,,,,,,,,,,,,,,,,,,,,,,,,,,,,,,,
BULAN FEBRUARI 2026,,,,,,,,,,,,,,,,,,,,,,,,,,,,,,,,,,
,,,,,,,,,,,,,,,,,,,,,,,,,,,,,,,,,,
No,Lokasi AWOS KAT 1,Status,,,,,,,,,,,,,,,,,,,,,,,,,,,,,,,Persentase Aktif (%),KETERANGAN / PERMASALAHAN / MITIGASI
,,1,2,3,4,5,6,7,8,9,10,11,12,13,14,15,16,17,18,19,20,21,22,23,24,25,26,27,28,-,-,-,,
1,Bandara Marinda - Raja Ampat,ON,ON,ON,ON,ON,ON,ON,ON,ON,ON,ON,ON,ON,ON,ON,ON,ON,ON,ON,ON,ON,ON,ON,ON,ON,ON,ON,ON,,,,100.0%,
2,Bandara Inanwatan - Inanwatan,ON,ON,ON,ON,ON,ON,ON,ON,ON,ON,ON,ON,ON,ON,ON,ON,ON,ON,ON,ON,ON,ON,ON,ON,ON,ON,ON,ON,,,,100.0%,
3,Bandara Ayawasi - Maybrat,ON,ON,ON,ON,ON,ON,ON,ON,ON,ON,ON,ON,ON,ON,ON,ON,ON,ON,ON,ON,ON,ON,ON,ON,ON,ON,ON,ON,,,,100.0%,
4,Bandara Kambuaya - Ayamaru,ON,ON,ON,ON,ON,ON,ON,ON,ON,ON,ON,ON,ON,ON,ON,ON,ON,ON,ON,ON,ON,ON,ON,ON,ON,ON,ON,ON,,,,100.0%,
5,Bandara Teminabuan - Sorong Selatan,ON,ON,ON,ON,ON,ON,ON,ON,ON,ON,ON,ON,ON,ON,ON,ON,ON,ON,ON,ON,ON,ON,ON,ON,ON,ON,ON,ON,,,,100.0%,
6,Bandara Babo - Babo,ON,ON,ON,ON,ON,ON,ON,ON,ON,ON,ON,ON,ON,ON,ON,ON,ON,ON,ON,ON,ON,ON,ON,ON,ON,ON,ON,ON,,,,100.0%,
7,Stamet Torea - Fakfak,ON,ON,ON,ON,ON,ON,ON,ON,ON,ON,ON,ON,ON,ON,ON,ON,ON,ON,ON,ON,ON,ON,ON,ON,ON,ON,ON,ON,,,,100.0%,
8,Stamet Utarom - Kaimana,ON,ON,ON,ON,ON,ON,ON,ON,ON,ON,ON,ON,ON,ON,ON,ON,ON,ON,ON,ON,ON,ON,ON,ON,ON,ON,ON,ON,,,,100.0%,
9,Stamet Sudjarwo Tjondronegoro - Serui,ON,ON,ON,ON,ON,ON,ON,ON,ON,ON,ON,ON,ON,ON,ON,ON,ON,ON,ON,ON,ON,ON,ON,ON,ON,ON,ON,ON,,,,100.0%,
10,Bandara Kornasoren - Numfor,ON,ON,ON,ON,ON,ON,ON,ON,ON,ON,ON,ON,ON,ON,ON,ON,ON,ON,ON,ON,ON,ON,ON,ON,ON,ON,ON,ON,,,,100.0%,
11,Bandara Oksibil - Oksibil,ON,ON,ON,ON,ON,ON,ON,ON,ON,ON,ON,ON,ON,ON,ON,ON,ON,ON,ON,ON,ON,ON,ON,ON,ON,ON,ON,ON,,,,100.0%,
12,Bandara Yahukimo - Yakuhimo,ON,ON,ON,ON,ON,ON,ON,ON,ON,ON,ON,ON,ON,ON,ON,ON,ON,ON,ON,ON,OFF,OFF,OFF,OFF,OFF,OFF,OFF,OFF,,,,71.4%,kerusakan pada battre dan monitor server
13,Bandara Kasonaweja - Memberamo Raya,ON,ON,ON,ON,ON,ON,ON,ON,ON,ON,ON,ON,ON,ON,ON,ON,ON,ON,ON,ON,ON,ON,ON,ON,ON,ON,ON,ON,,,,100.0%,
14,Bandara Senggeh - Keerom,ON,ON,ON,ON,ON,ON,ON,ON,ON,ON,ON,ON,ON,ON,ON,ON,ON,ON,ON,ON,ON,ON,ON,ON,ON,ON,ON,ON,,,,100.0%,
15,Bandara Wasior - Wasior,ON,ON,ON,ON,ON,ON,ON,ON,ON,ON,ON,ON,ON,ON,ON,ON,ON,ON,ON,ON,ON,ON,ON,ON,ON,ON,ON,ON,,,,100.0%,"Lampu Obstacle dan kamera OFF, Perlu penggantian Photocell pada Lampu Obstacle
"
16,Bandara Bintuni - Bintuni,ON,ON,ON,ON,ON,ON,ON,ON,ON,ON,ON,ON,ON,ON,ON,ON,ON,ON,ON,ON,ON,ON,ON,ON,ON,ON,ON,ON,,,,100.0%,"Lampu Obstacle dan kamera OFF, Perlu penggantian Photocell pada Lampu Obstacle, PC server belum dinyalakan dikarenkan adanya pemindahan lokasi pc server di tower atc"
17,Bandara Ewer - Ewer,ON,ON,ON,ON,ON,ON,ON,ON,ON,ON,ON,ON,ON,ON,ON,ON,ON,ON,ON,ON,ON,ON,ON,ON,ON,ON,ON,ON,,,,100.0%,
18,Bandara Ilaga - Ilaga,OFF,OFF,OFF,OFF,OFF,OFF,OFF,OFF,OFF,OFF,OFF,OFF,OFF,OFF,OFF,OFF,OFF,OFF,OFF,OFF,OFF,OFF,OFF,OFF,OFF,OFF,OFF,OFF,,,,0.0%,CPU dan monitor Display Terbakar Dampak terjadinya konflik sosial kerusuhan yang terjadi pada bulan Juni 2021 update terakhir petugas tower tidak ada dan ditangani oleh TNI utk operasional penerbangan
19,Bandara Kimaam - Kimaam,ON,ON,ON,ON,ON,ON,OFF,OFF,OFF,OFF,ON,ON,ON,ON,ON,ON,ON,ON,ON,ON,ON,ON,ON,ON,ON,ON,ON,ON,,,,85.7%,"Wireless TP-Link di Client tidak berfungsi, proses penjadwalan PM. Per tanggal 11 wireless di client sudah disetting ulang dan saat ini PC Client sudah menampilkan data AWOS"
20,Bandara Okaba - Okaba,ON,ON,ON,ON,ON,ON,ON,ON,ON,ON,ON,ON,ON,ON,ON,ON,ON,ON,ON,ON,ON,ON,ON,ON,ON,ON,ON,ON,,,,100.0%,Tanggal 11 Telah dilakukan penggantian UPCM 
21,Bandara Kepi - Kepi,ON,ON,ON,ON,ON,ON,ON,ON,ON,ON,ON,ON,ON,ON,ON,ON,ON,ON,ON,ON,ON,ON,ON,ON,ON,ON,ON,ON,,,,100.0%,
22,Bandara Boven Digul - Tanah Merah,OFF,OFF,OFF,OFF,OFF,OFF,OFF,OFF,OFF,OFF,OFF,OFF,OFF,OFF,OFF,OFF,OFF,OFF,OFF,OFF,OFF,OFF,OFF,OFF,OFF,OFF,OFF,OFF,,,,0.0%,"Telah terjadi Pencurian pada Logger, adapun yang hilang 1 unit Moxa, POE Eth Camera& Radiolink, SARS(Sensor suhu 1 Set &kabel sensor suhu).  perkiraan kejadian pada tanggal 2 Desember 2025 Pukul 20.00LT. Mitigasi saat ini sudah ada dalam Laporan BAP Kepolisian setempat. Sudah mengajukan permohonan suku cadang pengganti melalui SIBATIK
"
23,Bandara Mindiptana - Mindiptana,ON,ON,ON,ON,ON,ON,ON,ON,ON,ON,ON,ON,ON,ON,ON,ON,ON,ON,ON,ON,ON,ON,ON,ON,ON,ON,ON,ON,,,,100.0%,
24,Bandara Waghete - Waghete,ON,ON,ON,ON,ON,ON,ON,ON,ON,ON,ON,ON,ON,ON,ON,ON,ON,ON,ON,ON,ON,ON,ON,ON,ON,ON,ON,ON,,,,100.0%,
TOTAL PERSENTASE BULANAN,,,,,,,,,,,,,,,,,,,,,,,,,,,,,,,,,89.9%,"*Rata"" bulanan berikut sudah tanpa AWOS Ilaga"
,,,,,,,,,,,,,,,,,,,,,,,,,,,,,,,,,,
OPERATIONAL AGREEMENT ( OLA ) MONITORING STATUS AWOS KATEGORI I ,,,,,,,,,,,,,,,,,,,,,,,,,,,,,,,,,,
BULAN FEBRUARI 2026,,,,,,,,,,,,,,,,,,,,,,,,,,,,,,,,,,
,,,,,,,,,,,,,,,,,,,,,,,,,,,,,,,,,,
No,Lokasi AWOS KAT 1,Status,,,,,,,,,,,,,,,,,,,,,,,,,,,,,,,Persentase Aktif (%),KETERANGAN / PERMASALAHAN / MITIGASI
,,1,2,3,4,5,6,7,8,9,10,11,12,13,14,15,16,17,18,19,20,21,22,23,24,25,26,27,28,-,-,-,,
1,Bandara Marinda - Raja Ampat,100%,100%,100%,100%,100%,100%,100%,100%,100%,100%,100%,100%,100%,100%,100%,100%,100%,100%,100%,100%,100%,100%,100%,100%,100%,100%,100%,100%,,,,100.0%,
2,Bandara Inanwatan - Inanwatan,100%,100%,100%,100%,100%,100%,100%,100%,100%,100%,100%,100%,100%,100%,100%,100%,100%,100%,100%,100%,100%,100%,100%,100%,100%,100%,100%,100%,,,,100.0%,
3,Bandara Ayawasi - Maybrat,100%,100%,100%,100%,100%,100%,100%,100%,100%,100%,100%,100%,100%,100%,100%,100%,100%,100%,100%,100%,100%,100%,100%,100%,100%,100%,100%,100%,,,,100.0%,
4,Bandara Kambuaya - Ayamaru,100%,100%,100%,100%,100%,100%,100%,100%,100%,100%,100%,100%,100%,100%,100%,100%,100%,100%,100%,100%,100%,100%,100%,100%,100%,100%,100%,100%,,,,100.0%,
5,Bandara Teminabuan - Sorong Selatan,100%,100%,100%,100%,100%,100%,100%,100%,100%,100%,100%,100%,100%,100%,100%,100%,100%,100%,100%,100%,100%,100%,100%,100%,100%,100%,100%,100%,,,,100.0%,
6,Bandara Babo - Babo,100%,100%,100%,100%,100%,100%,100%,100%,100%,100%,100%,100%,100%,100%,100%,100%,100%,100%,100%,100%,100%,100%,100%,100%,100%,100%,100%,100%,,,,100.0%,
7,Stamet Torea - Fakfak,100%,100%,100%,100%,100%,100%,100%,100%,100%,100%,100%,100%,100%,100%,100%,100%,100%,100%,100%,100%,100%,100%,100%,100%,100%,100%,100%,100%,,,,100.0%,
8,Stamet Utarom - Kaimana,100%,100%,100%,100%,100%,100%,100%,100%,100%,100%,100%,100%,100%,100%,100%,100%,100%,100%,100%,100%,100%,100%,100%,100%,100%,100%,100%,100%,,,,100.0%,
9,Stamet Sudjarwo Tjondronegoro - Serui,100%,100%,100%,100%,100%,100%,100%,100%,100%,100%,100%,100%,100%,100%,100%,100%,100%,100%,100%,100%,100%,100%,100%,100%,100%,100%,100%,100%,,,,100.0%,
10,Bandara Kornasoren - Numfor,100%,100%,100%,100%,100%,100%,100%,100%,100%,100%,100%,100%,100%,100%,100%,100%,100%,100%,100%,100%,100%,100%,100%,100%,100%,100%,100%,100%,,,,100.0%,
11,Bandara Oksibil - Oksibil,100%,100%,100%,100%,100%,100%,100%,100%,100%,100%,100%,100%,100%,100%,100%,100%,100%,100%,100%,100%,100%,100%,100%,100%,100%,100%,100%,100%,,,,100.0%,
12,Bandara Yahukimo - Yakuhimo,100%,100%,100%,100%,100%,100%,100%,100%,100%,100%,100%,100%,100%,100%,100%,100%,100%,100%,100%,100%,0%,0%,0%,0%,0%,0%,0%,0%,,,,71.4%,kerusakan pada battre dan monitor server
13,Bandara Kasonaweja - Memberamo Raya,100%,100%,100%,100%,100%,100%,100%,100%,100%,100%,100%,100%,100%,100%,100%,100%,100%,100%,100%,100%,100%,100%,100%,100%,100%,100%,100%,100%,,,,100.0%,
14,Bandara Senggeh - Keerom,100%,100%,100%,100%,100%,100%,100%,100%,100%,100%,100%,100%,100%,100%,100%,100%,100%,100%,100%,100%,100%,100%,100%,100%,100%,100%,100%,100%,,,,100.0%,
15,Bandara Wasior - Wasior,100%,100%,100%,100%,100%,100%,100%,100%,100%,100%,100%,100%,100%,100%,100%,100%,100%,100%,100%,100%,100%,100%,100%,100%,100%,100%,100%,100%,,,,100.0%,"Lampu Obstacle dan kamera OFF, Perlu penggantian Photocell pada Lampu Obstacle"
16,Bandara Bintuni - Bintuni,100%,100%,100%,50%,50%,50%,50%,50%,50%,50%,50%,50%,50%,50%,50%,50%,50%,50%,50%,50%,50%,50%,50%,50%,50%,50%,50%,50%,,,,55.4%,"Lampu Obstacle dan kamera OFF, Perlu penggantian Photocell pada Lampu Obstacle, PC server belum dinyalakan dikarenkan adanya pemindahan lokasi pc server di tower atc"
17,Bandara Ewer - Ewer,100%,100%,100%,100%,100%,100%,100%,100%,100%,100%,100%,100%,100%,100%,100%,100%,100%,100%,100%,100%,100%,100%,100%,100%,100%,100%,100%,100%,,,,100.0%,
18,Bandara Ilaga - Ilaga,0%,0%,0%,0%,0%,0%,0%,0%,0%,0%,0%,0%,0%,0%,0%,0%,0%,0%,0%,0%,0%,0%,0%,0%,0%,0%,0%,0%,,,,0.0%,CPU dan monitor Display Terbakar Dampak terjadinya konflik sosial kerusuhan yang terjadi pada bulan Juni 2021 update terakhir petugas tower tidak ada dan ditangani oleh TNI utk operasional penerbangan
19,Bandara Kimaam - Kimaam,100%,100%,100%,100%,100%,100%,0%,70%,70%,70%,100%,100%,100%,100%,100%,100%,100%,100%,100%,100%,100%,100%,100%,100%,100%,100%,100%,100%,,,,93.2%,"Wireless TP-Link di Client tidak berfungsi, proses penjadwalan PM. Per tanggal 11 wireless di client sudah disetting ulang dan saat ini PC Client sudah menampilkan data AWOS"
20,Bandara Okaba - Okaba,100%,100%,100%,100%,100%,100%,100%,100%,100%,100%,100%,100%,100%,100%,100%,100%,100%,100%,100%,100%,100%,100%,100%,100%,100%,100%,100%,100%,,,,100.0%,Tanggal 11 Telah Dilakukan Penggantian UPCM
21,Bandara Kepi - Kepi,100%,100%,100%,100%,100%,100%,100%,100%,100%,100%,100%,100%,100%,100%,100%,100%,100%,100%,100%,100%,100%,100%,100%,100%,100%,100%,100%,100%,,,,100.0%,
22,Bandara Boven Digul - Tanah Merah,0%,0%,0%,0%,0%,0%,0%,0%,0%,0%,0%,0%,0%,0%,0%,0%,0%,0%,0%,0%,0%,0%,0%,0%,0%,0%,0%,0%,,,,0.0%,"Telah terjadi Pencurian pada Logger, adapun yang hilang 1 unit Moxa, POE Eth Camera& Radiolink, SARS(Sensor suhu 1 Set &kabel sensor suhu).  perkiraan kejadian pada tanggal 2 Desember 2025 Pukul 20.00LT. Mitigasi saat ini sudah ada dalam Laporan BAP Kepolisian setempat. Sudah mengajukan permohonan suku cadang pengganti melalui SIBATIK"
23,Bandara Mindiptana - Mindiptana,100%,100%,100%,100%,100%,100%,100%,100%,100%,100%,100%,100%,100%,100%,100%,100%,100%,100%,100%,100%,100%,100%,100%,100%,100%,100%,100%,100%,,,,100.0%,
24,Bandara Waghete - Waghete,100%,100%,100%,100%,100%,100%,100%,100%,100%,100%,100%,100%,100%,100%,100%,100%,100%,100%,100%,100%,100%,100%,100%,100%,100%,100%,100%,100%,,,,100.0%,
TOTAL PERSENTASE BULANAN,,,,,,,,,,,,,,,,,,,,,,,,,,,,,,,,,88.3%,
,,,,,,,,,,,,,,,,,,,,,,,,,,,,,,,,,,
,,,,,,,,,,,,,,,,,,,,,,,,,,,,,,,,,,
SERVICE LEVEL AGREEMENT ( SLA ) MONITORING STATUS AWOS KATEGORI I ,,,,,,,,,,,,,,,,,,,,,,,,,,,,,,,,,,
BULAN MARET 2026,,,,,,,,,,,,,,,,,,,,,,,,,,,,,,,,,,
,,,,,,,,,,,,,,,,,,,,,,,,,,,,,,,,,,
No,Lokasi AWOS KAT 1,Status,,,,,,,,,,,,,,,,,,,,,,,,,,,,,,,Persentase Aktif (%),KETERANGAN / PERMASALAHAN / MITIGASI
,,1,2,3,4,5,6,7,8,9,10,11,12,13,14,15,16,17,18,19,20,21,22,23,24,25,26,27,28,29,30,31,,
1,Bandara Marinda - Raja Ampat,ON,ON,ON,ON,ON,ON,ON,ON,ON,ON,ON,ON,ON,ON,ON,ON,ON,ON,ON,ON,ON,ON,ON,ON,ON,ON,ON,ON,ON,ON,ON,100.0%,
2,Bandara Inanwatan - Inanwatan,ON,ON,ON,ON,ON,ON,ON,ON,ON,ON,ON,ON,ON,ON,ON,ON,ON,ON,ON,ON,ON,ON,ON,ON,ON,ON,ON,ON,ON,ON,ON,100.0%,
3,Bandara Ayawasi - Maybrat,ON,ON,ON,ON,ON,ON,ON,ON,ON,ON,ON,ON,ON,ON,ON,ON,ON,ON,ON,ON,ON,ON,ON,ON,ON,ON,ON,ON,ON,ON,ON,100.0%,
4,Bandara Kambuaya - Ayamaru,ON,ON,ON,ON,ON,ON,ON,ON,ON,ON,ON,ON,ON,ON,ON,ON,ON,ON,ON,ON,ON,ON,ON,ON,ON,ON,ON,ON,ON,ON,ON,100.0%,
5,Bandara Teminabuan - Sorong Selatan,ON,ON,ON,ON,ON,ON,ON,ON,ON,ON,ON,ON,ON,ON,ON,ON,ON,ON,ON,ON,ON,ON,ON,ON,ON,ON,ON,ON,ON,ON,ON,100.0%,
6,Bandara Babo - Babo,ON,ON,ON,ON,ON,ON,ON,ON,ON,ON,ON,ON,ON,ON,ON,ON,ON,ON,ON,ON,ON,ON,ON,ON,ON,ON,ON,ON,ON,ON,ON,100.0%,
7,Stamet Torea - Fakfak,ON,ON,ON,ON,ON,ON,ON,ON,ON,ON,ON,ON,ON,ON,ON,ON,ON,ON,ON,ON,ON,ON,ON,ON,ON,ON,ON,ON,ON,ON,ON,100.0%,
8,Stamet Utarom - Kaimana,ON,ON,ON,ON,ON,ON,on,ON,ON,ON,ON,ON,ON,ON,ON,ON,ON,ON,ON,ON,ON,ON,ON,ON,ON,ON,ON,ON,ON,ON,ON,100.0%,
9,Stamet Sudjarwo Tjondronegoro - Serui,ON,ON,ON,ON,ON,ON,ON,ON,ON,ON,ON,ON,ON,ON,ON,ON,ON,ON,ON,ON,ON,ON,ON,ON,ON,ON,ON,ON,ON,ON,ON,100.0%,
10,Bandara Kornasoren - Numfor,ON,ON,ON,ON,ON,ON,ON,ON,ON,ON,ON,ON,ON,ON,ON,ON,ON,ON,ON,ON,ON,ON,ON,ON,ON,ON,ON,ON,ON,ON,ON,100.0%,
11,Bandara Oksibil - Oksibil,ON,ON,ON,ON,ON,ON,ON,ON,ON,ON,ON,ON,ON,ON,ON,ON,ON,ON,ON,ON,ON,ON,ON,ON,ON,ON,ON,ON,ON,ON,ON,100.0%,
12,Bandara Yahukimo - Yakuhimo,OFF,OFF,OFF,OFF,OFF,OFF,OFF,OFF,OFF,OFF,OFF,OFF,OFF,OFF,OFF,OFF,OFF,OFF,OFF,OFF,OFF,OFF,OFF,OFF,OFF,OFF,OFF,OFF,OFF,OFF,OFF,0.0%,Kerusakan battery dan monitor server
13,Bandara Kasonaweja - Memberamo Raya,ON,ON,ON,ON,ON,ON,ON,ON,ON,ON,ON,ON,ON,ON,ON,ON,ON,ON,ON,ON,ON,ON,ON,ON,ON,ON,ON,ON,ON,ON,ON,100.0%,
14,Bandara Senggeh - Keerom,ON,ON,ON,ON,ON,ON,ON,ON,ON,ON,ON,ON,ON,ON,ON,ON,ON,ON,ON,ON,ON,ON,ON,ON,ON,ON,ON,ON,ON,ON,ON,100.0%,
15,Bandara Wasior - Wasior,ON,ON,ON,ON,ON,ON,ON,ON,ON,ON,ON,ON,ON,ON,ON,ON,ON,ON,ON,ON,ON,ON,ON,ON,ON,ON,ON,ON,ON,ON,ON,100.0%,"Lampu Obstacle dan kamera OFF, Perlu penggantian Photocell pada Lampu Obstacle
"
16,Bandara Bintuni - Bintuni,ON,ON,ON,ON,ON,ON,ON,ON,ON,ON,ON,ON,ON,ON,ON,ON,ON,ON,ON,ON,ON,ON,ON,ON,ON,ON,ON,ON,ON,ON,ON,100.0%,"Lampu Obstacle dan kamera OFF, Perlu penggantian Photocell pada Lampu Obstacle, PC server belum dinyalakan dikarenkan adanya pemindahan lokasi pc server di tower atc"
17,Bandara Ewer - Ewer,ON,ON,ON,ON,ON,ON,ON,ON,ON,ON,ON,ON,ON,ON,ON,ON,ON,ON,ON,ON,ON,ON,ON,ON,ON,ON,ON,ON,ON,ON,ON,100.0%,
18,Bandara Ilaga - Ilaga,OFF,OFF,OFF,OFF,OFF,OFF,OFF,OFF,OFF,OFF,OFF,OFF,OFF,OFF,OFF,OFF,OFF,OFF,OFF,OFF,OFF,OFF,OFF,OFF,OFF,OFF,OFF,OFF,OFF,OFF,OFF,0.0%,CPU dan monitor Display Terbakar Dampak terjadinya konflik sosial kerusuhan yang terjadi pada bulan Juni 2021 update terakhir petugas tower tidak ada dan ditangani oleh TNI utk operasional penerbangan
19,Bandara Kimaam - Kimaam,ON,ON,ON,ON,ON,ON,ON,ON,ON,ON,ON,ON,ON,ON,ON,ON,ON,ON,ON,ON,ON,ON,ON,ON,ON,ON,ON,ON,ON,ON,ON,100.0%,
20,Bandara Okaba - Okaba,ON,ON,ON,ON,ON,ON,ON,ON,ON,ON,ON,ON,ON,ON,ON,ON,ON,ON,ON,ON,ON,ON,ON,ON,ON,ON,ON,ON,ON,ON,ON,100.0%,
21,Bandara Kepi - Kepi,ON,ON,ON,ON,ON,ON,ON,ON,ON,ON,ON,ON,ON,ON,ON,ON,ON,ON,ON,ON,ON,ON,ON,ON,ON,ON,ON,ON,ON,ON,ON,100.0%,
22,Bandara Boven Digul - Tanah Merah,OFF,OFF,OFF,OFF,OFF,OFF,OFF,OFF,OFF,OFF,OFF,OFF,OFF,OFF,OFF,OFF,OFF,OFF,OFF,OFF,OFF,OFF,OFF,OFF,OFF,OFF,OFF,OFF,OFF,OFF,OFF,0.0%,"Telah terjadi Pencurian pada Logger, adapun yang hilang 1 unit Moxa, POE Eth Camera& Radiolink, SARS(Sensor suhu 1 Set &kabel sensor suhu).  perkiraan kejadian pada tanggal 2 Desember 2025 Pukul 20.00LT. Mitigasi saat ini sudah ada dalam Laporan BAP Kepolisian setempat. Sudah mengajukan permohonan suku cadang pengganti melalui SIBATIK"
23,Bandara Mindiptana - Mindiptana,ON,ON,ON,ON,ON,ON,ON,ON,ON,ON,ON,ON,ON,ON,ON,ON,ON,ON,ON,ON,ON,ON,ON,ON,ON,ON,ON,ON,ON,ON,ON,100.0%,
24,Bandara Waghete - Waghete,ON,ON,ON,ON,ON,ON,ON,ON,ON,ON,ON,ON,ON,ON,ON,ON,ON,ON,ON,ON,ON,ON,ON,ON,ON,ON,ON,ON,ON,ON,ON,100.0%,
TOTAL PERSENTASE BULANAN,,,,,,,,,,,,,,,,,,,,,,,,,,,,,,,,,87.5%,
,,,,,,,,,,,,,,,,,,,,,,,,,,,,,,,,,,
OPERATIONAL AGREEMENT ( OLA ) MONITORING STATUS AWOS KATEGORI I ,,,,,,,,,,,,,,,,,,,,,,,,,,,,,,,,,,
BULAN MARET 2026,,,,,,,,,,,,,,,,,,,,,,,,,,,,,,,,,,
,,,,,,,,,,,,,,,,,,,,,,,,,,,,,,,,,,
No,Lokasi AWOS KAT 1,Status,,,,,,,,,,,,,,,,,,,,,,,,,,,,,,,Persentase Aktif (%),KETERANGAN / PERMASALAHAN / MITIGASI
,,1,2,3,4,5,6,7,8,9,10,11,12,13,14,15,16,17,18,19,20,21,22,23,24,25,26,27,28,29,30,31,,
1,Bandara Marinda - Raja Ampat,100%,100%,100%,100%,100%,100%,100%,100%,100%,100%,100%,100%,100%,100%,100%,100%,100%,100%,90%,90%,90%,90%,90%,90%,90%,90%,90%,90%,90%,90%,90%,95.8%,client off
2,Bandara Inanwatan - Inanwatan,100%,100%,100%,100%,100%,100%,100%,100%,100%,100%,100%,100%,100%,100%,100%,100%,100%,100%,100%,100%,100%,100%,100%,100%,100%,100%,100%,100%,100%,100%,100%,100.0%,
3,Bandara Ayawasi - Maybrat,100%,100%,100%,100%,100%,100%,100%,100%,100%,100%,100%,100%,100%,100%,100%,100%,100%,100%,100%,100%,100%,100%,100%,100%,100%,100%,100%,100%,100%,100%,100%,100.0%,
4,Bandara Kambuaya - Ayamaru,100%,100%,100%,100%,100%,100%,100%,100%,100%,100%,100%,100%,100%,100%,100%,100%,100%,100%,100%,100%,100%,100%,100%,100%,100%,100%,100%,100%,100%,100%,100%,100.0%,
5,Bandara Teminabuan - Sorong Selatan,100%,100%,100%,100%,100%,100%,100%,100%,100%,100%,100%,100%,100%,100%,100%,100%,100%,100%,90%,90%,90%,90%,90%,90%,90%,90%,90%,90%,90%,90%,90%,95.8%,client off
6,Bandara Babo - Babo,100%,100%,100%,100%,100%,100%,100%,100%,100%,100%,100%,100%,100%,100%,100%,100%,100%,100%,100%,100%,100%,100%,100%,100%,100%,100%,100%,100%,100%,100%,100%,100.0%,
7,Stamet Torea - Fakfak,100%,100%,100%,100%,100%,100%,100%,100%,100%,100%,100%,100%,100%,100%,100%,100%,100%,100%,100%,100%,100%,100%,100%,100%,100%,100%,100%,100%,100%,100%,100%,100.0%,
8,Stamet Utarom - Kaimana,100%,100%,100%,100%,100%,100%,100%,100%,100%,100%,100%,100%,100%,100%,100%,100%,100%,100%,100%,100%,100%,100%,100%,100%,100%,100%,100%,100%,100%,100%,100%,100.0%,
9,Stamet Sudjarwo Tjondronegoro - Serui,100%,100%,100%,100%,100%,100%,100%,100%,100%,100%,100%,100%,100%,100%,100%,100%,100%,100%,100%,100%,100%,100%,100%,100%,100%,100%,100%,100%,100%,100%,100%,100.0%,
10,Bandara Kornasoren - Numfor,100%,100%,100%,100%,100%,100%,100%,100%,100%,100%,100%,100%,100%,100%,100%,100%,100%,100%,100%,100%,100%,100%,100%,100%,100%,100%,100%,100%,100%,100%,100%,100.0%,
11,Bandara Oksibil - Oksibil,100%,100%,100%,100%,100%,100%,100%,100%,100%,100%,100%,100%,100%,100%,100%,100%,100%,100%,100%,100%,100%,100%,100%,100%,100%,100%,100%,100%,100%,100%,100%,100.0%,
12,Bandara Yahukimo - Yakuhimo,0%,0%,0%,0%,0%,0%,0%,0%,0%,0%,0%,0%,0%,0%,0%,0%,0%,0%,0%,0%,0%,0%,0%,0%,0%,0%,0%,0%,0%,0%,0%,0.0%,Kerusakan pada battery dan monitor server
13,Bandara Kasonaweja - Memberamo Raya,100%,100%,100%,100%,100%,100%,100%,100%,100%,100%,100%,100%,100%,100%,100%,100%,100%,100%,100%,100%,100%,100%,100%,100%,100%,100%,100%,100%,100%,100%,100%,100.0%,
14,Bandara Senggeh - Keerom,100%,100%,100%,100%,100%,100%,100%,100%,100%,100%,100%,100%,100%,100%,100%,100%,100%,100%,100%,100%,100%,100%,100%,100%,100%,100%,100%,100%,100%,100%,100%,100.0%,
15,Bandara Wasior - Wasior,100%,100%,100%,100%,100%,100%,100%,100%,100%,100%,100%,100%,100%,100%,100%,100%,100%,100%,100%,100%,100%,100%,100%,100%,100%,100%,100%,100%,100%,100%,100%,100.0%,"Lampu Obstacle dan kamera OFF, Perlu penggantian Photocell pada Lampu Obstacle"
16,Bandara Bintuni - Bintuni,50%,50%,50%,50%,50%,50%,50%,50%,50%,50%,50%,50%,50%,50%,50%,50%,50%,50%,50%,50%,50%,50%,50%,50%,50%,50%,50%,50%,50%,50%,50%,50.0%,"Lampu Obstacle dan kamera OFF, Perlu penggantian Photocell pada Lampu Obstacle, PC server belum dinyalakan dikarenkan adanya pemindahan lokasi pc server di tower atc"
17,Bandara Ewer - Ewer,100%,100%,100%,100%,100%,100%,100%,100%,100%,100%,100%,100%,100%,100%,100%,100%,100%,100%,100%,100%,100%,100%,100%,100%,100%,100%,100%,100%,100%,100%,100%,100.0%,
18,Bandara Ilaga - Ilaga,0%,0%,0%,0%,0%,0%,0%,0%,0%,0%,0%,0%,0%,0%,0%,0%,0%,0%,0%,0%,0%,0%,0%,0%,0%,0%,0%,0%,0%,0%,0%,0.0%,CPU dan monitor Display Terbakar Dampak terjadinya konflik sosial kerusuhan yang terjadi pada bulan Juni 2021 update terakhir petugas tower tidak ada dan ditangani oleh TNI utk operasional penerbangan
19,Bandara Kimaam - Kimaam,100%,100%,100%,100%,100%,100%,100%,100%,100%,100%,100%,100%,100%,100%,100%,100%,100%,100%,100%,100%,100%,100%,100%,100%,100%,100%,100%,100%,100%,100%,100%,100.0%,
20,Bandara Okaba - Okaba,100%,100%,100%,100%,100%,100%,100%,100%,100%,100%,100%,100%,100%,100%,100%,100%,100%,100%,100%,100%,100%,100%,100%,100%,100%,100%,100%,100%,100%,100%,100%,100.0%,
21,Bandara Kepi - Kepi,100%,100%,100%,100%,100%,100%,100%,100%,100%,100%,100%,100%,100%,100%,100%,100%,100%,100%,100%,100%,100%,100%,100%,100%,100%,100%,100%,100%,100%,100%,100%,100.0%,
22,Bandara Boven Digul - Tanah Merah,0%,0%,0%,0%,0%,0%,0%,0%,0%,0%,0%,0%,0%,0%,0%,0%,0%,0%,0%,0%,0%,0%,0%,0%,0%,0%,0%,0%,0%,0%,0%,0.0%,"Telah terjadi Pencurian pada Logger, adapun yang hilang 1 unit Moxa, POE Eth Camera& Radiolink, SARS(Sensor suhu 1 Set &kabel sensor suhu).  perkiraan kejadian pada tanggal 2 Desember 2025 Pukul 20.00LT. Mitigasi saat ini sudah ada dalam Laporan BAP Kepolisian setempat. Sudah mengajukan permohonan suku cadang pengganti melalui SIBATIK"
23,Bandara Mindiptana - Mindiptana,100%,100%,100%,100%,100%,100%,100%,100%,100%,100%,100%,100%,100%,100%,100%,100%,100%,100%,100%,100%,100%,100%,100%,100%,100%,100%,100%,100%,100%,100%,100%,100.0%,
24,Bandara Waghete - Waghete,100%,100%,100%,100%,100%,100%,100%,100%,100%,100%,100%,100%,100%,100%,100%,100%,100%,100%,100%,100%,100%,100%,100%,100%,100%,100%,100%,100%,100%,100%,100%,100.0%,
TOTAL PERSENTASE BULANAN,,,,,,,,,,,,,,,,,,,,,,,,,,,,,,,,,85.1%,
,,,,,,,,,,,,,,,,,,,,,,,,,,,,,,,,,,
,,,,,,,,,,,,,,,,,,,,,,,,,,,,,,,,,,
SERVICE LEVEL AGREEMENT ( SLA ) MONITORING STATUS AWOS KATEGORI I ,,,,,,,,,,,,,,,,,,,,,,,,,,,,,,,,,,
BULAN APRIL 2026,,,,,,,,,,,,,,,,,,,,,,,,,,,,,,,,,,
,,,,,,,,,,,,,,,,,,,,,,,,,,,,,,,,,,
No,Lokasi AWOS KAT 1,Status,,,,,,,,,,,,,,,,,,,,,,,,,,,,,,,Persentase Aktif (%),KETERANGAN / PERMASALAHAN / MITIGASI
,,1,2,3,4,5,6,7,8,9,10,11,12,13,14,15,16,17,18,19,20,21,22,23,24,25,26,27,28,29,30,,,
1,Bandara Marinda - Raja Ampat,ON,ON,ON,ON,ON,ON,ON,ON,ON,ON,ON,ON,ON,ON,ON,ON,ON,ON,ON,ON,ON,ON,ON,ON,ON,ON,ON,ON,ON,ON,,100.0%,
2,Bandara Inanwatan - Inanwatan,ON,ON,ON,ON,ON,ON,ON,ON,ON,ON,ON,ON,ON,ON,ON,ON,ON,ON,ON,ON,ON,ON,ON,ON,ON,ON,ON,ON,ON,ON,,100.0%,
3,Bandara Ayawasi - Maybrat,ON,ON,ON,ON,ON,ON,ON,ON,ON,ON,ON,ON,ON,ON,ON,ON,ON,ON,ON,ON,ON,ON,ON,ON,ON,ON,ON,ON,ON,ON,,100.0%,
4,Bandara Kambuaya - Ayamaru,ON,ON,ON,ON,ON,ON,ON,ON,ON,ON,ON,ON,ON,ON,ON,ON,ON,ON,ON,ON,ON,ON,ON,ON,ON,ON,ON,ON,ON,ON,,100.0%,
5,Bandara Teminabuan - Sorong Selatan,ON,ON,ON,ON,ON,ON,ON,ON,ON,ON,ON,ON,ON,ON,ON,ON,ON,ON,ON,ON,ON,ON,ON,ON,ON,ON,ON,ON,ON,ON,,100.0%,
6,Bandara Babo - Babo,ON,ON,ON,ON,ON,ON,ON,ON,ON,ON,ON,ON,ON,ON,ON,ON,ON,ON,ON,ON,ON,ON,ON,ON,ON,ON,ON,ON,ON,ON,,100.0%,
7,Stamet Torea - Fakfak,ON,ON,ON,ON,ON,ON,ON,ON,ON,ON,ON,ON,ON,ON,ON,ON,ON,ON,ON,ON,ON,ON,ON,ON,ON,ON,ON,ON,ON,ON,,100.0%,
8,Stamet Utarom - Kaimana,ON,ON,ON,ON,ON,ON,ON,ON,ON,ON,ON,ON,ON,ON,ON,ON,ON,ON,ON,ON,ON,ON,ON,ON,ON,ON,ON,ON,ON,ON,,100.0%,
9,Stamet Sudjarwo Tjondronegoro - Serui,ON,ON,ON,ON,ON,ON,ON,ON,ON,ON,ON,ON,ON,ON,ON,ON,ON,ON,ON,ON,ON,ON,ON,ON,ON,ON,ON,ON,ON,ON,,100.0%,
10,Bandara Kornasoren - Numfor,ON,ON,ON,ON,OFF,OFF,OFF,OFF,OFF,OFF,OFF,OFF,OFF,OFF,OFF,ON,ON,ON,ON,ON,ON,ON,ON,ON,ON,ON,ON,ON,ON,ON,,63.3%,"Baterai drop, logger dimatikan sampai penggantian baterai saat CM."
11,Bandara Oksibil - Oksibil,ON,ON,ON,ON,ON,ON,ON,ON,ON,ON,ON,ON,ON,ON,ON,ON,ON,ON,ON,ON,ON,ON,ON,ON,ON,ON,ON,ON,ON,ON,,100.0%,
12,Bandara Yahukimo - Yakuhimo,OFF,OFF,OFF,OFF,OFF,OFF,OFF,OFF,OFF,OFF,OFF,OFF,OFF,OFF,OFF,OFF,OFF,OFF,OFF,OFF,OFF,OFF,OFF,OFF,OFF,OFF,OFF,OFF,OFF,OFF,,0.0%,Kerusakan battery dan monitor server
13,Bandara Kasonaweja - Memberamo Raya,ON,ON,ON,ON,ON,ON,ON,ON,ON,ON,ON,ON,ON,ON,ON,ON,ON,ON,ON,ON,ON,ON,ON,ON,ON,ON,ON,ON,ON,ON,,100.0%,
14,Bandara Senggeh - Keerom,ON,ON,ON,ON,ON,ON,ON,ON,ON,ON,ON,ON,ON,ON,ON,ON,ON,ON,ON,ON,ON,ON,ON,ON,ON,ON,ON,ON,ON,ON,,100.0%,
15,Bandara Wasior - Wasior,ON,ON,ON,ON,ON,ON,ON,ON,ON,ON,ON,ON,ON,ON,ON,ON,ON,ON,ON,ON,ON,ON,ON,ON,ON,ON,ON,ON,ON,ON,,100.0%,"Lampu Obstacle dan kamera OFF, Perlu penggantian Photocell pada Lampu Obstacle
"
16,Bandara Bintuni - Bintuni,ON,ON,ON,ON,ON,ON,ON,ON,ON,ON,ON,ON,ON,ON,ON,ON,ON,ON,ON,ON,ON,ON,ON,ON,ON,ON,ON,ON,ON,ON,,100.0%,"Lampu Obstacle dan kamera OFF, Perlu penggantian Photocell pada Lampu Obstacle, PC server belum dinyalakan dikarenkan adanya pemindahan lokasi pc server di tower atc"
17,Bandara Ewer - Ewer,ON,ON,ON,ON,ON,ON,ON,ON,ON,ON,ON,ON,ON,ON,ON,ON,ON,ON,ON,ON,ON,ON,ON,ON,ON,ON,ON,ON,ON,ON,,100.0%,
18,Bandara Ilaga - Ilaga,OFF,OFF,OFF,OFF,OFF,OFF,OFF,OFF,OFF,OFF,OFF,OFF,OFF,OFF,OFF,OFF,OFF,OFF,OFF,OFF,OFF,OFF,OFF,OFF,OFF,OFF,OFF,OFF,OFF,OFF,,,CPU dan monitor Display Terbakar Dampak terjadinya konflik sosial kerusuhan yang terjadi pada bulan Juni 2021 update terakhir petugas tower tidak ada dan ditangani oleh TNI utk operasional penerbangan
19,Bandara Kimaam - Kimaam,ON,ON,ON,ON,ON,ON,ON,ON,ON,ON,ON,ON,ON,ON,ON,ON,ON,ON,ON,ON,ON,ON,ON,ON,ON,ON,ON,ON,ON,ON,,100.0%,"Tanggal 6 April Telah dilakukan PM 
mengganti MARS ke SARS,mengganti radiolink,mengganti monitor,memasang adaptor wireless (wifi),mengganti baterai CMOS pc server"
20,Bandara Okaba - Okaba,ON,ON,ON,ON,ON,ON,ON,ON,ON,ON,ON,ON,ON,ON,ON,ON,ON,ON,ON,ON,ON,ON,ON,ON,ON,ON,ON,ON,ON,ON,,100.0%,
21,Bandara Kepi - Kepi,ON,ON,ON,ON,ON,ON,ON,ON,ON,ON,ON,ON,ON,ON,ON,ON,ON,ON,ON,ON,ON,ON,ON,ON,ON,ON,ON,ON,ON,ON,,100.0%,
22,Bandara Boven Digul - Tanah Merah,OFF,OFF,OFF,OFF,OFF,OFF,OFF,OFF,OFF,OFF,OFF,OFF,OFF,OFF,OFF,OFF,OFF,OFF,OFF,OFF,OFF,OFF,OFF,OFF,OFF,OFF,OFF,OFF,OFF,OFF,,,"Telah terjadi Pencurian pada Logger, adapun yang hilang 1 unit Moxa, POE Eth Camera& Radiolink, SARS(Sensor suhu 1 Set &kabel sensor suhu).  perkiraan kejadian pada tanggal 2 Desember 2025 Pukul 20.00LT. Mitigasi saat ini sudah ada dalam Laporan BAP Kepolisian setempat. Sudah mengajukan permohonan suku cadang pengganti melalui SIBATIK"
23,Bandara Mindiptana - Mindiptana,ON,ON,ON,ON,ON,ON,ON,ON,ON,ON,ON,ON,ON,ON,ON,ON,ON,ON,ON,ON,ON,ON,ON,ON,ON,ON,ON,ON,ON,ON,,100.0%,
24,Bandara Waghete - Waghete,ON,ON,ON,ON,ON,ON,ON,ON,ON,ON,ON,ON,ON,ON,ON,ON,ON,ON,ON,ON,ON,ON,ON,ON,ON,ON,ON,ON,ON,ON,,100.0%,
TOTAL PERSENTASE BULANAN,,,,,,,,,,,,,,,,,,,,,,,,,,,,,,,,,93.8%,
,,,,,,,,,,,,,,,,,,,,,,,,,,,,,,,,,,
OPERATIONAL AGREEMENT ( OLA ) MONITORING STATUS AWOS KATEGORI I ,,,,,,,,,,,,,,,,,,,,,,,,,,,,,,,,,,
BULAN APRIL 2026,,,,,,,,,,,,,,,,,,,,,,,,,,,,,,,,,,
,,,,,,,,,,,,,,,,,,,,,,,,,,,,,,,,,,
No,Lokasi AWOS KAT 1,Status,,,,,,,,,,,,,,,,,,,,,,,,,,,,,,,Persentase Aktif (%),KETERANGAN / PERMASALAHAN / MITIGASI
,,1,2,3,4,5,6,7,8,9,10,11,12,13,14,15,16,17,18,19,20,21,22,23,24,25,26,27,28,29,30,,,
1,Bandara Marinda - Raja Ampat,90%,90%,90%,90%,100%,100%,100%,100%,100%,100%,100%,100%,100%,100%,100%,100%,100%,100%,100%,100%,100%,100%,100%,100%,100%,100%,100%,100%,100%,100%,,98.7%,
2,Bandara Inanwatan - Inanwatan,90%,90%,90%,90%,90%,90%,90%,90%,90%,90%,90%,90%,90%,90%,90%,90%,90%,90%,90%,90%,90%,90%,90%,90%,90%,90%,90%,90%,90%,90%,,90.0%,client off
3,Bandara Ayawasi - Maybrat,100%,100%,100%,100%,100%,100%,100%,100%,100%,100%,100%,100%,100%,100%,100%,100%,100%,100%,100%,100%,100%,100%,100%,100%,100%,100%,100%,100%,100%,100%,,100.0%,
4,Bandara Kambuaya - Ayamaru,100%,100%,100%,100%,100%,100%,100%,100%,100%,100%,100%,100%,100%,100%,100%,100%,100%,100%,100%,100%,100%,100%,100%,100%,100%,100%,100%,100%,100%,100%,,100.0%,
5,Bandara Teminabuan - Sorong Selatan,90%,90%,90%,90%,90%,90%,90%,90%,90%,90%,90%,90%,90%,90%,90%,90%,90%,90%,90%,90%,90%,90%,90%,90%,90%,90%,90%,90%,90%,90%,,90.0%,client off
6,Bandara Babo - Babo,100%,100%,100%,100%,100%,100%,100%,100%,100%,100%,100%,100%,100%,100%,100%,100%,100%,100%,100%,100%,100%,100%,100%,100%,100%,100%,100%,100%,100%,100%,,100.0%,
7,Stamet Torea - Fakfak,100%,100%,100%,100%,100%,100%,100%,100%,100%,100%,100%,100%,100%,100%,100%,100%,100%,100%,100%,100%,100%,100%,100%,100%,100%,100%,100%,100%,100%,100%,,100.0%,
8,Stamet Utarom - Kaimana,100%,100%,100%,100%,100%,100%,100%,100%,100%,100%,100%,100%,100%,100%,100%,100%,100%,100%,100%,100%,100%,100%,100%,100%,100%,100%,100%,100%,100%,100%,,100.0%,
9,Stamet Sudjarwo Tjondronegoro - Serui,100%,100%,100%,100%,100%,100%,100%,100%,100%,100%,100%,100%,100%,100%,100%,100%,100%,100%,100%,100%,100%,100%,100%,100%,100%,100%,100%,100%,100%,100%,,100.0%,
10,Bandara Kornasoren - Numfor,100%,100%,100%,100%,0%,0%,0%,0%,0%,0%,0%,0%,0%,0%,70%,100%,100%,100%,100%,100%,100%,100%,100%,100%,100%,100%,100%,100%,100%,100%,,65.7%,"Baterai drop, logger dimatikan sampai penggantian baterai saat CM."
11,Bandara Oksibil - Oksibil,100%,100%,100%,100%,100%,100%,100%,100%,100%,100%,100%,100%,100%,100%,100%,100%,100%,100%,100%,100%,100%,100%,100%,100%,100%,100%,100%,100%,100%,100%,,100.0%,
12,Bandara Yahukimo - Yakuhimo,0%,0%,0%,0%,0%,0%,0%,0%,0%,0%,0%,0%,0%,0%,0%,0%,0%,0%,0%,0%,0%,0%,0%,0%,0%,0%,0%,0%,0%,0%,,0.0%,
13,Bandara Kasonaweja - Memberamo Raya,100%,100%,100%,100%,100%,100%,100%,100%,100%,100%,100%,100%,100%,100%,100%,100%,100%,100%,100%,100%,100%,100%,100%,100%,100%,100%,100%,100%,100%,100%,,100.0%,
14,Bandara Senggeh - Keerom,100%,100%,100%,100%,100%,100%,100%,100%,100%,100%,100%,100%,100%,100%,100%,100%,100%,100%,100%,100%,100%,100%,100%,100%,100%,100%,100%,100%,100%,100%,,100.0%,
15,Bandara Wasior - Wasior,100%,100%,100%,100%,100%,100%,100%,100%,100%,100%,100%,100%,100%,100%,100%,100%,100%,100%,100%,100%,100%,100%,100%,100%,100%,100%,100%,100%,100%,100%,,100.0%,"Lampu Obstacle dan kamera OFF, Perlu penggantian Photocell pada Lampu Obstacle"
16,Bandara Bintuni - Bintuni,50%,50%,50%,50%,50%,50%,50%,50%,50%,50%,50%,50%,50%,50%,50%,50%,50%,50%,50%,50%,50%,50%,50%,100%,100%,100%,100%,100%,100%,100%,,61.7%,"Lampu Obstacle dan kamera OFF, Perlu penggantian Photocell pada Lampu Obstacle, PC server belum dinyalakan dikarenkan adanya pemindahan lokasi pc server di tower atc"
17,Bandara Ewer - Ewer,100%,100%,100%,100%,100%,100%,100%,100%,100%,100%,100%,100%,100%,100%,100%,100%,100%,100%,100%,100%,100%,100%,100%,100%,100%,100%,100%,100%,100%,100%,,100.0%,
18,Bandara Ilaga - Ilaga,0%,0%,0%,0%,0%,0%,0%,0%,0%,0%,0%,0%,0%,0%,0%,0%,0%,0%,0%,0%,0%,0%,0%,0%,0%,0%,0%,0%,0%,0%,,0.0%,CPU dan monitor Display Terbakar Dampak terjadinya konflik sosial kerusuhan yang terjadi pada bulan Juni 2021 update terakhir petugas tower tidak ada dan ditangani oleh TNI utk operasional penerbangan
19,Bandara Kimaam - Kimaam,100%,100%,100%,100%,100%,100%,100%,100%,100%,100%,100%,100%,100%,100%,100%,100%,100%,100%,100%,100%,100%,100%,100%,100%,100%,100%,100%,100%,100%,100%,,100.0%,
20,Bandara Okaba - Okaba,100%,100%,100%,100%,100%,100%,100%,100%,100%,100%,100%,100%,100%,100%,100%,100%,100%,100%,100%,100%,100%,100%,100%,100%,100%,100%,100%,100%,100%,100%,,100.0%,
21,Bandara Kepi - Kepi,100%,100%,100%,100%,100%,100%,100%,100%,100%,100%,100%,100%,100%,100%,100%,100%,100%,100%,100%,100%,100%,100%,100%,100%,100%,100%,100%,100%,100%,100%,,100.0%,
22,Bandara Boven Digul - Tanah Merah,0%,0%,0%,0%,0%,0%,0%,0%,0%,0%,0%,0%,0%,0%,0%,0%,0%,0%,0%,0%,0%,0%,0%,0%,0%,0%,0%,0%,0%,0%,,0.0%,"Telah terjadi Pencurian pada Logger, adapun yang hilang 1 unit Moxa, POE Eth Camera& Radiolink, SARS(Sensor suhu 1 Set &kabel sensor suhu).  perkiraan kejadian pada tanggal 2 Desember 2025 Pukul 20.00LT. Mitigasi saat ini sudah ada dalam Laporan BAP Kepolisian setempat. Sudah mengajukan permohonan suku cadang pengganti melalui SIBATIK"
23,Bandara Mindiptana - Mindiptana,100%,100%,100%,100%,100%,100%,100%,100%,100%,100%,100%,100%,100%,100%,100%,100%,100%,100%,100%,100%,100%,100%,100%,100%,100%,100%,100%,100%,100%,100%,,100.0%,
24,Bandara Waghete - Waghete,100%,100%,100%,100%,100%,100%,100%,100%,100%,100%,100%,100%,100%,100%,100%,100%,100%,100%,100%,100%,100%,100%,100%,100%,100%,100%,100%,100%,100%,100%,,100.0%,
TOTAL PERSENTASE BULANAN,,,,,,,,,,,,,,,,,,,,,,,,,,,,,,,,,83.6%,
,,,,,,,,,,,,,,,,,,,,,,,,,,,,,,,,,,
,,,,,,,,,,,,,,,,,,,,,,,,,,,,,,,,,,
SERVICE LEVEL AGREEMENT ( SLA ) MONITORING STATUS AWOS KATEGORI I ,,,,,,,,,,,,,,,,,,,,,,,,,,,,,,,,,,
BULAN MEI 2026,,,,,,,,,,,,,,,,,,,,,,,,,,,,,,,,,,
,,,,,,,,,,,,,,,,,,,,,,,,,,,,,,,,,,
No,Lokasi AWOS KAT 1,Status,,,,,,,,,,,,,,,,,,,,,,,,,,,,,,,Persentase Aktif (%),KETERANGAN / PERMASALAHAN / MITIGASI
,,1,2,3,4,5,6,7,8,9,10,11,12,13,14,15,16,17,18,19,20,21,22,23,24,25,26,27,28,29,30,31,,
1,Bandara Marinda - Raja Ampat,ON,ON,ON,ON,ON,ON,ON,ON,ON,ON,ON,ON,ON,ON,ON,ON,ON,ON,ON,ON,ON,ON,ON,ON,ON,ON,ON,ON,ON,ON,ON,100.0%,
2,Bandara Inanwatan - Inanwatan,ON,ON,ON,ON,ON,ON,ON,ON,ON,ON,ON,ON,ON,ON,ON,ON,ON,ON,ON,ON,ON,ON,ON,ON,ON,ON,ON,ON,ON,ON,ON,100.0%,
3,Bandara Ayawasi - Maybrat,ON,ON,ON,ON,ON,ON,ON,ON,ON,ON,ON,ON,ON,ON,ON,ON,ON,ON,ON,ON,ON,ON,ON,ON,ON,ON,ON,ON,ON,ON,ON,100.0%,
4,Bandara Kambuaya - Ayamaru,ON,ON,ON,ON,ON,ON,ON,ON,ON,ON,ON,ON,ON,ON,ON,ON,ON,ON,ON,ON,ON,ON,ON,ON,ON,ON,ON,ON,ON,ON,ON,100.0%,
5,Bandara Teminabuan - Sorong Selatan,ON,ON,ON,ON,ON,ON,ON,ON,ON,ON,ON,ON,ON,ON,ON,ON,ON,ON,ON,ON,ON,ON,ON,ON,ON,ON,ON,ON,ON,ON,ON,100.0%,
6,Bandara Babo - Babo,ON,ON,ON,ON,ON,ON,ON,ON,ON,ON,ON,ON,ON,ON,ON,ON,ON,ON,ON,ON,ON,ON,ON,ON,ON,ON,ON,ON,ON,ON,ON,100.0%,
7,Stamet Torea - Fakfak,ON,ON,ON,ON,ON,ON,ON,ON,ON,ON,ON,ON,ON,ON,ON,ON,ON,ON,ON,ON,ON,ON,ON,ON,ON,ON,ON,ON,ON,ON,ON,100.0%,
8,Stamet Utarom - Kaimana,ON,ON,ON,ON,ON,ON,ON,ON,ON,ON,ON,ON,ON,ON,ON,ON,ON,ON,ON,ON,ON,ON,ON,ON,ON,ON,ON,ON,ON,ON,ON,100.0%,
9,Stamet Sudjarwo Tjondronegoro - Serui,ON,ON,ON,ON,ON,ON,ON,ON,ON,ON,ON,ON,ON,ON,ON,ON,ON,ON,ON,ON,ON,ON,ON,ON,ON,ON,ON,ON,ON,ON,ON,100.0%,
10,Bandara Kornasoren - Numfor,ON,ON,ON,ON,ON,ON,ON,ON,ON,ON,ON,ON,ON,ON,ON,ON,ON,ON,ON,ON,ON,ON,ON,ON,ON,ON,ON,ON,ON,ON,ON,100.0%,
11,Bandara Oksibil - Oksibil,ON,ON,ON,ON,ON,ON,ON,ON,ON,ON,ON,ON,ON,ON,ON,ON,ON,ON,ON,ON,ON,ON,ON,ON,ON,ON,ON,ON,ON,ON,ON,100.0%,
12,Bandara Yahukimo - Yakuhimo,OFF,OFF,OFF,OFF,OFF,OFF,OFF,OFF,OFF,OFF,OFF,OFF,OFF,OFF,OFF,OFF,OFF,OFF,OFF,OFF,OFF,OFF,OFF,OFF,OFF,OFF,OFF,OFF,OFF,OFF,OFF,0.0%,masalah pada battery dan display monitor
13,Bandara Kasonaweja - Memberamo Raya,ON,ON,ON,ON,ON,ON,ON,ON,ON,ON,ON,ON,ON,ON,ON,ON,ON,ON,ON,ON,ON,ON,ON,ON,ON,ON,ON,ON,ON,ON,ON,100.0%,
14,Bandara Senggeh - Keerom,ON,ON,ON,ON,ON,ON,ON,ON,ON,ON,ON,ON,ON,ON,ON,ON,ON,ON,ON,ON,ON,ON,ON,ON,ON,ON,ON,ON,ON,ON,ON,100.0%,
15,Bandara Wasior - Wasior,ON,ON,ON,ON,ON,ON,ON,ON,ON,ON,ON,ON,ON,ON,ON,ON,ON,ON,ON,ON,ON,ON,ON,ON,ON,ON,ON,ON,ON,ON,ON,100.0%,
16,Bandara Bintuni - Bintuni,ON,ON,ON,ON,ON,ON,ON,ON,ON,ON,ON,ON,ON,ON,ON,ON,ON,ON,ON,ON,ON,ON,ON,ON,ON,ON,ON,ON,ON,ON,ON,100.0%,
17,Bandara Ewer - Ewer,ON,ON,ON,ON,ON,ON,ON,ON,ON,ON,ON,ON,ON,ON,ON,ON,ON,ON,ON,ON,ON,ON,ON,ON,ON,ON,ON,ON,ON,ON,ON,100.0%,
18,Bandara Ilaga - Ilaga,OFF,OFF,OFF,OFF,OFF,OFF,OFF,OFF,OFF,OFF,OFF,OFF,OFF,OFF,OFF,OFF,OFF,OFF,OFF,OFF,OFF,OFF,OFF,OFF,OFF,OFF,OFF,OFF,OFF,OFF,OFF,0.0%,CPU dan monitor Display Terbakar Dampak terjadinya konflik sosial kerusuhan yang terjadi pada bulan Juni 2021 update terakhir petugas tower tidak ada dan ditangani oleh TNI utk operasional penerbangan
19,Bandara Kimaam - Kimaam,ON,ON,ON,ON,ON,ON,ON,ON,ON,ON,ON,ON,ON,ON,ON,ON,ON,ON,ON,ON,ON,ON,ON,ON,ON,ON,ON,ON,ON,ON,ON,100.0%,
20,Bandara Okaba - Okaba,ON,ON,ON,ON,ON,ON,ON,ON,ON,ON,ON,ON,ON,ON,ON,ON,ON,ON,ON,ON,ON,ON,ON,ON,ON,ON,ON,ON,ON,ON,ON,100.0%,
21,Bandara Kepi - Kepi,ON,ON,ON,ON,ON,ON,ON,ON,ON,ON,ON,ON,ON,ON,ON,ON,ON,ON,ON,ON,ON,ON,ON,ON,ON,ON,ON,ON,ON,ON,ON,100.0%,
22,Bandara Boven Digul - Tanah Merah,OFF,OFF,OFF,OFF,OFF,OFF,OFF,OFF,OFF,OFF,OFF,OFF,OFF,OFF,OFF,OFF,OFF,OFF,OFF,OFF,OFF,OFF,OFF,OFF,OFF,OFF,OFF,OFF,OFF,OFF,OFF,0.0%,"SUKU CADANG AWOS KECURIAN  PADA TANGGLKEHILANGAN 02/12/2025  YG HILANG MOXA,SENSOR SHU DAN SARS ,POE "
23,Bandara Mindiptana - Mindiptana,ON,ON,ON,ON,ON,ON,ON,ON,ON,ON,ON,ON,ON,ON,ON,ON,ON,ON,ON,ON,ON,ON,ON,ON,ON,ON,ON,ON,ON,ON,ON,100.0%,
24,Bandara Waghete - Waghete,ON,ON,ON,ON,ON,ON,ON,ON,ON,ON,ON,ON,ON,ON,ON,ON,ON,ON,ON,ON,ON,ON,ON,ON,ON,ON,ON,ON,ON,ON,ON,100.0%,
TOTAL PERSENTASE BULANAN,,,,,,,,,,,,,,,,,,,,,,,,,,,,,,,,,87.5%,
,,,,,,,,,,,,,,,,,,,,,,,,,,,,,,,,,,
OPERATIONAL AGREEMENT ( OLA ) MONITORING STATUS AWOS KATEGORI I ,,,,,,,,,,,,,,,,,,,,,,,,,,,,,,,,,,
BULAN MEI 2026,,,,,,,,,,,,,,,,,,,,,,,,,,,,,,,,,,
,,,,,,,,,,,,,,,,,,,,,,,,,,,,,,,,,,
No,Lokasi AWOS KAT 1,Status,,,,,,,,,,,,,,,,,,,,,,,,,,,,,,,Persentase Aktif (%),KETERANGAN / PERMASALAHAN / MITIGASI
,,1,2,3,4,5,6,7,8,9,10,11,12,13,14,15,16,17,18,19,20,21,22,23,24,25,26,27,28,29,30,31,,
1,Bandara Marinda - Raja Ampat,100%,100%,100%,100%,100%,100%,100%,100%,100%,100%,100%,100%,100%,100%,100%,100%,100%,100%,100%,100%,100%,100%,100%,100%,100%,100%,100%,100%,100%,100%,100%,100.0%,
2,Bandara Inanwatan - Inanwatan,90%,90%,90%,90%,90%,90%,90%,90%,90%,90%,90%,90%,90%,90%,90%,90%,90%,90%,90%,90%,90%,90%,90%,90%,90%,90%,90%,90%,90%,90%,90%,90.0%,
3,Bandara Ayawasi - Maybrat,100%,100%,100%,100%,100%,100%,100%,100%,100%,100%,100%,100%,100%,100%,100%,100%,100%,100%,100%,100%,100%,100%,100%,100%,100%,100%,100%,100%,100%,100%,100%,100.0%,
4,Bandara Kambuaya - Ayamaru,100%,100%,100%,100%,100%,100%,100%,100%,100%,100%,100%,100%,100%,100%,100%,100%,100%,100%,100%,100%,100%,100%,100%,100%,100%,100%,100%,100%,100%,100%,100%,100.0%,
5,Bandara Teminabuan - Sorong Selatan,90%,90%,90%,90%,90%,90%,90%,90%,90%,90%,90%,90%,90%,90%,90%,90%,90%,90%,90%,90%,90%,90%,90%,90%,90%,90%,90%,90%,90%,90%,90%,90.0%,
6,Bandara Babo - Babo,100%,100%,100%,100%,100%,100%,100%,100%,100%,100%,100%,100%,100%,100%,100%,100%,100%,100%,100%,100%,100%,100%,100%,100%,100%,100%,100%,100%,100%,100%,100%,100.0%,
7,Stamet Torea - Fakfak,100%,100%,100%,100%,100%,100%,100%,100%,100%,100%,100%,100%,100%,100%,100%,100%,100%,100%,100%,100%,100%,100%,100%,100%,100%,100%,100%,100%,100%,100%,100%,100.0%,
8,Stamet Utarom - Kaimana,100%,100%,100%,100%,100%,100%,100%,100%,100%,100%,100%,100%,100%,100%,100%,100%,100%,100%,100%,100%,100%,100%,100%,100%,100%,100%,100%,100%,100%,100%,100%,100.0%,
9,Stamet Sudjarwo Tjondronegoro - Serui,100%,100%,100%,100%,100%,100%,100%,100%,100%,100%,100%,100%,100%,100%,100%,100%,100%,100%,100%,100%,100%,100%,100%,100%,100%,100%,100%,100%,100%,100%,100%,100.0%,
10,Bandara Kornasoren - Numfor,100%,100%,100%,100%,100%,100%,100%,100%,100%,100%,100%,100%,100%,100%,100%,100%,100%,100%,100%,100%,100%,100%,100%,100%,100%,100%,100%,100%,100%,100%,100%,100.0%,
11,Bandara Oksibil - Oksibil,100%,100%,100%,100%,100%,100%,100%,100%,100%,100%,100%,100%,100%,100%,100%,100%,100%,100%,100%,100%,100%,100%,100%,100%,100%,100%,100%,100%,100%,100%,100%,100.0%,
12,Bandara Yahukimo - Yakuhimo,0%,0%,0%,0%,0%,0%,0%,0%,0%,0%,0%,0%,0%,0%,0%,0%,0%,0%,0%,0%,0%,0%,0%,0%,0%,0%,0%,0%,0%,0%,0%,0.0%,masalah pada battery dan display monitor
13,Bandara Kasonaweja - Memberamo Raya,100%,100%,100%,100%,100%,100%,100%,100%,100%,100%,100%,100%,100%,100%,100%,100%,100%,100%,100%,100%,100%,100%,100%,100%,100%,100%,100%,100%,100%,100%,100%,100.0%,
14,Bandara Senggeh - Keerom,100%,100%,100%,100%,100%,100%,100%,100%,100%,100%,100%,100%,100%,100%,100%,100%,100%,100%,100%,100%,100%,100%,100%,100%,100%,100%,100%,100%,100%,100%,100%,100.0%,
15,Bandara Wasior - Wasior,100%,100%,100%,100%,100%,100%,100%,100%,100%,100%,100%,100%,100%,100%,100%,100%,100%,100%,100%,100%,100%,100%,100%,100%,100%,100%,100%,100%,100%,100%,100%,100.0%,
16,Bandara Bintuni - Bintuni,100%,100%,100%,100%,100%,100%,100%,100%,100%,100%,100%,100%,100%,100%,100%,100%,100%,100%,100%,100%,100%,100%,100%,100%,100%,100%,100%,100%,100%,100%,100%,100.0%,
17,Bandara Ewer - Ewer,100%,100%,100%,100%,100%,100%,100%,100%,100%,100%,100%,100%,100%,100%,100%,100%,100%,100%,100%,100%,100%,100%,100%,100%,100%,100%,100%,100%,100%,100%,100%,100.0%,
18,Bandara Ilaga - Ilaga,0%,0%,0%,0%,0%,0%,0%,0%,0%,0%,0%,0%,0%,0%,0%,0%,0%,0%,0%,0%,0%,0%,0%,0%,0%,0%,0%,0%,0%,0%,0%,0.0%,CPU dan monitor Display Terbakar Dampak terjadinya konflik sosial kerusuhan yang terjadi pada bulan Juni 2021 update terakhir petugas tower tidak ada dan ditangani oleh TNI utk operasional penerbangan
19,Bandara Kimaam - Kimaam,100%,100%,100%,100%,100%,100%,100%,100%,100%,100%,100%,100%,100%,100%,100%,100%,100%,100%,100%,100%,100%,100%,100%,100%,100%,100%,100%,100%,100%,100%,100%,100.0%,
20,Bandara Okaba - Okaba,100%,100%,100%,100%,100%,100%,100%,100%,100%,100%,100%,100%,100%,100%,100%,100%,100%,100%,100%,100%,100%,100%,100%,100%,100%,100%,100%,100%,100%,100%,100%,100.0%,
21,Bandara Kepi - Kepi,100%,100%,100%,100%,100%,100%,100%,100%,100%,100%,100%,100%,100%,100%,100%,100%,100%,100%,100%,100%,100%,100%,100%,100%,100%,100%,100%,100%,100%,100%,100%,100.0%,
22,Bandara Boven Digul - Tanah Merah,0%,0%,0%,0%,0%,0%,0%,0%,0%,0%,0%,0%,0%,0%,0%,0%,0%,0%,0%,0%,0%,0%,0%,0%,0%,0%,0%,0%,0%,0%,0%,0.0%,"SUKUCADANG AWOS KECURIAN  PADA TANGGLKEHILANGAN 02/12/2025  YG HILANG MOXA,SENSOR SHU DAN SARS ,POE "
23,Bandara Mindiptana - Mindiptana,100%,100%,100%,100%,100%,100%,100%,100%,100%,100%,100%,100%,100%,100%,100%,100%,100%,100%,100%,100%,100%,100%,100%,100%,100%,100%,100%,100%,100%,100%,100%,100.0%,
24,Bandara Waghete - Waghete,100%,100%,100%,100%,100%,100%,100%,100%,100%,100%,100%,100%,100%,100%,100%,100%,100%,100%,100%,100%,100%,100%,100%,100%,100%,100%,100%,100%,100%,100%,100%,100.0%,
TOTAL PERSENTASE BULANAN,,,,,,,,,,,,,,,,,,,,,,,,,,,,,,,,,86.7%,
,,,,,,,,,,,,,,,,,,,,,,,,,,,,,,,,,,
,,,,,,,,,,,,,,,,,,,,,,,,,,,,,,,,,,
SERVICE LEVEL AGREEMENT ( SLA ) MONITORING STATUS AWOS KATEGORI I ,,,,,,,,,,,,,,,,,,,,,,,,,,,,,,,,,,
BULAN JUNI 2026,,,,,,,,,,,,,,,,,,,,,,,,,,,,,,,,,,
,,,,,,,,,,,,,,,,,,,,,,,,,,,,,,,,,,
No,Lokasi AWOS KAT 1,Status,,,,,,,,,,,,,,,,,,,,,,,,,,,,,,,Persentase Aktif (%),KETERANGAN / PERMASALAHAN / MITIGASI
,,1,2,3,4,5,6,7,8,9,10,11,12,13,14,15,16,17,18,19,20,21,22,23,24,25,26,27,28,29,30,-,,
1,Bandara Marinda - Raja Ampat,ON,ON,ON,ON,ON,ON,ON,ON,ON,ON,ON,ON,ON,ON,ON,ON,ON,ON,ON,ON,ON,ON,ON,ON,ON,ON,ON,ON,ON,ON,,100.0%,
2,Bandara Inanwatan - Inanwatan,ON,ON,ON,ON,ON,ON,ON,ON,ON,ON,ON,ON,ON,ON,ON,ON,ON,ON,ON,ON,ON,ON,ON,ON,ON,ON,ON,ON,ON,ON,,100.0%,
3,Bandara Ayawasi - Maybrat,ON,ON,ON,ON,ON,ON,ON,ON,ON,ON,ON,ON,ON,ON,ON,ON,ON,ON,ON,ON,ON,ON,ON,ON,ON,ON,ON,ON,ON,ON,,100.0%,
4,Bandara Kambuaya - Ayamaru,ON,ON,ON,ON,ON,ON,ON,ON,ON,ON,ON,ON,ON,ON,ON,ON,ON,ON,ON,ON,ON,ON,ON,ON,ON,ON,ON,ON,ON,ON,,100.0%,
5,Bandara Teminabuan - Sorong Selatan,ON,ON,ON,ON,ON,ON,ON,ON,ON,ON,ON,ON,ON,ON,ON,ON,ON,ON,ON,ON,ON,ON,ON,ON,ON,ON,ON,ON,ON,ON,,100.0%,
6,Bandara Babo - Babo,ON,ON,ON,ON,ON,ON,ON,ON,ON,ON,ON,ON,ON,ON,ON,ON,ON,ON,ON,ON,ON,ON,ON,ON,ON,ON,ON,ON,ON,ON,,100.0%,
7,Stamet Torea - Fakfak,ON,ON,ON,ON,ON,ON,ON,ON,ON,ON,ON,ON,ON,ON,ON,ON,ON,ON,ON,ON,ON,ON,ON,ON,ON,ON,ON,ON,ON,ON,,100.0%,
8,Stamet Utarom - Kaimana,ON,ON,ON,ON,ON,ON,ON,ON,ON,ON,ON,ON,ON,ON,ON,ON,ON,ON,ON,ON,ON,ON,ON,ON,ON,ON,ON,ON,ON,ON,,100.0%,
9,Stamet Sudjarwo Tjondronegoro - Serui,ON,ON,ON,ON,ON,ON,ON,ON,ON,ON,ON,ON,ON,ON,ON,ON,ON,ON,ON,ON,ON,ON,ON,ON,ON,ON,ON,ON,ON,ON,,100.0%,
10,Bandara Kornasoren - Numfor,ON,ON,ON,ON,ON,ON,ON,ON,ON,ON,ON,ON,ON,ON,ON,ON,ON,ON,ON,ON,ON,ON,ON,ON,ON,ON,ON,ON,ON,ON,,100.0%,
11,Bandara Oksibil - Oksibil,ON,ON,ON,ON,ON,ON,ON,ON,ON,ON,ON,ON,ON,ON,ON,ON,ON,ON,ON,ON,ON,ON,ON,ON,ON,ON,ON,ON,ON,ON,,100.0%,
12,Bandara Yahukimo - Yakuhimo,ON,ON,ON,ON,ON,ON,ON,ON,ON,ON,ON,ON,ON,ON,ON,ON,ON,ON,ON,ON,ON,ON,ON,ON,ON,ON,ON,ON,ON,ON,,100.0%,
13,Bandara Kasonaweja - Memberamo Raya,ON,ON,ON,ON,ON,ON,ON,ON,ON,ON,ON,ON,ON,ON,ON,ON,ON,ON,ON,ON,ON,ON,ON,ON,ON,ON,ON,ON,ON,ON,,100.0%,
14,Bandara Senggeh - Keerom,ON,ON,ON,ON,ON,ON,ON,ON,ON,ON,ON,ON,ON,ON,ON,ON,ON,ON,ON,ON,ON,ON,ON,ON,ON,ON,ON,ON,ON,ON,,100.0%,
15,Bandara Wasior - Wasior,ON,ON,ON,ON,ON,ON,ON,ON,ON,ON,ON,ON,ON,ON,ON,ON,ON,ON,ON,ON,ON,ON,ON,ON,ON,ON,ON,ON,ON,ON,,100.0%,
16,Bandara Bintuni - Bintuni,ON,ON,ON,ON,ON,ON,ON,ON,ON,ON,ON,ON,ON,ON,ON,ON,ON,ON,ON,ON,ON,ON,ON,ON,ON,ON,ON,ON,ON,ON,,100.0%,
17,Bandara Ewer - Ewer,ON,ON,ON,ON,ON,ON,ON,ON,ON,ON,ON,ON,ON,ON,ON,ON,ON,ON,ON,ON,ON,ON,ON,ON,ON,ON,ON,ON,ON,ON,,100.0%,
18,Bandara Ilaga - Ilaga,OFF,OFF,OFF,OFF,OFF,OFF,OFF,OFF,OFF,OFF,OFF,OFF,OFF,OFF,OFF,OFF,OFF,OFF,OFF,OFF,OFF,OFF,OFF,OFF,OFF,OFF,OFF,OFF,OFF,OFF,,,CPU dan monitor Display Terbakar Dampak terjadinya konflik sosial kerusuhan yang terjadi pada bulan Juni 2021 update terakhir petugas tower tidak ada dan ditangani oleh TNI utk operasional penerbangan
19,Bandara Kimaam - Kimaam,ON,ON,ON,ON,ON,ON,ON,ON,ON,ON,ON,ON,ON,ON,ON,ON,ON,ON,ON,ON,ON,ON,ON,ON,ON,ON,ON,ON,ON,ON,,100.0%,
20,Bandara Okaba - Okaba,ON,ON,ON,ON,ON,ON,ON,ON,ON,ON,ON,ON,ON,ON,ON,ON,ON,ON,ON,ON,ON,ON,ON,ON,ON,ON,ON,ON,ON,ON,,100.0%,
21,Bandara Kepi - Kepi,ON,ON,ON,ON,ON,ON,ON,ON,ON,ON,ON,ON,ON,ON,ON,ON,ON,ON,ON,ON,ON,ON,ON,ON,ON,ON,ON,ON,ON,ON,,100.0%,
22,Bandara Boven Digul - Tanah Merah,OFF,OFF,OFF,OFF,OFF,OFF,OFF,OFF,OFF,OFF,OFF,OFF,OFF,OFF,OFF,OFF,OFF,OFF,OFF,OFF,OFF,OFF,OFF,OFF,OFF,OFF,OFF,OFF,OFF,OFF,,,"Peralatan kembali di curi, kabel semua dipotong dan aki hilang. sparepart pengganti sebelumnya sudah tiba tapi belum bisa terpasang, saat ini LOGGER dilepas menunggu arahan selanjutnya untuk relokasi peralatan ke tempat yang lebih aman"
23,Bandara Mindiptana - Mindiptana,ON,ON,ON,ON,ON,ON,ON,ON,ON,ON,ON,ON,ON,ON,ON,ON,ON,ON,ON,ON,ON,ON,ON,ON,ON,ON,ON,ON,ON,ON,,100.0%,
24,Bandara Waghete - Waghete,ON,ON,ON,ON,ON,ON,ON,ON,ON,ON,ON,ON,ON,ON,ON,ON,ON,ON,ON,ON,ON,ON,ON,ON,ON,ON,ON,ON,ON,ON,,100.0%,
TOTAL PERSENTASE BULANAN,,,,,,,,,,,,,,,,,,,,,,,,,,,,,,,,,100.0%,
,,,,,,,,,,,,,,,,,,,,,,,,,,,,,,,,,,
OPERATIONAL AGREEMENT ( OLA ) MONITORING STATUS AWOS KATEGORI I ,,,,,,,,,,,,,,,,,,,,,,,,,,,,,,,,,,
BULAN JUNI 2026,,,,,,,,,,,,,,,,,,,,,,,,,,,,,,,,,,
,,,,,,,,,,,,,,,,,,,,,,,,,,,,,,,,,,
No,Lokasi AWOS KAT 1,Status,,,,,,,,,,,,,,,,,,,,,,,,,,,,,,,Persentase Aktif (%),KETERANGAN / PERMASALAHAN / MITIGASI
,,1,2,3,4,5,6,7,8,9,10,11,12,13,14,15,16,17,18,19,20,21,22,23,24,25,26,27,28,29,30,,,
1,Bandara Marinda - Raja Ampat,100%,100%,100%,100%,100%,100%,100%,100%,100%,100%,100%,100%,100%,100%,100%,100%,100%,100%,100%,100%,100%,100%,100%,100%,100%,100%,100%,100%,100%,100%,,100.0%,
2,Bandara Inanwatan - Inanwatan,90%,90%,90%,90%,90%,90%,90%,90%,90%,90%,90%,90%,90%,90%,90%,90%,90%,90%,90%,90%,90%,90%,90%,90%,90%,90%,90%,90%,90%,90%,,90.0%,
3,Bandara Ayawasi - Maybrat,100%,100%,100%,100%,100%,100%,100%,100%,100%,100%,100%,100%,100%,100%,100%,100%,100%,100%,100%,100%,100%,100%,100%,100%,100%,100%,100%,100%,100%,100%,,100.0%,
4,Bandara Kambuaya - Ayamaru,100%,100%,100%,100%,100%,100%,100%,100%,100%,100%,100%,100%,100%,100%,100%,100%,100%,100%,100%,100%,100%,100%,100%,100%,100%,100%,100%,100%,100%,100%,,100.0%,
5,Bandara Teminabuan - Sorong Selatan,90%,90%,90%,90%,90%,90%,90%,90%,90%,90%,90%,90%,90%,90%,90%,90%,90%,90%,90%,100%,100%,100%,100%,100%,100%,100%,100%,100%,100%,100%,,93.7%,
6,Bandara Babo - Babo,100%,100%,100%,100%,100%,100%,100%,100%,100%,100%,100%,100%,100%,100%,100%,100%,100%,100%,100%,100%,100%,100%,100%,100%,100%,100%,100%,100%,100%,100%,,100.0%,
7,Stamet Torea - Fakfak,100%,100%,100%,100%,100%,100%,100%,100%,100%,100%,100%,100%,100%,100%,100%,100%,100%,100%,100%,100%,100%,100%,100%,100%,100%,100%,100%,100%,100%,100%,,100.0%,
8,Stamet Utarom - Kaimana,100%,100%,100%,100%,100%,100%,100%,100%,100%,100%,100%,100%,100%,100%,100%,65%,82%,100%,100%,100%,100%,100%,100%,100%,100%,100%,100%,100%,100%,100%,,98.2%,
9,Stamet Sudjarwo Tjondronegoro - Serui,100%,100%,100%,100%,100%,100%,100%,100%,100%,100%,100%,100%,100%,100%,100%,100%,100%,100%,100%,100%,100%,100%,100%,100%,100%,100%,100%,100%,100%,100%,,100.0%,
10,Bandara Kornasoren - Numfor,100%,100%,100%,100%,100%,100%,100%,100%,100%,100%,100%,100%,100%,100%,100%,100%,100%,100%,100%,100%,100%,100%,100%,100%,100%,100%,100%,100%,100%,100%,,100.0%,
11,Bandara Oksibil - Oksibil,100%,100%,100%,100%,100%,100%,100%,100%,100%,100%,100%,100%,100%,100%,100%,100%,100%,100%,100%,100%,100%,100%,100%,100%,100%,100%,100%,100%,100%,100%,,100.0%,
12,Bandara Yahukimo - Yakuhimo,100%,100%,100%,100%,100%,100%,100%,100%,100%,100%,100%,100%,100%,100%,100%,100%,100%,100%,100%,100%,100%,100%,100%,100%,100%,100%,100%,100%,100%,100%,,100.0%,
13,Bandara Kasonaweja - Memberamo Raya,100%,100%,100%,100%,100%,100%,100%,100%,100%,100%,100%,100%,100%,100%,100%,100%,100%,100%,100%,100%,100%,100%,100%,100%,100%,100%,100%,100%,100%,100%,,100.0%,
14,Bandara Senggeh - Keerom,100%,100%,100%,100%,100%,100%,100%,100%,100%,100%,100%,100%,100%,100%,100%,100%,100%,100%,100%,100%,100%,100%,100%,100%,100%,100%,100%,100%,100%,100%,,100.0%,
15,Bandara Wasior - Wasior,100%,100%,100%,100%,100%,100%,100%,100%,100%,100%,100%,100%,100%,100%,100%,100%,100%,100%,100%,100%,100%,100%,100%,100%,100%,100%,100%,100%,100%,100%,,100.0%,
16,Bandara Bintuni - Bintuni,50%,50%,50%,96%,96%,96%,96%,96%,96%,96%,96%,96%,96%,96%,96%,96%,96%,96%,96%,96%,96%,96%,96%,96%,96%,96%,96%,96%,96%,96%,,91.4%,Terdapat delay pada pengiriman data dari site ke pc server
17,Bandara Ewer - Ewer,100%,100%,100%,100%,100%,100%,100%,100%,100%,80%,100%,100%,100%,100%,100%,100%,100%,100%,100%,100%,100%,100%,100%,100%,100%,100%,100%,100%,100%,100%,,99.3%,"Radio Link bermasalah, sehingga data terkadang  tidak terkirim di server. Butuh penggantian Radiolink baru. Masih menunggu suku cadang."
18,Bandara Ilaga - Ilaga,0%,0%,0%,0%,0%,0%,0%,0%,0%,0%,0%,0%,0%,0%,0%,0%,0%,0%,0%,0%,0%,0%,0%,0%,0%,0%,0%,0%,0%,0%,,,CPU dan monitor Display Terbakar Dampak terjadinya konflik sosial kerusuhan yang terjadi pada bulan Juni 2021 update terakhir petugas tower tidak ada dan ditangani oleh TNI utk operasional penerbangan
19,Bandara Kimaam - Kimaam,100%,100%,100%,100%,100%,100%,100%,100%,100%,100%,100%,100%,100%,100%,100%,100%,100%,100%,100%,100%,100%,100%,100%,100%,100%,100%,100%,100%,100%,100%,,100.0%,
20,Bandara Okaba - Okaba,100%,100%,100%,100%,100%,100%,100%,100%,100%,100%,100%,100%,100%,100%,100%,100%,100%,100%,100%,100%,100%,100%,100%,100%,100%,100%,100%,100%,100%,100%,,100.0%,
21,Bandara Kepi - Kepi,100%,100%,100%,100%,100%,100%,100%,100%,100%,100%,100%,100%,100%,100%,100%,100%,100%,100%,100%,100%,100%,100%,100%,100%,100%,100%,100%,100%,100%,100%,,100.0%,
22,Bandara Boven Digul - Tanah Merah,0%,0%,0%,0%,0%,0%,0%,0%,0%,0%,0%,0%,0%,0%,0%,0%,0%,0%,0%,0%,0%,0%,0%,0%,0%,0%,0%,0%,0%,0%,,,"Peralatan kembali di curi, kabel semua dipotong dan aki hilang. sparepart pengganti sebelumnya sudah tiba tapi belum bisa terpasang, saat ini LOGGER dilepas menunggu arahan selanjutnya untuk relokasi peralatan ke tempat yang lebih aman"
23,Bandara Mindiptana - Mindiptana,100%,100%,100%,100%,100%,100%,100%,100%,100%,100%,100%,100%,100%,100%,100%,100%,100%,100%,100%,100%,100%,100%,100%,100%,100%,100%,100%,100%,100%,100%,,100.0%,
24,Bandara Waghete - Waghete,100%,100%,100%,100%,100%,100%,100%,100%,100%,100%,100%,100%,100%,100%,100%,100%,100%,100%,100%,100%,100%,100%,100%,100%,100%,100%,100%,100%,100%,100%,,100.0%,
TOTAL PERSENTASE BULANAN,,,,,,,,,,,,,,,,,,,,,,,,,,,,,,,,,98.8%,
,,,,,,,,,,,,,,,,,,,,,,,,,,,,,,,,,,
,,,,,,,,,,,,,,,,,,,,,,,,,,,,,,,,,,
SERVICE LEVEL AGREEMENT ( SLA ) MONITORING STATUS AWOS KATEGORI I ,,,,,,,,,,,,,,,,,,,,,,,,,,,,,,,,,,
BULAN JULI 2026,,,,,,,,,,,,,,,,,,,,,,,,,,,,,,,,,,
,,,,,,,,,,,,,,,,,,,,,,,,,,,,,,,,,,
No,Lokasi AWOS KAT 1,Status,,,,,,,,,,,,,,,,,,,,,,,,,,,,,,,Persentase Aktif (%),KETERANGAN / PERMASALAHAN / MITIGASI
,,1,2,3,4,5,6,7,8,9,10,11,12,13,14,15,16,17,18,19,20,21,22,23,24,25,26,27,28,29,30,31,,
1,Bandara Marinda - Raja Ampat,ON,ON,ON,ON,ON,ON,ON,ON,ON,ON,ON,ON,ON,ON,ON,ON,ON,ON,ON,ON,ON,ON,ON,ON,ON,ON,ON,ON,ON,ON,ON,100.0%,
2,Bandara Inanwatan - Inanwatan,ON,ON,ON,ON,ON,ON,ON,ON,ON,ON,ON,ON,ON,ON,ON,ON,ON,ON,ON,ON,ON,ON,ON,ON,ON,ON,ON,ON,ON,ON,ON,100.0%,
3,Bandara Ayawasi - Maybrat,ON,ON,ON,ON,ON,ON,ON,ON,ON,ON,ON,ON,ON,ON,ON,ON,ON,ON,ON,ON,ON,ON,ON,ON,ON,ON,ON,ON,ON,ON,ON,100.0%,
4,Bandara Kambuaya - Ayamaru,ON,ON,ON,ON,ON,ON,ON,ON,ON,ON,ON,ON,ON,ON,ON,ON,ON,ON,ON,ON,ON,ON,ON,ON,ON,ON,ON,ON,ON,ON,ON,100.0%,
5,Bandara Teminabuan - Sorong Selatan,ON,ON,ON,ON,ON,ON,ON,ON,ON,ON,ON,ON,ON,ON,ON,ON,ON,ON,ON,ON,ON,ON,ON,ON,ON,ON,ON,ON,ON,ON,ON,100.0%,
6,Bandara Babo - Babo,ON,ON,ON,ON,ON,ON,ON,ON,ON,ON,ON,ON,ON,ON,ON,ON,ON,ON,ON,ON,ON,ON,ON,ON,ON,ON,ON,ON,ON,ON,ON,100.0%,
7,Stamet Torea - Fakfak,ON,ON,ON,ON,ON,ON,ON,ON,ON,ON,ON,ON,ON,ON,ON,ON,ON,ON,ON,ON,ON,ON,ON,ON,ON,ON,ON,ON,ON,ON,ON,100.0%,
8,Stamet Utarom - Kaimana,ON,ON,ON,ON,ON,ON,ON,ON,ON,ON,ON,ON,ON,ON,ON,ON,ON,ON,ON,ON,ON,ON,ON,ON,ON,ON,ON,ON,ON,ON,ON,100.0%,
9,Stamet Sudjarwo Tjondronegoro - Serui,ON,ON,ON,ON,ON,ON,ON,ON,ON,ON,ON,ON,ON,ON,ON,ON,ON,ON,ON,ON,ON,ON,ON,ON,ON,ON,ON,ON,ON,ON,ON,100.0%,
10,Bandara Kornasoren - Numfor,ON,ON,ON,ON,ON,ON,ON,ON,ON,ON,ON,ON,ON,ON,ON,ON,ON,ON,ON,ON,ON,ON,ON,ON,ON,ON,ON,ON,ON,ON,ON,100.0%,
11,Bandara Oksibil - Oksibil,ON,ON,ON,ON,ON,ON,ON,ON,ON,ON,ON,ON,ON,ON,ON,ON,ON,ON,ON,ON,ON,ON,ON,ON,ON,ON,ON,ON,ON,ON,ON,100.0%,
12,Bandara Yahukimo - Yakuhimo,ON,ON,ON,ON,ON,ON,ON,ON,ON,ON,ON,ON,ON,ON,ON,ON,ON,ON,ON,ON,ON,ON,ON,ON,ON,ON,ON,ON,ON,ON,ON,100.0%,
13,Bandara Kasonaweja - Memberamo Raya,ON,ON,ON,ON,ON,ON,ON,ON,ON,ON,ON,ON,ON,ON,ON,ON,ON,ON,ON,ON,ON,ON,ON,ON,ON,ON,ON,ON,ON,ON,ON,100.0%,
14,Bandara Senggeh - Keerom,ON,ON,ON,ON,ON,ON,ON,ON,ON,ON,ON,ON,ON,ON,ON,ON,ON,ON,ON,ON,ON,ON,ON,ON,ON,ON,ON,ON,ON,ON,ON,100.0%,
15,Bandara Wasior - Wasior,ON,ON,ON,ON,ON,ON,ON,ON,ON,ON,ON,ON,ON,ON,ON,ON,ON,ON,ON,ON,ON,ON,ON,ON,ON,ON,ON,ON,ON,ON,ON,100.0%,
16,Bandara Bintuni - Bintuni,ON,ON,ON,ON,ON,ON,ON,ON,ON,ON,ON,ON,ON,ON,ON,ON,ON,ON,ON,ON,ON,ON,ON,ON,ON,ON,ON,ON,ON,ON,ON,100.0%,Terdapat delay pada pengiriman data dari site ke pc server
17,Bandara Ewer - Ewer,ON,ON,ON,ON,ON,ON,ON,ON,ON,ON,ON,ON,ON,ON,ON,ON,ON,ON,ON,ON,ON,ON,ON,ON,ON,ON,ON,ON,ON,ON,ON,100.0%,"Radio Link bermasalah, sehingga data terkadang  tidak terkirim di server. Butuh penggantian Radiolink baru. Masih menunggu suku cadang."
18,Bandara Ilaga - Ilaga,OFF,OFF,OFF,OFF,OFF,OFF,OFF,OFF,OFF,OFF,OFF,OFF,OFF,OFF,OFF,OFF,OFF,OFF,OFF,OFF,OFF,OFF,OFF,OFF,OFF,OFF,OFF,OFF,OFF,OFF,OFF,0.0%,CPU dan monitor Display Terbakar Dampak terjadinya konflik sosial kerusuhan yang terjadi pada bulan Juni 2021 update terakhir petugas tower tidak ada dan ditangani oleh TNI utk operasional penerbangan
19,Bandara Kimaam - Kimaam,ON,ON,ON,ON,ON,ON,ON,ON,ON,ON,ON,ON,ON,ON,ON,ON,ON,ON,ON,ON,ON,ON,ON,ON,ON,ON,ON,ON,ON,ON,ON,100.0%,
20,Bandara Okaba - Okaba,ON,ON,ON,ON,ON,ON,ON,ON,ON,ON,ON,ON,ON,ON,ON,ON,ON,ON,ON,ON,ON,ON,ON,ON,ON,ON,ON,ON,ON,ON,ON,100.0%,
21,Bandara Kepi - Kepi,ON,ON,ON,ON,ON,ON,ON,ON,ON,ON,ON,ON,ON,ON,ON,ON,ON,ON,ON,ON,ON,ON,ON,ON,ON,ON,ON,ON,ON,ON,ON,100.0%,
22,Bandara Boven Digul - Tanah Merah,OFF,OFF,OFF,OFF,OFF,OFF,OFF,OFF,OFF,OFF,OFF,OFF,OFF,OFF,OFF,OFF,OFF,OFF,OFF,OFF,OFF,OFF,OFF,OFF,OFF,OFF,OFF,OFF,OFF,OFF,OFF,0.0%,"Sebagian Perangkat yang terpasang distite dilepas karena alasan keamanan, menunggu instruksi  relokasi site AWOS"
23,Bandara Mindiptana - Mindiptana,ON,ON,ON,ON,ON,ON,ON,ON,ON,ON,ON,ON,ON,ON,ON,ON,ON,ON,ON,ON,ON,ON,ON,ON,ON,ON,ON,ON,ON,ON,ON,100.0%,
24,Bandara Waghete - Waghete,ON,ON,ON,ON,ON,ON,ON,ON,ON,ON,ON,ON,ON,ON,ON,ON,ON,ON,ON,ON,ON,ON,ON,ON,ON,ON,ON,ON,ON,ON,ON,100.0%,
TOTAL PERSENTASE BULANAN,,,,,,,,,,,,,,,,,,,,,,,,,,,,,,,,,91.7%,
,,,,,,,,,,,,,,,,,,,,,,,,,,,,,,,,,,
OPERATIONAL AGREEMENT ( OLA ) MONITORING STATUS AWOS KATEGORI I ,,,,,,,,,,,,,,,,,,,,,,,,,,,,,,,,,,
BULAN JULI 2026,,,,,,,,,,,,,,,,,,,,,,,,,,,,,,,,,,
,,,,,,,,,,,,,,,,,,,,,,,,,,,,,,,,,,
No,Lokasi AWOS KAT 1,Status,,,,,,,,,,,,,,,,,,,,,,,,,,,,,,,Persentase Aktif (%),KETERANGAN / PERMASALAHAN / MITIGASI
,,1,2,3,4,5,6,7,8,9,10,11,12,13,14,15,16,17,18,19,20,21,22,23,24,25,26,27,28,29,30,31,,
1,Bandara Marinda - Raja Ampat,100%,100%,100%,100%,100%,100%,100%,100%,100%,100%,100%,100%,100%,100%,100%,100%,100%,100%,100%,100%,100%,100%,100%,100%,100%,100%,100%,100%,100%,100%,100%,100.0%,
2,Bandara Inanwatan - Inanwatan,90%,90%,90%,90%,90%,90%,90%,90%,90%,96%,96%,96%,96%,96%,96%,96%,96%,96%,96%,96%,96%,96%,96%,96%,96%,96%,96%,96%,96%,96%,96%,94.5%,sensor suhu error
3,Bandara Ayawasi - Maybrat,100%,100%,100%,100%,100%,100%,100%,100%,100%,100%,100%,100%,100%,100%,100%,100%,100%,100%,100%,100%,100%,100%,100%,100%,100%,100%,100%,100%,100%,100%,100%,100.0%,
4,Bandara Kambuaya - Ayamaru,100%,100%,100%,100%,100%,100%,100%,100%,100%,100%,100%,100%,100%,100%,100%,100%,100%,100%,100%,100%,100%,100%,100%,100%,100%,100%,100%,100%,100%,100%,100%,100.0%,
5,Bandara Teminabuan - Sorong Selatan,100%,100%,100%,100%,100%,100%,100%,100%,100%,100%,100%,100%,100%,100%,100%,100%,100%,100%,100%,100%,100%,100%,100%,100%,100%,100%,100%,100%,100%,100%,100%,100.0%,
6,Bandara Babo - Babo,100%,100%,100%,100%,100%,100%,100%,100%,100%,100%,100%,100%,100%,100%,100%,100%,100%,100%,100%,100%,100%,100%,100%,100%,100%,100%,100%,100%,100%,100%,100%,100.0%,
7,Stamet Torea - Fakfak,100%,100%,100%,100%,100%,100%,100%,100%,100%,100%,100%,100%,100%,100%,100%,100%,100%,100%,100%,100%,100%,100%,100%,100%,100%,100%,100%,100%,100%,100%,100%,100.0%,
8,Stamet Utarom - Kaimana,100%,100%,100%,100%,100%,100%,100%,100%,100%,100%,100%,100%,100%,100%,100%,100%,100%,100%,100%,100%,100%,100%,100%,100%,100%,100%,100%,100%,100%,100%,100%,100.0%,
9,Stamet Sudjarwo Tjondronegoro - Serui,100%,100%,100%,100%,100%,100%,100%,100%,100%,100%,100%,100%,100%,100%,100%,100%,100%,100%,100%,100%,100%,100%,100%,100%,100%,100%,100%,100%,100%,100%,100%,100.0%,
10,Bandara Kornasoren - Numfor,100%,100%,100%,100%,100%,100%,100%,100%,100%,100%,100%,100%,100%,100%,100%,100%,100%,100%,100%,100%,100%,100%,100%,100%,100%,100%,100%,100%,100%,100%,100%,100.0%,
11,Bandara Oksibil - Oksibil,100%,100%,100%,100%,100%,100%,100%,100%,100%,100%,100%,100%,100%,100%,100%,100%,100%,100%,100%,100%,100%,100%,100%,100%,100%,100%,100%,100%,100%,100%,100%,100.0%,
12,Bandara Yahukimo - Yakuhimo,100%,100%,100%,100%,100%,100%,100%,100%,100%,100%,100%,100%,100%,100%,100%,100%,100%,100%,100%,100%,100%,100%,100%,100%,100%,100%,100%,100%,100%,100%,100%,100.0%,
13,Bandara Kasonaweja - Memberamo Raya,100%,100%,100%,100%,100%,100%,100%,100%,100%,100%,100%,100%,100%,100%,100%,100%,100%,100%,100%,100%,100%,100%,100%,100%,100%,100%,100%,100%,100%,100%,100%,100.0%,
14,Bandara Senggeh - Keerom,100%,100%,100%,100%,100%,100%,100%,100%,100%,100%,100%,100%,100%,100%,100%,100%,100%,100%,100%,100%,100%,100%,100%,100%,100%,100%,100%,100%,100%,100%,100%,100.0%,
15,Bandara Wasior - Wasior,100%,100%,100%,100%,100%,100%,100%,100%,100%,100%,100%,100%,100%,100%,100%,100%,100%,100%,100%,100%,100%,100%,100%,100%,100%,100%,100%,100%,100%,100%,100%,100.0%,
16,Bandara Bintuni - Bintuni,96%,96%,96%,96%,96%,96%,96%,96%,96%,96%,96%,96%,96%,96%,96%,96%,96%,96%,96%,96%,96%,96%,96%,96%,96%,96%,96%,96%,96%,96%,96%,96.0%,Terdapat delay pada pengiriman data dari site ke pc server
17,Bandara Ewer - Ewer,100%,100%,100%,100%,100%,100%,100%,100%,100%,100%,100%,100%,100%,100%,100%,100%,100%,100%,100%,100%,100%,100%,100%,100%,100%,100%,100%,100%,100%,100%,100%,100.0%,"Radio Link bermasalah, sehingga data terkadang  tidak terkirim di server. Butuh penggantian Radiolink baru. Masih menunggu suku cadang."
18,Bandara Ilaga - Ilaga,0%,0%,0%,0%,0%,0%,0%,0%,0%,0%,0%,0%,0%,0%,0%,0%,0%,0%,0%,0%,0%,0%,0%,0%,0%,0%,0%,0%,0%,0%,0%,0.0%,CPU dan monitor Display Terbakar Dampak terjadinya konflik sosial kerusuhan yang terjadi pada bulan Juni 2021 update terakhir petugas tower tidak ada dan ditangani oleh TNI utk operasional penerbangan
19,Bandara Kimaam - Kimaam,100%,100%,100%,100%,100%,100%,100%,100%,100%,100%,100%,100%,100%,100%,100%,100%,100%,100%,100%,100%,100%,100%,100%,100%,100%,100%,100%,100%,100%,100%,100%,100.0%,
20,Bandara Okaba - Okaba,100%,100%,100%,100%,100%,100%,100%,100%,100%,100%,100%,100%,100%,100%,100%,100%,100%,100%,100%,100%,100%,100%,100%,100%,100%,100%,100%,100%,100%,100%,100%,100.0%,
21,Bandara Kepi - Kepi,100%,100%,100%,100%,100%,100%,100%,100%,100%,100%,100%,100%,100%,100%,100%,100%,100%,100%,100%,100%,100%,100%,100%,100%,100%,100%,100%,100%,100%,100%,100%,100.0%,
22,Bandara Boven Digul - Tanah Merah,0%,0%,0%,0%,0%,0%,0%,0%,0%,0%,0%,0%,0%,0%,0%,0%,0%,0%,0%,0%,0%,0%,0%,0%,0%,0%,0%,0%,0%,0%,0%,0.0%,"Sebagian Perangkat yang terpasang distite dilepas karena alasan keamanan, menunggu instruksi  relokasi site AWOS"
23,Bandara Mindiptana - Mindiptana,100%,100%,100%,100%,100%,100%,100%,100%,100%,100%,100%,100%,100%,100%,100%,100%,100%,100%,100%,100%,100%,100%,100%,100%,100%,100%,100%,100%,100%,100%,100%,100.0%,
24,Bandara Waghete - Waghete,100%,100%,100%,100%,100%,100%,100%,100%,100%,100%,100%,100%,100%,100%,100%,100%,100%,100%,100%,100%,100%,100%,100%,100%,100%,100%,100%,100%,100%,100%,100%,100.0%,
TOTAL PERSENTASE BULANAN,,,,,,,,,,,,,,,,,,,,,,,,,,,,,,,,,91.3%,
,,,,,,,,,,,,,,,,,,,,,,,,,,,,,,,,,,
,,,,,,,,,,,,,,,,,,,,,,,,,,,,,,,,,,
SERVICE LEVEL AGREEMENT ( SLA ) MONITORING STATUS AWOS KATEGORI I ,,,,,,,,,,,,,,,,,,,,,,,,,,,,,,,,,,
BULAN AGUSTUS 2026,,,,,,,,,,,,,,,,,,,,,,,,,,,,,,,,,,
,,,,,,,,,,,,,,,,,,,,,,,,,,,,,,,,,,
No,Lokasi AWOS KAT 1,Status,,,,,,,,,,,,,,,,,,,,,,,,,,,,,,,Persentase Aktif (%),KETERANGAN / PERMASALAHAN / MITIGASI
,,1,2,3,4,5,6,7,8,9,10,11,12,13,14,15,16,17,18,19,20,21,22,23,24,25,26,27,28,29,30,31,,
1,Bandara Marinda - Raja Ampat,ON,ON,ON,ON,ON,ON,ON,ON,ON,ON,ON,ON,ON,ON,ON,ON,ON,ON,ON,ON,ON,ON,ON,ON,ON,ON,ON,ON,ON,ON,ON,100.0%,
2,Bandara Inanwatan - Inanwatan,ON,ON,ON,ON,ON,ON,ON,ON,ON,ON,ON,ON,ON,ON,ON,ON,ON,ON,ON,ON,ON,ON,ON,ON,ON,ON,ON,ON,ON,ON,ON,100.0%,
3,Bandara Ayawasi - Maybrat,ON,ON,ON,ON,ON,ON,ON,ON,ON,ON,ON,ON,ON,ON,ON,ON,ON,ON,ON,ON,ON,ON,ON,ON,ON,ON,ON,ON,ON,ON,ON,100.0%,
4,Bandara Kambuaya - Ayamaru,ON,ON,ON,ON,ON,ON,ON,ON,ON,ON,ON,ON,ON,ON,ON,ON,ON,ON,ON,ON,ON,ON,ON,ON,ON,ON,ON,ON,ON,ON,ON,100.0%,
5,Bandara Teminabuan - Sorong Selatan,ON,ON,ON,ON,ON,ON,ON,ON,ON,ON,ON,ON,ON,ON,ON,ON,ON,ON,ON,ON,ON,ON,ON,ON,ON,ON,ON,ON,ON,ON,ON,100.0%,
6,Bandara Babo - Babo,ON,ON,ON,ON,ON,ON,ON,ON,ON,ON,ON,ON,ON,ON,ON,ON,ON,ON,ON,ON,ON,ON,ON,ON,ON,ON,ON,ON,ON,ON,ON,100.0%,
7,Stamet Torea - Fakfak,ON,ON,ON,ON,ON,ON,ON,ON,ON,ON,ON,ON,ON,ON,ON,ON,ON,ON,ON,ON,ON,ON,ON,ON,ON,ON,ON,ON,ON,ON,ON,100.0%,
8,Stamet Utarom - Kaimana,ON,ON,ON,ON,ON,ON,ON,ON,ON,ON,ON,ON,ON,ON,ON,ON,ON,ON,ON,ON,ON,ON,ON,ON,ON,ON,ON,ON,ON,ON,ON,100.0%,
9,Stamet Sudjarwo Tjondronegoro - Serui,ON,ON,ON,ON,ON,ON,ON,ON,ON,ON,ON,ON,ON,ON,ON,ON,ON,ON,ON,ON,ON,ON,ON,ON,ON,ON,ON,ON,ON,ON,ON,100.0%,
10,Bandara Kornasoren - Numfor,ON,ON,ON,ON,ON,ON,ON,ON,ON,ON,ON,ON,ON,ON,ON,ON,ON,ON,ON,ON,ON,ON,ON,ON,ON,ON,ON,ON,ON,ON,ON,100.0%,
11,Bandara Oksibil - Oksibil,ON,ON,ON,ON,ON,ON,ON,ON,ON,ON,ON,ON,ON,ON,ON,ON,ON,ON,ON,ON,ON,ON,ON,ON,ON,ON,ON,ON,ON,ON,ON,100.0%,
12,Bandara Yahukimo - Yakuhimo,ON,ON,ON,ON,ON,ON,ON,ON,ON,ON,ON,ON,ON,ON,ON,ON,ON,ON,ON,ON,ON,ON,ON,ON,ON,ON,ON,ON,ON,ON,ON,100.0%,
13,Bandara Kasonaweja - Memberamo Raya,ON,ON,ON,ON,ON,ON,ON,ON,ON,ON,ON,ON,ON,ON,ON,ON,ON,ON,ON,ON,ON,ON,ON,ON,ON,ON,ON,ON,ON,ON,ON,100.0%,
14,Bandara Senggeh - Keerom,ON,ON,ON,ON,ON,ON,ON,ON,ON,ON,ON,ON,ON,ON,ON,ON,ON,ON,ON,ON,ON,ON,ON,ON,ON,ON,ON,ON,ON,ON,ON,100.0%,
15,Bandara Wasior - Wasior,ON,ON,ON,ON,ON,ON,ON,ON,ON,ON,ON,ON,ON,ON,ON,ON,ON,ON,ON,ON,ON,ON,ON,ON,ON,ON,ON,ON,ON,ON,ON,100.0%,
16,Bandara Bintuni - Bintuni,ON,ON,ON,ON,ON,ON,ON,ON,ON,ON,ON,ON,ON,ON,ON,ON,ON,ON,ON,ON,ON,ON,ON,ON,ON,ON,ON,ON,ON,ON,ON,100.0%,Terdapat delay pada pengiriman data dari site ke pc server
17,Bandara Ewer - Ewer,ON,ON,ON,ON,ON,ON,ON,ON,ON,ON,ON,ON,ON,ON,ON,ON,ON,ON,ON,ON,ON,ON,ON,ON,ON,ON,ON,ON,ON,ON,ON,100.0%,
18,Bandara Ilaga - Ilaga,OFF,OFF,OFF,OFF,OFF,OFF,OFF,OFF,OFF,OFF,OFF,OFF,OFF,OFF,OFF,OFF,OFF,OFF,OFF,OFF,OFF,OFF,OFF,OFF,OFF,OFF,OFF,OFF,OFF,OFF,OFF,0.00%,CPU dan monitor Display Terbakar Dampak terjadinya konflik sosial kerusuhan yang terjadi pada bulan Juni 2021 update terakhir petugas tower tidak ada dan ditangani oleh TNI utk operasional penerbangan
19,Bandara Kimaam - Kimaam,ON,ON,ON,ON,ON,ON,ON,ON,ON,ON,ON,ON,ON,ON,ON,ON,ON,ON,ON,ON,ON,ON,ON,ON,ON,ON,ON,ON,ON,ON,ON,100.0%,
20,Bandara Okaba - Okaba,ON,ON,ON,ON,ON,ON,ON,ON,ON,ON,ON,ON,ON,ON,ON,ON,ON,ON,ON,ON,ON,ON,ON,ON,ON,ON,ON,ON,ON,ON,ON,100.0%,
21,Bandara Kepi - Kepi,ON,ON,ON,ON,ON,ON,ON,ON,ON,ON,ON,ON,ON,ON,ON,ON,ON,ON,ON,ON,ON,ON,ON,ON,ON,ON,ON,ON,ON,ON,ON,100.0%,
22,Bandara Boven Digul - Tanah Merah,OFF,OFF,OFF,OFF,OFF,OFF,OFF,OFF,OFF,OFF,OFF,OFF,OFF,OFF,OFF,OFF,OFF,OFF,OFF,OFF,OFF,OFF,OFF,OFF,OFF,OFF,OFF,OFF,OFF,OFF,OFF,0.0%,"Sebagian Perangkat yang terpasang distite dilepas karena alasan keamanan, menunggu instruksi  relokasi site AWOS"
23,Bandara Mindiptana - Mindiptana,ON,ON,ON,ON,ON,ON,ON,ON,ON,ON,ON,ON,ON,ON,ON,ON,ON,ON,ON,ON,ON,ON,ON,ON,ON,ON,ON,ON,ON,ON,ON,100.0%,
24,Bandara Waghete - Waghete,ON,ON,ON,ON,ON,ON,ON,ON,ON,ON,ON,ON,ON,ON,ON,ON,ON,ON,ON,ON,ON,ON,ON,ON,ON,ON,ON,ON,ON,ON,ON,100.0%,
TOTAL PERSENTASE BULANAN,,,,,,,,,,,,,,,,,,,,,,,,,,,,,,,,,95.7%,
,,,,,,,,,,,,,,,,,,,,,,,,,,,,,,,,,,
OPERATIONAL AGREEMENT ( OLA ) MONITORING STATUS AWOS KATEGORI I ,,,,,,,,,,,,,,,,,,,,,,,,,,,,,,,,,,
BULAN AGUSTUS 2026,,,,,,,,,,,,,,,,,,,,,,,,,,,,,,,,,,
,,,,,,,,,,,,,,,,,,,,,,,,,,,,,,,,,,
No,Lokasi AWOS KAT 1,Status,,,,,,,,,,,,,,,,,,,,,,,,,,,,,,,Persentase Aktif (%),KETERANGAN / PERMASALAHAN / MITIGASI
,,1,2,3,4,5,6,7,8,9,10,11,12,13,14,15,16,17,18,19,20,21,22,23,24,25,26,27,28,29,30,31,,
1,Bandara Marinda - Raja Ampat,100%,100%,100%,100%,100%,100%,100%,100%,100%,100%,100%,100%,100%,100%,100%,100%,100%,100%,100%,100%,100%,100%,100%,100%,100%,100%,100%,100%,100%,100%,100%,100.0%,
2,Bandara Inanwatan - Inanwatan,96%,96%,96%,96%,96%,96%,96%,96%,96%,96%,96%,96%,96%,96%,96%,96%,96%,96%,96%,96%,96%,96%,96%,96%,96%,96%,96%,96%,96%,96%,96%,96.3%,
3,Bandara Ayawasi - Maybrat,100%,100%,100%,100%,100%,100%,100%,100%,100%,100%,100%,100%,100%,100%,100%,100%,100%,100%,100%,100%,100%,100%,100%,100%,100%,100%,100%,100%,100%,100%,100%,100.0%,
4,Bandara Kambuaya - Ayamaru,100%,100%,100%,100%,100%,100%,100%,100%,100%,100%,100%,100%,100%,100%,100%,100%,100%,100%,100%,100%,100%,100%,100%,100%,100%,100%,100%,100%,100%,100%,100%,100.0%,
5,Bandara Teminabuan - Sorong Selatan,100%,100%,100%,100%,100%,100%,100%,100%,100%,100%,100%,100%,100%,100%,100%,100%,100%,100%,100%,100%,100%,100%,100%,100%,100%,100%,100%,100%,100%,100%,100%,100.0%,
6,Bandara Babo - Babo,100%,100%,100%,100%,100%,100%,100%,100%,100%,100%,100%,100%,100%,100%,100%,100%,100%,100%,100%,100%,100%,100%,100%,100%,100%,100%,100%,100%,100%,100%,100%,100.0%,
7,Stamet Torea - Fakfak,100%,100%,100%,100%,100%,100%,100%,100%,100%,100%,100%,100%,100%,100%,100%,100%,100%,100%,100%,100%,100%,100%,100%,100%,100%,100%,100%,100%,100%,100%,100%,100.0%,
8,Stamet Utarom - Kaimana,100%,100%,100%,100%,100%,100%,100%,100%,100%,100%,100%,100%,100%,82%,100%,82%,82%,82%,82%,95%,100%,100%,100%,100%,100%,100%,100%,100%,100%,100%,100%,97.0%,
9,Stamet Sudjarwo Tjondronegoro - Serui,100%,100%,100%,100%,100%,100%,100%,100%,100%,100%,100%,100%,100%,100%,100%,100%,100%,100%,100%,100%,100%,100%,100%,100%,100%,100%,100%,100%,100%,100%,100%,100.0%,
10,Bandara Kornasoren - Numfor,100%,100%,100%,100%,100%,100%,100%,100%,100%,100%,100%,100%,100%,100%,100%,100%,100%,100%,100%,100%,100%,100%,100%,100%,100%,100%,100%,100%,100%,100%,100%,100.0%,
11,Bandara Oksibil - Oksibil,100%,100%,100%,100%,100%,100%,100%,100%,100%,100%,100%,100%,100%,100%,100%,100%,100%,100%,100%,100%,100%,100%,100%,100%,100%,100%,100%,100%,100%,100%,100%,100.0%,
12,Bandara Yahukimo - Yakuhimo,100%,100%,100%,100%,100%,100%,100%,100%,100%,100%,100%,100%,100%,100%,100%,100%,100%,100%,100%,100%,100%,100%,100%,100%,100%,100%,100%,100%,100%,100%,100%,100.0%,
13,Bandara Kasonaweja - Memberamo Raya,100%,100%,100%,100%,100%,100%,100%,100%,100%,100%,100%,100%,100%,100%,100%,100%,100%,100%,100%,100%,100%,100%,100%,100%,100%,100%,96%,100%,100%,100%,100%,99.9%,
14,Bandara Senggeh - Keerom,100%,100%,100%,100%,100%,100%,100%,100%,100%,100%,100%,100%,100%,100%,100%,100%,100%,100%,100%,100%,100%,100%,100%,100%,100%,100%,100%,100%,100%,100%,100%,100.0%,
15,Bandara Wasior - Wasior,100%,100%,100%,100%,100%,100%,100%,100%,100%,100%,100%,100%,100%,100%,100%,100%,100%,100%,100%,100%,100%,100%,100%,100%,100%,100%,100%,100%,100%,100%,100%,100.0%,
16,Bandara Bintuni - Bintuni,96%,96%,96%,96%,96%,96%,96%,96%,96%,96%,96%,96%,96%,96%,96%,96%,96%,96%,96%,96%,96%,96%,96%,96%,96%,96%,96%,96%,96%,96%,96%,96.0%,Terdapat delay pada pengiriman data dari site ke pc server
17,Bandara Ewer - Ewer,100%,100%,100%,100%,100%,100%,100%,100%,100%,100%,100%,100%,100%,100%,100%,100%,100%,100%,100%,100%,100%,100%,100%,100%,100%,100%,100%,100%,100%,100%,100%,100.0%,
18,Bandara Ilaga - Ilaga,0%,0%,0%,0%,0%,0%,0%,0%,0%,0%,0%,0%,0%,0%,0%,0%,0%,0%,0%,0%,0%,0%,0%,0%,0%,0%,0%,0%,0%,0%,0%,0.00%,CPU dan monitor Display Terbakar Dampak terjadinya konflik sosial kerusuhan yang terjadi pada bulan Juni 2021 update terakhir petugas tower tidak ada dan ditangani oleh TNI utk operasional penerbangan
19,Bandara Kimaam - Kimaam,100%,100%,100%,100%,100%,100%,100%,100%,100%,100%,100%,100%,100%,100%,100%,100%,100%,100%,100%,100%,100%,100%,100%,100%,100%,100%,100%,100%,100%,100%,100%,100.0%,
20,Bandara Okaba - Okaba,100%,100%,100%,100%,100%,100%,100%,100%,100%,100%,100%,100%,100%,100%,100%,100%,100%,100%,100%,100%,100%,100%,100%,100%,100%,100%,100%,100%,100%,100%,100%,100.0%,
21,Bandara Kepi - Kepi,100%,100%,100%,100%,100%,100%,100%,100%,100%,100%,100%,100%,100%,100%,100%,100%,100%,100%,100%,100%,100%,100%,100%,100%,100%,100%,100%,100%,100%,100%,100%,100.0%,
22,Bandara Boven Digul - Tanah Merah,0%,0%,0%,0%,0%,0%,0%,0%,0%,0%,0%,0%,0%,0%,0%,0%,0%,0%,0%,0%,0%,0%,0%,0%,0%,0%,0%,0%,0%,0%,0%,0.0%,"Sebagian Perangkat yang terpasang distite dilepas karena alasan keamanan, menunggu instruksi  relokasi site AWOS Tahun Depan"
23,Bandara Mindiptana - Mindiptana,100%,100%,100%,100%,100%,100%,100%,100%,100%,100%,100%,100%,100%,100%,100%,100%,100%,100%,100%,100%,100%,100%,100%,100%,100%,100%,100%,100%,100%,100%,100%,100.0%,
24,Bandara Waghete - Waghete,100%,100%,100%,100%,100%,100%,100%,100%,100%,100%,100%,100%,100%,100%,100%,100%,100%,100%,100%,100%,100%,100%,100%,100%,100%,100%,100%,100%,100%,100%,100%,100.0%,
TOTAL PERSENTASE BULANAN,,,,,,,,,,,,,,,,,,,,,,,,,,,,,,,,,95.2%,
,,,,,,,,,,,,,,,,,,,,,,,,,,,,,,,,,,
,,,,,,,,,,,,,,,,,,,,,,,,,,,,,,,,,,
SERVICE LEVEL AGREEMENT ( SLA ) MONITORING STATUS AWOS KATEGORI I ,,,,,,,,,,,,,,,,,,,,,,,,,,,,,,,,,,
BULAN SEPTEMBER 2026,,,,,,,,,,,,,,,,,,,,,,,,,,,,,,,,,,
,,,,,,,,,,,,,,,,,,,,,,,,,,,,,,,,,,
No,Lokasi AWOS KAT 1,Status,,,,,,,,,,,,,,,,,,,,,,,,,,,,,,,Persentase Aktif (%),KETERANGAN / PERMASALAHAN / MITIGASI
,,1,2,3,4,5,6,7,8,9,10,11,12,13,14,15,16,17,18,19,20,21,22,23,24,25,26,27,28,29,30,,,
1,Bandara Marinda - Raja Ampat,ON,ON,ON,ON,ON,ON,ON,ON,ON,ON,ON,ON,ON,ON,ON,ON,ON,ON,ON,ON,ON,ON,ON,ON,ON,ON,ON,ON,ON,ON,,100.0%,
2,Bandara Inanwatan - Inanwatan,ON,ON,ON,ON,ON,ON,ON,ON,ON,ON,ON,ON,ON,ON,ON,ON,ON,ON,ON,ON,ON,ON,ON,ON,ON,ON,ON,ON,ON,ON,,100.0%,
3,Bandara Ayawasi - Maybrat,ON,ON,ON,ON,ON,ON,ON,ON,ON,ON,ON,ON,ON,ON,ON,ON,ON,ON,ON,ON,ON,ON,ON,ON,ON,ON,ON,ON,ON,ON,,100.0%,
4,Bandara Kambuaya - Ayamaru,ON,ON,ON,ON,ON,ON,ON,ON,ON,ON,ON,ON,ON,ON,ON,ON,ON,ON,ON,ON,ON,ON,ON,ON,ON,ON,ON,ON,ON,ON,,100.0%,
5,Bandara Teminabuan - Sorong Selatan,ON,ON,ON,ON,ON,ON,ON,ON,ON,ON,ON,ON,ON,ON,ON,ON,ON,ON,ON,ON,ON,ON,ON,ON,ON,ON,ON,ON,ON,ON,,100.0%,
6,Bandara Babo - Babo,ON,ON,ON,ON,ON,ON,ON,ON,ON,ON,ON,ON,ON,ON,ON,ON,ON,ON,ON,ON,ON,ON,ON,ON,ON,ON,ON,ON,ON,ON,,100.0%,
7,Stamet Torea - Fakfak,ON,ON,ON,ON,ON,ON,ON,ON,ON,ON,ON,ON,ON,ON,ON,ON,ON,ON,ON,ON,ON,ON,ON,ON,ON,ON,ON,ON,ON,ON,,100.0%,
8,Stamet Utarom - Kaimana,ON,ON,ON,ON,ON,ON,ON,ON,ON,ON,ON,ON,ON,ON,ON,ON,ON,ON,ON,ON,ON,ON,ON,ON,ON,ON,ON,ON,ON,ON,,100.0%,
9,Stamet Sudjarwo Tjondronegoro - Serui,ON,ON,ON,ON,ON,ON,ON,ON,ON,ON,ON,ON,ON,ON,ON,ON,ON,ON,ON,ON,ON,ON,ON,ON,ON,ON,ON,ON,ON,ON,,100.0%,
10,Bandara Kornasoren - Numfor,ON,ON,ON,ON,ON,ON,ON,ON,ON,ON,ON,ON,ON,ON,ON,ON,ON,ON,ON,ON,ON,ON,ON,ON,ON,ON,ON,ON,ON,ON,,100.0%,
11,Bandara Oksibil - Oksibil,ON,ON,ON,ON,ON,ON,ON,ON,ON,ON,ON,ON,ON,ON,ON,ON,ON,ON,ON,ON,ON,ON,ON,ON,ON,ON,ON,ON,ON,ON,,100.0%,
12,Bandara Yahukimo - Yakuhimo,ON,ON,ON,ON,ON,ON,ON,ON,ON,ON,ON,ON,ON,ON,ON,ON,ON,ON,ON,ON,ON,ON,ON,ON,ON,ON,ON,ON,ON,ON,,100.0%,
13,Bandara Kasonaweja - Memberamo Raya,ON,ON,ON,ON,ON,ON,ON,ON,ON,ON,ON,ON,ON,ON,ON,ON,ON,ON,ON,ON,ON,ON,ON,ON,ON,ON,ON,ON,ON,ON,,100.0%,
14,Bandara Senggeh - Keerom,ON,ON,ON,ON,ON,ON,ON,ON,ON,ON,ON,ON,ON,ON,ON,ON,ON,ON,ON,ON,ON,ON,ON,ON,ON,ON,ON,ON,ON,ON,,100.0%,
15,Bandara Wasior - Wasior,ON,ON,ON,ON,ON,ON,ON,ON,ON,ON,ON,ON,ON,ON,ON,ON,ON,ON,ON,ON,ON,ON,ON,ON,ON,ON,ON,ON,ON,ON,,100.0%,
16,Bandara Bintuni - Bintuni,ON,ON,ON,ON,ON,ON,ON,ON,ON,ON,ON,ON,ON,ON,ON,ON,ON,ON,ON,ON,ON,ON,ON,ON,ON,ON,ON,ON,ON,ON,,100.0%,PC Server AWOS Mati. Saat ini dalam proses perbaikan
17,Bandara Ewer - Ewer,ON,ON,ON,ON,ON,ON,ON,ON,ON,ON,ON,ON,ON,ON,ON,ON,ON,ON,ON,ON,ON,ON,ON,ON,ON,ON,ON,ON,ON,ON,,100.0%,
18,Bandara Ilaga - Ilaga,OFF,OFF,OFF,OFF,OFF,OFF,OFF,OFF,OFF,OFF,OFF,OFF,OFF,OFF,OFF,OFF,OFF,OFF,OFF,OFF,OFF,OFF,OFF,OFF,OFF,OFF,OFF,OFF,OFF,OFF,,0.00%,CPU dan monitor Display Terbakar Dampak terjadinya konflik sosial kerusuhan yang terjadi pada bulan Juni 2021 update terakhir petugas tower tidak ada dan ditangani oleh TNI utk operasional penerbangan
19,Bandara Kimaam - Kimaam,ON,ON,ON,ON,ON,ON,ON,ON,ON,ON,ON,ON,ON,ON,ON,ON,ON,ON,ON,ON,ON,ON,ON,ON,ON,ON,ON,ON,ON,ON,,100.0%,
20,Bandara Okaba - Okaba,ON,ON,ON,ON,ON,ON,ON,ON,ON,ON,ON,ON,ON,ON,ON,ON,ON,ON,ON,ON,ON,ON,ON,ON,ON,ON,ON,ON,ON,ON,,100.0%,
21,Bandara Kepi - Kepi,ON,ON,ON,ON,ON,ON,ON,ON,ON,ON,ON,ON,ON,ON,ON,ON,ON,ON,ON,ON,ON,ON,ON,ON,ON,ON,ON,ON,ON,ON,,100.0%,
22,Bandara Boven Digul - Tanah Merah,OFF,OFF,OFF,OFF,OFF,OFF,OFF,OFF,OFF,OFF,OFF,OFF,OFF,OFF,OFF,OFF,OFF,OFF,OFF,OFF,OFF,OFF,OFF,OFF,OFF,OFF,OFF,OFF,OFF,OFF,,0.0%,"Sebagian Perangkat yang terpasang distite dilepas karena alasan keamanan, menunggu instruksi  relokasi site AWOS Tahun Depan"
23,Bandara Mindiptana - Mindiptana,ON,ON,ON,ON,ON,ON,ON,ON,ON,ON,ON,ON,ON,ON,ON,ON,ON,ON,ON,ON,ON,ON,ON,ON,ON,ON,ON,ON,ON,ON,,100.0%,
24,Bandara Waghete - Waghete,ON,ON,ON,ON,ON,ON,ON,ON,ON,ON,ON,ON,ON,ON,ON,ON,ON,ON,ON,ON,ON,ON,ON,ON,ON,ON,ON,ON,ON,ON,,100.0%,
TOTAL PERSENTASE BULANAN,,,,,,,,,,,,,,,,,,,,,,,,,,,,,,,,,95.7%,
,,,,,,,,,,,,,,,,,,,,,,,,,,,,,,,,,,
OPERATIONAL AGREEMENT ( OLA ) MONITORING STATUS AWOS KATEGORI I ,,,,,,,,,,,,,,,,,,,,,,,,,,,,,,,,,,
BULAN SEPTEMBER 2026,,,,,,,,,,,,,,,,,,,,,,,,,,,,,,,,,,
,,,,,,,,,,,,,,,,,,,,,,,,,,,,,,,,,,
No,Lokasi AWOS KAT 1,Status,,,,,,,,,,,,,,,,,,,,,,,,,,,,,,,Persentase Aktif (%),KETERANGAN / PERMASALAHAN / MITIGASI
,,1,2,3,4,5,6,7,8,9,10,11,12,13,14,15,16,17,18,19,20,21,22,23,24,25,26,27,28,29,30,,,
1,Bandara Marinda - Raja Ampat,100%,100%,100%,100%,100%,100%,100%,100%,100%,100%,100%,100%,100%,100%,100%,100%,100%,100%,100%,100%,100%,100%,100%,100%,100%,100%,100%,100%,100%,100%,,100.0%,
2,Bandara Inanwatan - Inanwatan,96%,96%,96%,96%,96%,96%,96%,96%,96%,96%,96%,96%,96%,96%,96%,96%,96%,96%,96%,96%,96%,96%,96%,96%,96%,96%,96%,96%,96%,96%,,96.3%,
3,Bandara Ayawasi - Maybrat,100%,100%,100%,100%,100%,100%,100%,100%,100%,100%,100%,100%,100%,100%,100%,100%,100%,100%,100%,100%,100%,100%,100%,100%,100%,100%,100%,100%,100%,100%,,100.0%,
4,Bandara Kambuaya - Ayamaru,100%,100%,100%,100%,100%,100%,100%,100%,100%,100%,100%,100%,100%,100%,100%,100%,100%,100%,100%,100%,100%,100%,100%,100%,100%,100%,100%,100%,100%,100%,,100.0%,
5,Bandara Teminabuan - Sorong Selatan,100%,100%,100%,100%,100%,100%,100%,100%,100%,100%,100%,100%,100%,100%,100%,100%,100%,100%,100%,100%,100%,100%,100%,100%,100%,100%,100%,100%,100%,100%,,100.0%,
6,Bandara Babo - Babo,100%,100%,100%,100%,100%,100%,100%,100%,100%,100%,100%,100%,100%,100%,100%,100%,100%,100%,100%,100%,100%,100%,100%,100%,100%,100%,100%,100%,100%,100%,,100.0%,
7,Stamet Torea - Fakfak,100%,100%,100%,100%,100%,100%,100%,100%,100%,100%,100%,100%,100%,100%,100%,100%,100%,100%,100%,100%,100%,100%,100%,100%,100%,100%,100%,100%,100%,100%,,100.0%,
8,Stamet Utarom - Kaimana,100%,100%,100%,100%,100%,100%,100%,100%,100%,100%,100%,100%,100%,100%,100%,100%,100%,100%,100%,100%,100%,100%,100%,100%,100%,100%,100%,100%,100%,100%,,100.0%,
9,Stamet Sudjarwo Tjondronegoro - Serui,100%,100%,100%,100%,100%,100%,100%,100%,100%,100%,100%,100%,100%,100%,100%,100%,100%,100%,100%,100%,100%,100%,100%,100%,100%,100%,100%,100%,100%,100%,,100.0%,
10,Bandara Kornasoren - Numfor,100%,100%,100%,100%,100%,100%,100%,100%,100%,100%,100%,100%,100%,100%,100%,100%,100%,100%,100%,100%,100%,100%,100%,100%,100%,100%,100%,100%,100%,100%,,100.0%,
11,Bandara Oksibil - Oksibil,100%,100%,100%,100%,100%,100%,100%,100%,100%,100%,100%,100%,100%,100%,100%,100%,100%,100%,100%,100%,100%,100%,100%,100%,100%,100%,100%,100%,100%,100%,,100.0%,
12,Bandara Yahukimo - Yakuhimo,100%,100%,100%,100%,100%,100%,100%,100%,100%,100%,100%,100%,100%,100%,100%,100%,100%,100%,100%,100%,100%,100%,100%,100%,100%,100%,100%,100%,100%,100%,,100.0%,
13,Bandara Kasonaweja - Memberamo Raya,100%,100%,100%,100%,100%,100%,100%,100%,100%,100%,100%,100%,100%,100%,100%,100%,100%,100%,100%,100%,100%,100%,100%,100%,100%,100%,100%,100%,100%,100%,,100.0%,
14,Bandara Senggeh - Keerom,100%,100%,100%,100%,100%,100%,100%,100%,100%,100%,100%,100%,100%,100%,100%,100%,100%,100%,100%,100%,100%,100%,100%,100%,100%,100%,100%,100%,100%,100%,,100.0%,
15,Bandara Wasior - Wasior,100%,100%,100%,100%,100%,100%,100%,100%,100%,100%,100%,100%,100%,100%,100%,100%,100%,100%,100%,100%,100%,100%,100%,100%,100%,100%,100%,100%,100%,100%,,100.0%,
16,Bandara Bintuni - Bintuni,96%,96%,96%,96%,96%,96%,96%,96%,96%,96%,96%,96%,96%,96%,96%,96%,96%,96%,96%,96%,96%,96%,80%,80%,80%,80%,80%,80%,80%,80%,,91.7%,Terdapat delay pada pengiriman data dari site ke pc server
17,Bandara Ewer - Ewer,100%,100%,100%,100%,100%,100%,100%,100%,100%,100%,100%,100%,100%,100%,100%,100%,100%,100%,100%,100%,100%,100%,100%,100%,100%,100%,100%,100%,100%,100%,,100.0%,
18,Bandara Ilaga - Ilaga,0%,0%,0%,0%,0%,0%,0%,0%,0%,0%,0%,0%,0%,0%,0%,0%,0%,0%,0%,0%,0%,0%,0%,0%,0%,0%,0%,0%,0%,0%,,0.00%,CPU dan monitor Display Terbakar Dampak terjadinya konflik sosial kerusuhan yang terjadi pada bulan Juni 2021 update terakhir petugas tower tidak ada dan ditangani oleh TNI utk operasional penerbangan
19,Bandara Kimaam - Kimaam,100%,100%,100%,100%,100%,100%,100%,100%,100%,100%,100%,100%,100%,100%,100%,100%,100%,100%,100%,100%,100%,100%,100%,100%,100%,100%,100%,100%,100%,100%,,100.0%,
20,Bandara Okaba - Okaba,100%,100%,100%,100%,100%,100%,100%,100%,100%,100%,100%,100%,100%,100%,100%,100%,100%,100%,100%,100%,100%,100%,100%,100%,100%,100%,100%,100%,100%,100%,,100.0%,
21,Bandara Kepi - Kepi,100%,100%,100%,100%,100%,100%,100%,100%,100%,100%,100%,100%,100%,100%,100%,100%,100%,100%,100%,100%,100%,100%,100%,100%,100%,100%,100%,100%,100%,100%,,100.0%,
22,Bandara Boven Digul - Tanah Merah,0%,0%,0%,0%,0%,0%,0%,0%,0%,0%,0%,0%,0%,0%,0%,0%,0%,0%,0%,0%,0%,0%,0%,0%,0%,0%,0%,0%,0%,0%,,0.0%,"Sebagian Perangkat yang terpasang distite dilepas karena alasan keamanan, menunggu instruksi  relokasi site AWOS Tahun Depan"
23,Bandara Mindiptana - Mindiptana,100%,100%,100%,100%,100%,100%,100%,100%,100%,100%,100%,100%,100%,100%,100%,100%,100%,100%,100%,100%,100%,100%,100%,100%,100%,100%,100%,100%,100%,100%,,100.0%,
24,Bandara Waghete - Waghete,100%,100%,100%,100%,100%,100%,100%,100%,100%,100%,100%,100%,100%,100%,100%,100%,100%,100%,100%,100%,100%,100%,100%,100%,100%,100%,100%,100%,100%,100%,,100.0%,
TOTAL PERSENTASE BULANAN,,,,,,,,,,,,,,,,,,,,,,,,,,,,,,,,,95.1%,