SERVICE LEVEL AGREEMENT ( SLA ) MONITORING DATA  WRS NEW GENARTION,,,,,,,,,,,,,,,,,,,,,,,,,,,,,,,,,,,,,,
BULAN JANUARI 2026,,,,,,,,,,,,,,,,,,,,,,,,,,,,,,,,,,,,,,
,,,,,,,,,,,,,,,,,,,,,,,,,,,,,,,,,,,,,,
No,LOKASI WRS NEW GENERATION ,Stasiun / PIC,,,Tahun Pengadaan,Status,,,,,,,,,,,,,,,,,,,,,,,,,,,,,,,Persentase Aktif (%),KETERANGAN / PERMASALAHAN / MITIGASI
,,,,,,1,2,3,4,5,6,7,8,9,10,11,12,13,14,15,16,17,18,19,20,21,22,23,24,25,26,27,28,29,30,31,,
1,Balai Besar MKG Wilayah V ,Stageof Angkasa,,,2020,ON,ON,ON,ON,ON,ON,ON,ON,ON,ON,ON,ON,ON,ON,ON,ON,ON,ON,ON,ON,ON,ON,ON,ON,ON,ON,ON,ON,ON,ON,ON,100.0%,
2,SAR Jayapura,Stageof Angkasa,,,2021,ON,ON,ON,ON,ON,ON,ON,ON,ON,ON,ON,ON,ON,ON,ON,ON,ON,ON,ON,ON,ON,ON,ON,ON,ON,ON,ON,ON,ON,ON,ON,100.0%,
3,BPBD Kota Jayapura,Stageof Angkasa,,,2020,ON,ON,ON,ON,ON,ON,ON,ON,ON,ON,ON,ON,ON,ON,ON,ON,ON,ON,ON,ON,ON,ON,ON,ON,ON,ON,ON,ON,ON,ON,ON,100.0%,
4,BPBD Kab. Jayapura,Stageof Angkasa,,,2020,ON,ON,ON,ON,ON,ON,ON,ON,ON,ON,ON,ON,ON,ON,ON,ON,ON,ON,ON,ON,ON,ON,ON,ON,ON,ON,ON,ON,ON,ON,ON,100.0%,
5,Lantamal X,Stageof Angkasa,,,2020,ON,ON,ON,ON,ON,ON,ON,ON,ON,ON,ON,ON,ON,ON,ON,ON,ON,ON,ON,ON,ON,ON,ON,ON,ON,ON,ON,ON,ON,ON,ON,100.0%,
6,BPBD Kab. Biak ,Stageof Angkasa,,,2021,ON,ON,ON,ON,ON,ON,ON,ON,ON,ON,ON,ON,ON,ON,ON,ON,ON,ON,ON,ON,ON,ON,ON,ON,ON,ON,ON,ON,ON,ON,ON,100.0%,
7,Stageof Nabire,Stageof Nabire,,,2020,ON,ON,ON,ON,ON,ON,ON,ON,ON,ON,ON,ON,ON,ON,ON,ON,ON,ON,ON,ON,ON,ON,ON,ON,ON,ON,ON,ON,ON,ON,ON,100.0%,
8,BPBD  Kab. Nabire,Stageof Nabire,,,2020,ON,ON,ON,ON,ON,ON,ON,ON,ON,ON,ON,ON,ON,ON,ON,ON,ON,ON,ON,ON,ON,ON,ON,ON,ON,ON,ON,ON,ON,ON,ON,100.0%,
9,BPBD Supiori,Stageof Nabire,,,2023,ON,ON,ON,ON,ON,ON,ON,ON,ON,ON,ON,ON,ON,ON,ON,ON,ON,ON,ON,ON,ON,ON,ON,ON,ON,ON,ON,ON,ON,ON,ON,100.0%,
10,Stageof Sorong,Stageof Sorong,,,2019,ON,ON,ON,ON,ON,ON,ON,ON,ON,ON,ON,ON,ON,ON,ON,ON,ON,ON,ON,ON,ON,ON,ON,ON,ON,ON,ON,ON,ON,ON,ON,100.0%,
11,BPBD. Raja Ampat,Stageof Sorong,,,2019,ON,ON,ON,ON,ON,ON,ON,ON,ON,ON,ON,ON,ON,ON,ON,ON,ON,ON,ON,ON,ON,ON,ON,ON,ON,ON,ON,ON,ON,ON,ON,100.0%,
12,BPBD. Sorong Selatan,Stageof Sorong,,,2019,ON,ON,ON,ON,ON,ON,ON,ON,ON,ON,ON,ON,ON,ON,ON,ON,ON,ON,ON,ON,ON,ON,ON,ON,ON,ON,ON,ON,ON,ON,ON,100.0%,
13,BPBD. Teluk Wonadama,Stageof Sorong,,,2019,ON,ON,ON,ON,ON,ON,ON,ON,ON,ON,ON,ON,ON,ON,ON,ON,ON,ON,ON,ON,ON,ON,ON,ON,ON,ON,ON,ON,ON,ON,ON,100.0%,
14,BPBD. Teluk Bintuni,Stageof Sorong,,,2019,ON,ON,ON,ON,ON,ON,ON,ON,ON,ON,ON,ON,ON,ON,ON,ON,ON,ON,ON,ON,ON,ON,ON,ON,ON,ON,ON,ON,ON,ON,ON,100.0%,
15,BPBD. Kab. Sorong,Stageof Sorong,,,2021,ON,ON,ON,ON,ON,ON,ON,ON,ON,ON,ON,ON,ON,ON,ON,ON,ON,ON,ON,ON,ON,ON,ON,ON,ON,ON,ON,ON,ON,ON,ON,100.0%,
16,BPBD Kota Sorong,Stageof Sorong,,,2021,ON,ON,ON,ON,ON,ON,ON,ON,ON,ON,ON,ON,ON,ON,ON,ON,ON,ON,ON,ON,ON,ON,ON,ON,ON,ON,ON,ON,ON,ON,ON,100.0%,
TOTAL PERSENTASE BULANAN ,,,,,,,,,,,,,,,,,,,,,,,,,,,,,,,,,,,,,100.0%,
,,,,,,,,,,,,,,,,,,,,,,,,,,,,,,,,,,,,,,
OPERATIONAL LEVEL AGREEMENT ( OLA ) MONITORING DATA WRS NG,,,,,,,,,,,,,,,,,,,,,,,,,,,,,,,,,,,,,,
BULAN JANUARI 2026,,,,,,,,,,,,,,,,,,,,,,,,,,,,,,,,,,,,,,
,,,,,,,,,,,,,,,,,,,,,,,,,,,,,,,,,,,,,,
No,LOKASI WRS NEW GENERATION,Stasiun / PIC,,,Tahun Pengadaan,Status,,,,,,,,,,,,,,,,,,,,,,,,,,,,,,,Persentase Aktif (%),KETERANGAN / PERMASALAHAN / MITIGASI
,,,,,,1,2,3,4,5,6,7,8,9,10,11,12,13,14,15,16,17,18,19,20,21,22,23,24,25,26,27,28,29,30,31,,
1,Balai Besar MKG Wilayah V ,Stageof Angkasa,,,2020,100%,100%,100%,100%,100%,100%,100%,100%,100%,100%,100%,100%,100%,100%,100%,100%,100%,100%,100%,100%,100%,100%,100%,100%,100%,100%,100%,100%,100%,100%,100%,100.0%,
2,SAR Jayapura,Stageof Angkasa,,,2021,100%,100%,100%,100%,100%,100%,100%,100%,100%,100%,100%,100%,100%,100%,100%,100%,100%,100%,100%,100%,100%,100%,100%,100%,100%,100%,100%,100%,100%,100%,100%,100.0%,
3,BPBD Kota Jayapura,Stageof Angkasa,,,2020,100%,100%,100%,100%,100%,100%,100%,100%,100%,100%,100%,100%,100%,100%,100%,100%,100%,100%,100%,100%,100%,100%,100%,100%,100%,100%,100%,100%,100%,100%,100%,100.0%,
4,BPBD Kab. Jayapura,Stageof Angkasa,,,2020,100%,100%,100%,100%,100%,100%,100%,100%,100%,100%,100%,100%,100%,100%,100%,100%,100%,100%,100%,100%,100%,100%,100%,100%,100%,100%,100%,100%,100%,100%,100%,100.0%,
5,Lantamal X,Stageof Angkasa,,,2020,100%,100%,100%,100%,100%,100%,100%,100%,100%,100%,100%,100%,100%,100%,100%,100%,100%,100%,100%,100%,100%,100%,100%,100%,100%,100%,100%,100%,100%,100%,100%,100.0%,
6,BPBD Kab. Biak ,Stageof Angkasa,,,2021,100%,100%,100%,100%,100%,100%,100%,100%,100%,100%,100%,100%,100%,100%,100%,100%,100%,100%,100%,100%,100%,100%,100%,100%,100%,100%,100%,100%,100%,100%,100%,100.0%,
7,Stageof Nabire,Stageof Nabire,,,2020,100%,100%,100%,100%,100%,100%,100%,100%,100%,100%,100%,100%,100%,100%,100%,100%,100%,100%,100%,100%,100%,100%,100%,100%,100%,100%,100%,100%,100%,100%,100%,100.0%,
8,BPBD  Kab. Nabire,Stageof Nabire,,,2020,100%,100%,100%,100%,100%,100%,100%,100%,100%,100%,100%,100%,100%,100%,100%,100%,100%,100%,100%,100%,100%,100%,100%,100%,100%,100%,100%,100%,100%,100%,100%,100.0%,
9,BPBD Supiori,Stageof Nabire,,,2023,100%,100%,100%,100%,100%,100%,100%,100%,100%,100%,100%,100%,100%,100%,100%,100%,100%,100%,100%,100%,100%,100%,100%,100%,100%,100%,100%,100%,100%,100%,100%,100.0%,
10,Stageof Sorong,Stageof Sorong,,,2019,100%,100%,100%,100%,100%,100%,100%,100%,100%,100%,100%,100%,100%,100%,100%,100%,100%,100%,100%,100%,100%,100%,100%,100%,100%,100%,100%,100%,100%,100%,100%,100.0%,
11,BPBD. Raja Ampat,Stageof Sorong,,,2019,100%,100%,100%,100%,100%,100%,100%,100%,100%,100%,100%,100%,100%,100%,100%,100%,100%,100%,100%,100%,100%,100%,100%,100%,100%,100%,100%,100%,100%,100%,100%,100.0%,
12,BPBD. Sorong Selatan,Stageof Sorong,,,2019,100%,100%,100%,100%,100%,100%,100%,100%,100%,100%,100%,100%,100%,100%,100%,100%,100%,100%,100%,100%,100%,100%,100%,100%,100%,100%,100%,100%,100%,100%,100%,100.0%,
13,BPBD. Teluk Wonadama,Stageof Sorong,,,2019,100%,100%,100%,100%,100%,100%,100%,100%,100%,100%,100%,100%,100%,100%,100%,100%,100%,100%,100%,100%,100%,100%,100%,100%,100%,100%,100%,100%,100%,100%,100%,100.0%,
14,BPBD. Teluk Bintuni,Stageof Sorong,,,2019,100%,100%,100%,100%,100%,100%,100%,100%,100%,100%,100%,100%,100%,100%,100%,100%,100%,100%,100%,100%,100%,100%,100%,100%,100%,100%,100%,100%,100%,100%,100%,100.0%,
15,BPBD. Kab. Sorong,Stageof Sorong,,,2021,100%,100%,100%,100%,100%,100%,100%,100%,100%,100%,100%,100%,100%,100%,100%,100%,100%,100%,100%,100%,100%,100%,100%,100%,100%,100%,100%,100%,100%,100%,100%,100.0%,
16,BPBD Kota Sorong,Stageof Sorong,,,2021,100%,100%,100%,100%,100%,100%,100%,100%,100%,100%,100%,100%,100%,100%,100%,100%,100%,100%,100%,100%,100%,100%,100%,100%,100%,100%,100%,100%,100%,100%,100%,100.0%,
TOTAL PERSENTASE BULANAN,,,,,,,,,,,,,,,,,,,,,,,,,,,,,,,,,,,,,100.0%,
,,,,,,,,,,,,,,,,,,,,,,,,,,,,,,,,,,,,,,
,,,,,,,,,,,,,,,,,,,,,,,,,,,,,,,,,,,,,,
SERVICE LEVEL AGREEMENT ( SLA ) MONITORING DATA  WRS NEW GENARTION,,,,,,,,,,,,,,,,,,,,,,,,,,,,,,,,,,,,,,
BULAN FEBRUARI 2026,,,,,,,,,,,,,,,,,,,,,,,,,,,,,,,,,,,,,,
,,,,,,,,,,,,,,,,,,,,,,,,,,,,,,,,,,,,,,
No,LOKASI WRS NEW GENERATION ,Stasiun / PIC,,,Tahun Pengadaan,Status,,,,,,,,,,,,,,,,,,,,,,,,,,,,,,,Persentase Aktif (%),KETERANGAN / PERMASALAHAN / MITIGASI
,,,,,,1,2,3,4,5,6,7,8,9,10,11,12,13,14,15,16,17,18,19,20,21,22,23,24,25,26,27,28,-,-,-,,
1,Balai Besar MKG Wilayah V ,Stageof Angkasa,,,2020,ON,ON,ON,ON,ON,ON,ON,ON,ON,ON,ON,ON,ON,ON,ON,ON,ON,ON,ON,ON,ON,ON,ON,ON,ON,ON,ON,ON,,,,100.0%,
2,SAR Jayapura,Stageof Angkasa,,,2021,ON,ON,ON,ON,ON,ON,ON,ON,ON,ON,ON,ON,ON,ON,ON,ON,ON,ON,ON,ON,ON,ON,ON,ON,ON,ON,ON,ON,,,,100.0%,
3,BPBD Kota Jayapura,Stageof Angkasa,,,2020,ON,ON,ON,ON,ON,ON,ON,ON,ON,ON,ON,ON,ON,ON,ON,ON,ON,ON,ON,ON,ON,ON,ON,ON,ON,ON,ON,ON,,,,100.0%,
4,BPBD Kab. Jayapura,Stageof Angkasa,,,2020,ON,ON,ON,ON,ON,ON,ON,ON,ON,ON,ON,ON,ON,ON,ON,ON,ON,ON,ON,ON,ON,ON,ON,ON,ON,ON,ON,ON,,,,100.0%,
5,Lantamal X,Stageof Angkasa,,,2020,ON,ON,ON,ON,ON,ON,ON,ON,ON,ON,ON,ON,ON,ON,ON,ON,ON,ON,ON,ON,ON,ON,ON,ON,ON,ON,ON,ON,,,,100.0%,
6,BPBD Kab. Biak ,Stageof Angkasa,,,2021,ON,ON,ON,ON,ON,ON,ON,ON,ON,ON,ON,ON,ON,ON,ON,ON,ON,ON,ON,ON,ON,ON,ON,ON,ON,ON,ON,ON,,,,100.0%,
7,Stageof Nabire,Stageof Nabire,,,2020,ON,ON,ON,ON,ON,ON,ON,ON,ON,ON,ON,ON,ON,ON,ON,ON,ON,ON,ON,ON,ON,ON,ON,ON,ON,ON,ON,ON,,,,100.0%,
8,BPBD  Kab. Nabire,Stageof Nabire,,,2020,ON,ON,ON,ON,ON,ON,ON,ON,ON,ON,ON,ON,ON,ON,ON,ON,ON,ON,ON,ON,ON,ON,ON,ON,ON,ON,ON,ON,,,,100.0%,
9,BPBD Supiori,Stageof Nabire,,,2023,ON,ON,ON,ON,ON,ON,ON,ON,ON,ON,ON,OFF,OFF,OFF,OFF,OFF,OFF,OFF,OFF,OFF,OFF,OFF,OFF,OFF,OFF,OFF,OFF,OFF,,,,39.3%,16 Feb LCD WRS Mengalami Black Screen untuk sementara perangkat OFF
10,Stageof Sorong,Stageof Sorong,,,2019,ON,ON,ON,ON,ON,ON,ON,ON,ON,ON,ON,ON,ON,ON,ON,ON,ON,ON,ON,ON,ON,ON,ON,ON,ON,ON,ON,ON,,,,100.0%,
11,BPBD. Raja Ampat,Stageof Sorong,,,2019,ON,ON,ON,ON,ON,ON,ON,ON,ON,ON,ON,ON,ON,ON,ON,ON,ON,ON,ON,ON,ON,ON,ON,ON,ON,ON,ON,ON,,,,100.0%,
12,BPBD. Sorong Selatan,Stageof Sorong,,,2019,ON,ON,ON,ON,ON,ON,ON,ON,ON,ON,ON,ON,ON,ON,ON,ON,ON,ON,ON,ON,ON,ON,ON,ON,ON,ON,ON,ON,,,,100.0%,
13,BPBD. Teluk Wonadama,Stageof Sorong,,,2019,ON,ON,ON,ON,ON,ON,ON,ON,ON,ON,ON,ON,ON,ON,ON,ON,ON,ON,ON,ON,ON,ON,ON,ON,ON,ON,ON,ON,,,,100.0%,
14,BPBD. Teluk Bintuni,Stageof Sorong,,,2019,ON,ON,ON,ON,ON,ON,ON,ON,ON,ON,ON,ON,ON,ON,ON,ON,ON,ON,ON,ON,ON,ON,ON,ON,ON,ON,ON,ON,,,,100.0%,
15,BPBD. Kab. Sorong,Stageof Sorong,,,2021,ON,ON,ON,ON,ON,ON,ON,ON,ON,ON,ON,ON,ON,ON,ON,ON,ON,ON,ON,ON,ON,ON,ON,ON,ON,ON,ON,ON,,,,100.0%,
16,BPBD Kota Sorong,Stageof Sorong,,,2021,ON,ON,ON,ON,ON,ON,ON,ON,ON,ON,ON,ON,ON,ON,ON,ON,ON,ON,ON,ON,ON,ON,ON,ON,ON,ON,ON,ON,,,,100.0%,
TOTAL PERSENTASE BULANAN ,,,,,,,,,,,,,,,,,,,,,,,,,,,,,,,,,,,,,96.2%,
,,,,,,,,,,,,,,,,,,,,,,,,,,,,,,,,,,,,,,
OPERATIONAL LEVEL AGREEMENT ( OLA ) MONITORING DATA WRS NG,,,,,,,,,,,,,,,,,,,,,,,,,,,,,,,,,,,,,,
BULAN FEBRUARI 2026,,,,,,,,,,,,,,,,,,,,,,,,,,,,,,,,,,,,,,
,,,,,,,,,,,,,,,,,,,,,,,,,,,,,,,,,,,,,,
No,LOKASI WRS NEW GENERATION,Stasiun / PIC,,,Tahun Pengadaan,Status,,,,,,,,,,,,,,,,,,,,,,,,,,,,,,,Persentase Aktif (%),KETERANGAN / PERMASALAHAN / MITIGASI
,,,,,,1,2,3,4,5,6,7,8,9,10,11,12,13,14,15,16,17,18,19,20,21,22,23,24,25,26,27,28,-,-,-,,
1,Balai Besar MKG Wilayah V ,Stageof Angkasa,,,2020,100%,100%,100%,100%,100%,100%,100%,100%,100%,100%,100%,100%,100%,100%,100%,100%,100%,100%,100%,100%,100%,100%,100%,100%,100%,100%,100%,100%,,,,100.0%,
2,SAR Jayapura,Stageof Angkasa,,,2021,100%,100%,100%,100%,100%,100%,100%,100%,100%,100%,100%,100%,100%,100%,100%,100%,100%,100%,100%,100%,100%,100%,100%,100%,100%,100%,100%,100%,,,,100.0%,
3,BPBD Kota Jayapura,Stageof Angkasa,,,2020,100%,100%,100%,100%,100%,100%,100%,100%,100%,100%,100%,100%,100%,100%,100%,100%,100%,100%,100%,100%,100%,100%,100%,100%,100%,100%,100%,100%,,,,100.0%,
4,BPBD Kab. Jayapura,Stageof Angkasa,,,2020,100%,100%,100%,100%,100%,100%,100%,100%,100%,100%,100%,100%,100%,100%,100%,100%,100%,100%,100%,100%,100%,100%,100%,100%,100%,100%,100%,100%,,,,100.0%,
5,Lantamal X,Stageof Angkasa,,,2020,100%,100%,100%,100%,100%,100%,100%,100%,100%,100%,100%,100%,100%,100%,100%,100%,100%,100%,100%,100%,100%,100%,100%,100%,100%,100%,100%,100%,,,,100.0%,
6,BPBD Kab. Biak ,Stageof Angkasa,,,2021,100%,100%,100%,100%,100%,100%,100%,100%,100%,100%,100%,100%,100%,100%,100%,100%,100%,100%,100%,100%,100%,100%,100%,100%,100%,100%,100%,100%,,,,100.0%,
7,Stageof Nabire,Stageof Nabire,,,2020,100%,100%,100%,100%,100%,100%,100%,100%,100%,100%,100%,100%,100%,100%,100%,100%,100%,100%,100%,100%,100%,100%,100%,100%,100%,100%,100%,100%,,,,100.0%,
8,BPBD  Kab. Nabire,Stageof Nabire,,,2020,100%,100%,100%,100%,100%,100%,100%,100%,100%,100%,100%,100%,100%,100%,100%,100%,100%,100%,100%,100%,100%,100%,100%,100%,100%,100%,100%,100%,,,,100.0%,
9,BPBD Supiori,Stageof Nabire,,,2023,100%,100%,100%,100%,100%,100%,100%,100%,100%,100%,100%,0%,0%,0%,0%,0%,0%,0%,0%,0%,0%,0%,0%,0%,0%,0%,0%,0%,,,,39.3%,13 Feb LCD WRS Mengalami Black Screen untuk sementara perangkat OFF
10,Stageof Sorong,Stageof Sorong,,,2019,100%,100%,100%,100%,100%,100%,100%,100%,100%,100%,100%,100%,100%,100%,100%,100%,100%,100%,100%,100%,100%,100%,100%,100%,100%,100%,100%,100%,,,,100.0%,
11,BPBD. Raja Ampat,Stageof Sorong,,,2019,100%,100%,100%,100%,100%,100%,100%,100%,100%,100%,100%,100%,100%,100%,100%,100%,100%,100%,100%,100%,100%,100%,100%,100%,100%,100%,100%,100%,,,,100.0%,
12,BPBD. Sorong Selatan,Stageof Sorong,,,2019,100%,100%,100%,100%,100%,100%,100%,100%,100%,100%,100%,100%,100%,100%,100%,100%,100%,100%,100%,100%,100%,100%,100%,100%,100%,100%,100%,100%,,,,100.0%,
13,BPBD. Teluk Wonadama,Stageof Sorong,,,2019,100%,100%,100%,100%,100%,100%,100%,100%,100%,100%,100%,100%,100%,100%,100%,100%,100%,100%,100%,100%,100%,100%,100%,100%,100%,100%,100%,100%,,,,100.0%,
14,BPBD. Teluk Bintuni,Stageof Sorong,,,2019,100%,100%,100%,100%,100%,100%,100%,100%,100%,100%,100%,100%,100%,100%,100%,100%,100%,100%,100%,100%,100%,100%,100%,100%,100%,100%,100%,100%,,,,100.0%,
15,BPBD. Kab. Sorong,Stageof Sorong,,,2021,100%,100%,100%,100%,100%,100%,100%,100%,100%,100%,100%,100%,100%,100%,100%,100%,100%,100%,100%,100%,100%,100%,100%,100%,100%,100%,100%,100%,,,,100.0%,
15,BPBD Kota Sorong,Stageof Sorong,,,2021,100%,100%,100%,100%,100%,100%,100%,100%,100%,100%,100%,100%,100%,100%,100%,100%,100%,100%,100%,100%,100%,100%,100%,100%,100%,100%,100%,100%,,,,100.0%,
TOTAL PERSENTASE BULANAN,,,,,,,,,,,,,,,,,,,,,,,,,,,,,,,,,,,,,96.2%,
,,,,,,,,,,,,,,,,,,,,,,,,,,,,,,,,,,,,,,
,,,,,,,,,,,,,,,,,,,,,,,,,,,,,,,,,,,,,,
SERVICE LEVEL AGREEMENT ( SLA ) MONITORING DATA  WRS NEW GENARTION,,,,,,,,,,,,,,,,,,,,,,,,,,,,,,,,,,,,,,
BULAN MARET 2026,,,,,,,,,,,,,,,,,,,,,,,,,,,,,,,,,,,,,,
,,,,,,,,,,,,,,,,,,,,,,,,,,,,,,,,,,,,,,
No,LOKASI WRS NEW GENERATION ,Stasiun / PIC,,,Tahun Pengadaan,Status,,,,,,,,,,,,,,,,,,,,,,,,,,,,,,,Persentase Aktif (%),KETERANGAN / PERMASALAHAN / MITIGASI
,,,,,,1,2,3,4,5,6,7,8,9,10,11,12,13,14,15,16,17,18,19,20,21,22,23,24,25,26,27,28,29,30,31,,
1,Balai Besar MKG Wilayah V ,Stageof Angkasa,,,2020,ON,ON,ON,ON,ON,ON,ON,ON,ON,ON,ON,ON,ON,ON,ON,ON,ON,ON,ON,ON,ON,ON,ON,ON,ON,ON,ON,ON,ON,ON,ON,100.0%,
2,SAR Jayapura,Stageof Angkasa,,,2021,ON,ON,ON,ON,ON,ON,ON,ON,ON,ON,ON,ON,ON,ON,ON,ON,ON,ON,ON,ON,ON,ON,ON,ON,ON,ON,ON,ON,ON,ON,ON,100.0%,
3,BPBD Kota Jayapura,Stageof Angkasa,,,2020,ON,ON,ON,ON,ON,ON,ON,ON,ON,ON,ON,ON,ON,ON,ON,ON,ON,ON,ON,ON,ON,ON,ON,ON,ON,ON,ON,ON,ON,ON,ON,100.0%,
4,BPBD Kab. Jayapura,Stageof Angkasa,,,2020,ON,ON,ON,ON,ON,ON,ON,ON,ON,ON,ON,ON,ON,ON,ON,ON,ON,ON,ON,ON,ON,ON,ON,ON,ON,ON,ON,ON,ON,ON,ON,100.0%,
5,Lantamal X,Stageof Angkasa,,,2020,ON,ON,ON,ON,ON,ON,ON,ON,ON,ON,ON,ON,ON,ON,ON,ON,ON,ON,ON,ON,ON,ON,ON,ON,ON,ON,ON,ON,ON,ON,ON,100.0%,
6,BPBD Kab. Biak ,Stageof Angkasa,,,2021,ON,ON,ON,ON,ON,ON,ON,ON,ON,ON,ON,ON,ON,ON,ON,ON,ON,ON,ON,ON,ON,ON,ON,ON,ON,ON,ON,ON,ON,ON,ON,100.0%,
7,Stageof Nabire,Stageof Nabire,,,2020,ON,ON,ON,ON,ON,ON,ON,ON,ON,ON,ON,ON,ON,ON,ON,ON,ON,ON,ON,ON,ON,ON,ON,ON,ON,ON,ON,ON,ON,ON,ON,100.0%,
8,BPBD  Kab. Nabire,Stageof Nabire,,,2020,ON,ON,ON,ON,ON,ON,ON,ON,ON,ON,ON,ON,ON,ON,ON,ON,ON,ON,ON,ON,ON,ON,OFF,ON,ON,ON,ON,ON,ON,ON,ON,96.8%,- 23 Maret : Gangguan listrik di kantor BPBD
9,BPBD Supiori,Stageof Nabire,,,2023,OFF,OFF,OFF,OFF,OFF,OFF,OFF,OFF,OFF,OFF,OFF,OFF,OFF,OFF,OFF,OFF,OFF,OFF,OFF,OFF,OFF,OFF,OFF,OFF,OFF,OFF,OFF,OFF,OFF,OFF,OFF,0.0%,16 Feb LCD WRS Mengalami Black Screen untuk sementara perangkat OFF
10,Stageof Sorong,Stageof Sorong,,,2019,ON,ON,ON,ON,ON,ON,ON,ON,ON,ON,ON,ON,ON,ON,ON,ON,ON,ON,ON,ON,ON,ON,ON,ON,ON,ON,ON,ON,ON,ON,ON,100.0%,
11,BPBD. Raja Ampat,Stageof Sorong,,,2019,ON,ON,ON,ON,ON,ON,ON,ON,ON,ON,ON,ON,ON,ON,ON,ON,ON,ON,ON,ON,ON,ON,ON,ON,ON,ON,ON,ON,ON,ON,ON,100.0%,
12,BPBD. Sorong Selatan,Stageof Sorong,,,2019,ON,ON,ON,ON,ON,ON,ON,ON,ON,ON,ON,ON,ON,ON,ON,ON,ON,ON,ON,ON,ON,ON,ON,ON,ON,ON,ON,ON,ON,ON,ON,100.0%,
13,BPBD. Teluk Wonadama,Stageof Sorong,,,2019,ON,ON,ON,ON,ON,ON,ON,ON,ON,ON,ON,ON,ON,ON,ON,ON,ON,ON,ON,ON,ON,ON,ON,ON,ON,ON,ON,ON,ON,ON,ON,100.0%,
14,BPBD. Teluk Bintuni,Stageof Sorong,,,2019,ON,ON,ON,ON,ON,ON,ON,ON,ON,ON,ON,ON,ON,ON,ON,ON,ON,ON,ON,ON,ON,ON,ON,ON,ON,ON,ON,ON,ON,ON,ON,100.0%,
15,BPBD. Kab. Sorong,Stageof Sorong,,,2021,ON,ON,ON,ON,ON,ON,ON,ON,ON,ON,ON,ON,ON,ON,ON,ON,ON,ON,ON,ON,ON,ON,ON,ON,ON,ON,ON,ON,ON,ON,ON,100.0%,
16,BPBD Kota Sorong,Stageof Sorong,,,2021,ON,ON,ON,ON,ON,ON,ON,ON,ON,ON,ON,ON,ON,ON,ON,ON,ON,ON,ON,ON,ON,ON,ON,ON,ON,ON,ON,ON,ON,ON,ON,100.0%,
TOTAL PERSENTASE BULANAN ,,,,,,,,,,,,,,,,,,,,,,,,,,,,,,,,,,,,,93.5%,
,,,,,,,,,,,,,,,,,,,,,,,,,,,,,,,,,,,,,,
OPERATIONAL LEVEL AGREEMENT ( OLA ) MONITORING DATA WRS NG,,,,,,,,,,,,,,,,,,,,,,,,,,,,,,,,,,,,,,
BULAN MARET 2026,,,,,,,,,,,,,,,,,,,,,,,,,,,,,,,,,,,,,,
,,,,,,,,,,,,,,,,,,,,,,,,,,,,,,,,,,,,,,
No,LOKASI WRS NEW GENERATION,Stasiun / PIC,,,Tahun Pengadaan,Status,,,,,,,,,,,,,,,,,,,,,,,,,,,,,,,Persentase Aktif (%),KETERANGAN / PERMASALAHAN / MITIGASI
,,,,,,1,2,3,4,5,6,7,8,9,10,11,12,13,14,15,16,17,18,19,20,21,22,23,24,25,26,27,28,29,30,31,,
1,Balai Besar MKG Wilayah V ,Stageof Angkasa,,,2020,100%,100%,100%,100%,100%,100%,100%,100%,100%,100%,100%,100%,100%,100%,100%,100%,100%,100%,100%,100%,100%,100%,100%,100%,100%,100%,100%,100%,100%,100%,100%,100.0%,
2,SAR Jayapura,Stageof Angkasa,,,2021,100%,100%,100%,100%,100%,100%,100%,100%,100%,100%,100%,100%,100%,100%,100%,100%,100%,100%,100%,100%,100%,100%,100%,100%,100%,100%,100%,100%,100%,100%,100%,100.0%,
3,BPBD Kota Jayapura,Stageof Angkasa,,,2020,100%,100%,100%,100%,100%,100%,100%,100%,100%,100%,100%,100%,100%,100%,100%,100%,100%,100%,100%,100%,100%,100%,100%,100%,100%,100%,100%,100%,100%,100%,100%,100.0%,
4,BPBD Kab. Jayapura,Stageof Angkasa,,,2020,100%,100%,100%,100%,100%,100%,100%,100%,100%,100%,100%,100%,100%,100%,100%,100%,100%,100%,100%,100%,100%,100%,100%,100%,100%,100%,100%,100%,100%,100%,100%,100.0%,
5,Lantamal X,Stageof Angkasa,,,2020,100%,100%,100%,100%,100%,100%,100%,100%,100%,100%,100%,100%,100%,100%,100%,100%,100%,100%,100%,100%,100%,100%,100%,100%,100%,100%,100%,100%,100%,100%,100%,100.0%,
6,BPBD Kab. Biak ,Stageof Angkasa,,,2021,100%,100%,100%,100%,100%,100%,100%,100%,100%,100%,100%,100%,100%,100%,100%,100%,100%,100%,100%,100%,100%,100%,100%,100%,100%,100%,100%,100%,100%,100%,100%,100.0%,
7,Stageof Nabire,Stageof Nabire,,,2020,100%,100%,100%,100%,100%,100%,100%,100%,100%,100%,100%,100%,100%,100%,100%,100%,100%,100%,100%,100%,100%,100%,100%,100%,100%,100%,100%,100%,100%,100%,100%,100.0%,
8,BPBD  Kab. Nabire,Stageof Nabire,,,2020,100%,100%,100%,100%,100%,100%,100%,100%,100%,100%,100%,100%,100%,100%,100%,100%,100%,100%,100%,100%,100%,100%,0%,100%,100%,100%,100%,100%,100%,100%,100%,96.8%,Gangguan listrik di kantor BPBD
9,BPBD Supiori,Stageof Nabire,,,2023,0%,0%,0%,0%,0%,0%,0%,0%,0%,0%,0%,0%,0%,0%,0%,0%,0%,0%,0%,0%,0%,0%,0%,0%,0%,0%,0%,0%,0%,0%,0%,0.0%,13 Feb LCD WRS Mengalami Black Screen untuk sementara perangkat OFF
10,Stageof Sorong,Stageof Sorong,,,2019,100%,100%,100%,100%,100%,100%,100%,100%,100%,100%,100%,100%,100%,100%,100%,100%,100%,100%,100%,100%,100%,100%,100%,100%,100%,100%,100%,100%,100%,100%,100%,100.0%,
11,BPBD. Raja Ampat,Stageof Sorong,,,2019,100%,100%,100%,100%,100%,100%,100%,100%,100%,100%,100%,100%,100%,100%,100%,100%,100%,100%,100%,100%,100%,100%,100%,100%,100%,100%,100%,100%,100%,100%,100%,100.0%,
12,BPBD. Sorong Selatan,Stageof Sorong,,,2019,100%,100%,100%,100%,100%,100%,100%,100%,100%,100%,100%,100%,100%,100%,100%,100%,100%,100%,100%,100%,100%,100%,100%,100%,100%,100%,100%,100%,100%,100%,100%,100.0%,
13,BPBD. Teluk Wonadama,Stageof Sorong,,,2019,100%,100%,100%,100%,100%,100%,100%,100%,100%,100%,100%,100%,100%,100%,100%,100%,100%,100%,100%,100%,100%,100%,100%,100%,100%,100%,100%,100%,100%,100%,100%,100.0%,
14,BPBD. Teluk Bintuni,Stageof Sorong,,,2019,100%,100%,100%,100%,100%,100%,100%,100%,100%,100%,100%,100%,100%,100%,100%,100%,100%,100%,100%,100%,100%,100%,100%,100%,100%,100%,100%,100%,100%,100%,100%,100.0%,
15,BPBD. Kab. Sorong,Stageof Sorong,,,2021,100%,100%,100%,100%,100%,100%,100%,100%,100%,100%,100%,100%,100%,100%,100%,100%,100%,100%,100%,100%,100%,100%,100%,100%,100%,100%,100%,100%,100%,100%,100%,100.0%,
16,BPBD Kota Sorong,Stageof Sorong,,,2021,100%,100%,100%,100%,100%,100%,100%,100%,100%,100%,100%,100%,100%,100%,100%,100%,100%,100%,100%,100%,100%,100%,100%,100%,100%,100%,100%,100%,100%,100%,100%,100.0%,
TOTAL PERSENTASE BULANAN,,,,,,,,,,,,,,,,,,,,,,,,,,,,,,,,,,,,,93.5%,
,,,,,,,,,,,,,,,,,,,,,,,,,,,,,,,,,,,,,,
,,,,,,,,,,,,,,,,,,,,,,,,,,,,,,,,,,,,,,
SERVICE LEVEL AGREEMENT ( SLA ) MONITORING DATA  WRS NEW GENARTION,,,,,,,,,,,,,,,,,,,,,,,,,,,,,,,,,,,,,,
BULAN APRIL 2026,,,,,,,,,,,,,,,,,,,,,,,,,,,,,,,,,,,,,,
,,,,,,,,,,,,,,,,,,,,,,,,,,,,,,,,,,,,,,
No,LOKASI WRS NEW GENERATION ,Stasiun / PIC,,,Tahun Pengadaan,Status,,,,,,,,,,,,,,,,,,,,,,,,,,,,,,,Persentase Aktif (%),KETERANGAN / PERMASALAHAN / MITIGASI
,,,,,,1,2,3,4,5,6,7,8,9,10,11,12,13,14,15,16,17,18,19,20,21,22,23,24,25,26,27,28,29,30,-,,
1,Balai Besar MKG Wilayah V ,Stageof Angkasa,,,2020,ON,ON,ON,ON,ON,ON,ON,ON,ON,ON,ON,ON,ON,ON,ON,ON,ON,ON,ON,ON,ON,ON,ON,ON,ON,ON,ON,ON,ON,ON,,100.0%,
2,SAR Jayapura,Stageof Angkasa,,,2021,ON,ON,ON,ON,ON,ON,ON,ON,ON,ON,ON,ON,ON,ON,ON,ON,ON,ON,ON,ON,ON,ON,ON,ON,ON,ON,ON,ON,ON,ON,,100.0%,
3,BPBD Kota Jayapura,Stageof Angkasa,,,2020,ON,ON,ON,ON,ON,ON,ON,ON,ON,ON,ON,ON,ON,ON,ON,ON,ON,ON,ON,ON,ON,ON,ON,ON,ON,ON,ON,ON,ON,ON,,100.0%,
4,BPBD Kab. Jayapura,Stageof Angkasa,,,2020,ON,ON,ON,ON,ON,ON,ON,ON,ON,ON,ON,ON,ON,ON,ON,ON,ON,ON,ON,ON,ON,ON,ON,ON,ON,ON,ON,ON,ON,ON,,100.0%,
5,Lantamal X,Stageof Angkasa,,,2020,ON,ON,ON,ON,ON,ON,ON,ON,ON,ON,ON,ON,ON,ON,ON,ON,ON,ON,ON,ON,ON,ON,ON,ON,ON,ON,ON,ON,ON,ON,,100.0%,
6,BPBD Kab. Biak ,Stageof Angkasa,,,2021,ON,ON,ON,ON,ON,ON,ON,ON,ON,ON,ON,ON,ON,ON,ON,ON,ON,ON,ON,ON,ON,ON,ON,ON,ON,ON,ON,ON,ON,ON,,100.0%,
7,Stageof Nabire,Stageof Nabire,,,2020,ON,ON,ON,ON,ON,ON,ON,ON,ON,ON,ON,ON,ON,ON,ON,ON,ON,ON,ON,ON,ON,ON,ON,ON,ON,ON,ON,ON,ON,ON,,100.0%,
8,BPBD  Kab. Nabire,Stageof Nabire,,,2020,ON,ON,ON,ON,ON,ON,ON,ON,ON,ON,ON,ON,ON,ON,ON,ON,ON,ON,ON,ON,ON,ON,ON,ON,ON,ON,ON,ON,ON,ON,,100.0%,
9,BPBD Supiori,Stageof Nabire,,,2023,ON,ON,ON,ON,ON,ON,ON,ON,ON,ON,ON,ON,ON,ON,ON,ON,ON,ON,ON,ON,ON,ON,ON,ON,ON,ON,ON,ON,ON,ON,,100.0%,16 Feb LCD WRS Mengalami Black Screen untuk sementara perangkat OFF
10,Stageof Sorong,Stageof Sorong,,,2019,ON,ON,ON,ON,ON,ON,ON,ON,ON,ON,ON,ON,ON,ON,ON,ON,ON,ON,ON,ON,ON,ON,ON,ON,ON,ON,ON,ON,ON,ON,,100.0%,
11,BPBD. Raja Ampat,Stageof Sorong,,,2019,ON,ON,ON,ON,ON,ON,ON,ON,ON,ON,ON,ON,ON,ON,ON,ON,ON,ON,ON,ON,ON,ON,ON,ON,ON,ON,ON,ON,ON,ON,,100.0%,
12,BPBD. Sorong Selatan,Stageof Sorong,,,2019,ON,ON,ON,ON,ON,ON,ON,ON,ON,ON,ON,ON,ON,ON,ON,ON,ON,ON,ON,ON,ON,ON,ON,ON,ON,ON,ON,ON,ON,ON,,100.0%,
13,BPBD. Teluk Wonadama,Stageof Sorong,,,2019,ON,ON,ON,ON,ON,ON,ON,ON,ON,ON,ON,ON,ON,ON,ON,ON,ON,ON,ON,ON,ON,ON,ON,ON,ON,ON,ON,ON,ON,ON,,100.0%,
14,BPBD. Teluk Bintuni,Stageof Sorong,,,2019,ON,ON,ON,ON,ON,ON,ON,ON,ON,ON,ON,ON,ON,ON,ON,ON,ON,ON,ON,ON,ON,ON,ON,ON,ON,ON,ON,ON,ON,ON,,100.0%,
15,BPBD. Kab. Sorong,Stageof Sorong,,,2021,ON,ON,ON,ON,ON,ON,ON,ON,ON,ON,ON,ON,ON,ON,ON,ON,ON,ON,ON,ON,ON,ON,ON,ON,ON,ON,ON,ON,ON,ON,,100.0%,
16,BPBD Kota Sorong,Stageof Sorong,,,2021,ON,ON,ON,ON,ON,ON,ON,ON,ON,ON,ON,ON,ON,ON,ON,ON,ON,ON,ON,ON,ON,ON,ON,ON,ON,ON,ON,ON,ON,ON,,100.0%,
TOTAL PERSENTASE BULANAN ,,,,,,,,,,,,,,,,,,,,,,,,,,,,,,,,,,,,,100.0%,
,,,,,,,,,,,,,,,,,,,,,,,,,,,,,,,,,,,,,,
OPERATIONAL LEVEL AGREEMENT ( OLA ) MONITORING DATA WRS NG,,,,,,,,,,,,,,,,,,,,,,,,,,,,,,,,,,,,,,
BULAN APRIL 2026,,,,,,,,,,,,,,,,,,,,,,,,,,,,,,,,,,,,,,
,,,,,,,,,,,,,,,,,,,,,,,,,,,,,,,,,,,,,,
No,LOKASI WRS NEW GENERATION,Stasiun / PIC,,,Tahun Pengadaan,Status,,,,,,,,,,,,,,,,,,,,,,,,,,,,,,,Persentase Aktif (%),KETERANGAN / PERMASALAHAN / MITIGASI
,,,,,,1,2,3,4,5,6,7,8,9,10,11,12,13,14,15,16,17,18,19,20,21,22,23,24,25,26,27,28,29,30,-,,
1,Balai Besar MKG Wilayah V ,Stageof Angkasa,,,2020,100%,100%,100%,100%,100%,100%,100%,100%,100%,100%,100%,100%,100%,100%,100%,100%,100%,100%,100%,100%,100%,100%,100%,100%,100%,100%,100%,100%,100%,100%,,100.0%,
2,SAR Jayapura,Stageof Angkasa,,,2021,100%,100%,100%,100%,100%,100%,100%,100%,100%,100%,100%,100%,100%,100%,100%,100%,100%,100%,100%,100%,100%,100%,100%,100%,100%,100%,100%,100%,100%,100%,,100.0%,
3,BPBD Kota Jayapura,Stageof Angkasa,,,2020,100%,100%,100%,100%,100%,100%,100%,100%,100%,100%,100%,100%,100%,100%,100%,100%,100%,100%,100%,100%,100%,100%,100%,100%,100%,100%,100%,100%,100%,100%,,100.0%,
4,BPBD Kab. Jayapura,Stageof Angkasa,,,2020,100%,100%,100%,100%,100%,100%,100%,100%,100%,100%,100%,100%,100%,100%,100%,100%,100%,100%,100%,100%,100%,100%,100%,100%,100%,100%,100%,100%,100%,100%,,100.0%,
5,Lantamal X,Stageof Angkasa,,,2020,100%,100%,100%,100%,100%,100%,100%,100%,100%,100%,100%,100%,100%,100%,100%,100%,100%,100%,100%,100%,100%,100%,100%,100%,100%,100%,100%,100%,100%,100%,,100.0%,
6,BPBD Kab. Biak ,Stageof Angkasa,,,2021,100%,100%,100%,100%,100%,100%,100%,100%,100%,100%,100%,100%,100%,100%,100%,100%,100%,100%,100%,100%,100%,100%,100%,100%,100%,100%,100%,100%,100%,100%,,100.0%,
7,Stageof Nabire,Stageof Nabire,,,2020,100%,100%,100%,100%,100%,100%,100%,100%,100%,100%,100%,100%,100%,100%,100%,100%,100%,100%,100%,100%,100%,100%,100%,100%,100%,100%,100%,100%,100%,100%,,100.0%,
8,BPBD  Kab. Nabire,Stageof Nabire,,,2020,100%,100%,100%,100%,100%,100%,100%,100%,100%,100%,100%,100%,100%,100%,100%,100%,100%,100%,100%,100%,100%,100%,100%,100%,100%,100%,100%,100%,100%,100%,,100.0%,
9,BPBD Supiori,Stageof Nabire,,,2023,0%,0%,0%,0%,0%,0%,0%,0%,0%,0%,0%,0%,0%,0%,0%,0%,0%,0%,0%,0%,0%,0%,0%,0%,0%,0%,0%,0%,0%,0%,,0.0%,13 Feb LCD WRS Mengalami Black Screen untuk sementara perangkat OFF
10,Stageof Sorong,Stageof Sorong,,,2019,100%,100%,100%,100%,100%,100%,100%,100%,100%,100%,100%,100%,100%,100%,100%,100%,100%,100%,100%,100%,100%,100%,100%,100%,100%,100%,100%,100%,100%,100%,,100.0%,
11,BPBD. Raja Ampat,Stageof Sorong,,,2019,100%,100%,100%,100%,100%,100%,100%,100%,100%,100%,100%,100%,100%,100%,100%,100%,100%,100%,100%,100%,100%,100%,100%,100%,100%,100%,100%,100%,100%,100%,,100.0%,
12,BPBD. Sorong Selatan,Stageof Sorong,,,2019,100%,100%,100%,100%,100%,100%,100%,100%,100%,100%,100%,100%,100%,100%,100%,100%,100%,100%,100%,100%,100%,100%,100%,100%,100%,100%,100%,100%,100%,100%,,100.0%,
13,BPBD. Teluk Wonadama,Stageof Sorong,,,2019,100%,100%,100%,100%,100%,100%,100%,100%,100%,100%,100%,100%,100%,100%,100%,100%,100%,100%,100%,100%,100%,100%,100%,100%,100%,100%,100%,100%,100%,100%,,100.0%,
14,BPBD. Teluk Bintuni,Stageof Sorong,,,2019,100%,100%,100%,100%,100%,100%,100%,100%,100%,100%,100%,100%,100%,100%,100%,100%,100%,100%,100%,100%,100%,100%,100%,100%,100%,100%,100%,100%,100%,100%,,100.0%,
15,BPBD. Kab. Sorong,Stageof Sorong,,,2021,100%,100%,100%,100%,100%,100%,100%,100%,100%,100%,100%,100%,100%,100%,100%,100%,100%,100%,100%,100%,100%,100%,100%,100%,100%,100%,100%,100%,100%,100%,,100.0%,
15,BPBD Kota Sorong,Stageof Sorong,,,2021,100%,100%,100%,100%,100%,100%,100%,100%,100%,100%,100%,100%,100%,100%,100%,100%,100%,100%,100%,100%,100%,100%,100%,100%,100%,100%,100%,100%,100%,100%,,100.0%,
TOTAL PERSENTASE BULANAN,,,,,,,,,,,,,,,,,,,,,,,,,,,,,,,,,,,,,93.8%,
,,,,,,,,,,,,,,,,,,,,,,,,,,,,,,,,,,,,,,
,,,,,,,,,,,,,,,,,,,,,,,,,,,,,,,,,,,,,,
SERVICE LEVEL AGREEMENT ( SLA ) MONITORING DATA  WRS NEW GENARTION,,,,,,,,,,,,,,,,,,,,,,,,,,,,,,,,,,,,,,
BULAN MEI 2026,,,,,,,,,,,,,,,,,,,,,,,,,,,,,,,,,,,,,,
,,,,,,,,,,,,,,,,,,,,,,,,,,,,,,,,,,,,,,
No,LOKASI WRS NEW GENERATION ,Stasiun / PIC,,,Tahun Pengadaan,Status,,,,,,,,,,,,,,,,,,,,,,,,,,,,,,,Persentase Aktif (%),KETERANGAN / PERMASALAHAN / MITIGASI
,,,,,,1,2,3,4,5,6,7,8,9,10,11,12,13,14,15,16,17,18,19,20,21,22,23,24,25,26,27,28,29,30,31,,
1,Balai Besar MKG Wilayah V ,Stageof Angkasa,,,2020,ON,ON,ON,ON,ON,ON,ON,ON,ON,ON,ON,ON,ON,ON,ON,ON,ON,ON,ON,ON,ON,ON,ON,ON,ON,ON,ON,ON,ON,ON,ON,100.0%,
2,SAR Jayapura,Stageof Angkasa,,,2021,ON,ON,ON,ON,ON,ON,ON,ON,ON,ON,ON,ON,ON,ON,ON,ON,ON,ON,ON,ON,ON,ON,ON,ON,ON,ON,ON,ON,ON,ON,ON,100.0%,
3,BPBD Kota Jayapura,Stageof Angkasa,,,2020,ON,ON,ON,ON,ON,ON,ON,ON,ON,ON,ON,ON,ON,ON,ON,ON,ON,ON,ON,ON,ON,ON,ON,ON,ON,ON,ON,ON,ON,ON,ON,100.0%,
4,BPBD Kab. Jayapura,Stageof Angkasa,,,2020,ON,ON,ON,ON,ON,ON,ON,ON,ON,ON,ON,ON,ON,ON,ON,ON,ON,ON,ON,ON,ON,ON,ON,ON,ON,ON,ON,ON,ON,ON,ON,100.0%,
5,Lantamal X,Stageof Angkasa,,,2020,ON,ON,ON,ON,ON,ON,ON,ON,ON,ON,ON,ON,ON,ON,ON,ON,ON,ON,ON,ON,ON,ON,ON,ON,ON,ON,ON,ON,ON,ON,ON,100.0%,
6,BPBD Kab. Biak ,Stageof Angkasa,,,2021,ON,ON,ON,ON,ON,ON,ON,ON,ON,ON,ON,ON,ON,ON,ON,ON,ON,ON,ON,ON,ON,ON,ON,ON,ON,ON,ON,ON,ON,ON,ON,100.0%,
7,Stageof Nabire,Stageof Nabire,,,2020,ON,ON,ON,ON,ON,ON,ON,ON,ON,ON,ON,ON,ON,ON,ON,ON,ON,ON,ON,ON,ON,ON,ON,ON,ON,ON,ON,ON,ON,ON,ON,100.0%,
8,BPBD  Kab. Nabire,Stageof Nabire,,,2020,ON,ON,ON,ON,ON,ON,ON,ON,ON,ON,ON,ON,ON,ON,ON,ON,ON,ON,ON,ON,ON,ON,ON,ON,ON,ON,ON,ON,ON,ON,ON,100.0%,
9,BPBD Supiori,Stageof Nabire,,,2023,OFF,OFF,OFF,OFF,OFF,OFF,OFF,OFF,OFF,OFF,OFF,OFF,OFF,OFF,OFF,OFF,OFF,OFF,OFF,OFF,OFF,OFF,OFF,OFF,OFF,OFF,OFF,OFF,OFF,OFF,OFF,0.0%,13 Feb LCD WRS Mengalami Black Screen untuk sementara perangkat OFF
10,Stageof Sorong,Stageof Sorong,,,2019,ON,ON,ON,ON,ON,ON,ON,ON,ON,ON,ON,ON,ON,ON,ON,ON,ON,ON,ON,ON,ON,ON,ON,ON,ON,ON,ON,ON,ON,ON,ON,100.0%,
11,BPBD. Raja Ampat,Stageof Sorong,,,2019,ON,ON,ON,ON,ON,ON,ON,ON,ON,ON,ON,ON,ON,ON,ON,ON,ON,ON,ON,ON,ON,ON,ON,ON,ON,ON,ON,ON,ON,ON,ON,100.0%,
12,BPBD. Sorong Selatan,Stageof Sorong,,,2019,ON,ON,ON,ON,ON,ON,ON,ON,ON,ON,ON,ON,ON,ON,ON,ON,ON,ON,ON,ON,ON,ON,ON,ON,ON,ON,ON,ON,ON,ON,ON,100.0%,
13,BPBD. Teluk Wonadama,Stageof Sorong,,,2019,ON,ON,ON,ON,ON,ON,ON,ON,ON,ON,ON,ON,ON,ON,ON,ON,ON,ON,ON,ON,ON,ON,ON,ON,ON,ON,ON,ON,ON,ON,ON,100.0%,
14,BPBD. Teluk Bintuni,Stageof Sorong,,,2019,ON,ON,ON,ON,ON,ON,ON,ON,ON,ON,ON,ON,ON,ON,ON,ON,ON,ON,ON,ON,ON,ON,ON,ON,ON,ON,ON,ON,ON,ON,ON,100.0%,
15,BPBD. Kab. Sorong,Stageof Sorong,,,2021,ON,ON,ON,ON,ON,ON,ON,ON,ON,ON,ON,ON,ON,ON,ON,ON,ON,ON,ON,ON,ON,ON,ON,ON,ON,ON,ON,ON,ON,ON,ON,100.0%,
16,BPBD Kota Sorong,Stageof Sorong,,,2021,ON,ON,ON,ON,ON,ON,ON,ON,ON,ON,ON,ON,ON,ON,ON,ON,ON,ON,ON,ON,ON,ON,ON,ON,ON,ON,ON,ON,ON,ON,ON,100.0%,
TOTAL PERSENTASE BULANAN ,,,,,,,,,,,,,,,,,,,,,,,,,,,,,,,,,,,,,93.8%,
,,,,,,,,,,,,,,,,,,,,,,,,,,,,,,,,,,,,,,
OPERATIONAL LEVEL AGREEMENT ( OLA ) MONITORING DATA WRS NG,,,,,,,,,,,,,,,,,,,,,,,,,,,,,,,,,,,,,,
BULAN MEI 2026,,,,,,,,,,,,,,,,,,,,,,,,,,,,,,,,,,,,,,
,,,,,,,,,,,,,,,,,,,,,,,,,,,,,,,,,,,,,,
No,LOKASI WRS NEW GENERATION,Stasiun / PIC,,,Tahun Pengadaan,Status,,,,,,,,,,,,,,,,,,,,,,,,,,,,,,,Persentase Aktif (%),KETERANGAN / PERMASALAHAN / MITIGASI
,,,,,,1,2,3,4,5,6,7,8,9,10,11,12,13,14,15,16,17,18,19,20,21,22,23,24,25,26,27,28,29,30,31,,
1,Balai Besar MKG Wilayah V ,Stageof Angkasa,,,2020,100%,100%,100%,100%,100%,100%,100%,100%,100%,100%,100%,100%,100%,100%,100%,100%,100%,100%,100%,100%,100%,100%,100%,100%,100%,100%,100%,100%,100%,100%,100%,100.0%,
2,SAR Jayapura,Stageof Angkasa,,,2021,100%,100%,100%,100%,100%,100%,100%,100%,100%,100%,100%,100%,100%,100%,100%,100%,100%,100%,100%,100%,100%,100%,100%,100%,100%,100%,100%,100%,100%,100%,100%,100.0%,
3,BPBD Kota Jayapura,Stageof Angkasa,,,2020,100%,100%,100%,100%,100%,100%,100%,100%,100%,100%,100%,100%,100%,100%,100%,100%,100%,100%,100%,100%,100%,100%,100%,100%,100%,100%,100%,100%,100%,100%,100%,100.0%,
4,BPBD Kab. Jayapura,Stageof Angkasa,,,2020,100%,100%,100%,100%,100%,100%,100%,100%,100%,100%,100%,100%,100%,100%,100%,100%,100%,100%,100%,100%,100%,100%,100%,100%,100%,100%,100%,100%,100%,100%,100%,100.0%,
5,Lantamal X,Stageof Angkasa,,,2020,100%,100%,100%,100%,100%,100%,100%,100%,100%,100%,100%,100%,100%,100%,100%,100%,100%,100%,100%,100%,100%,100%,100%,100%,100%,100%,100%,100%,100%,100%,100%,100.0%,
6,BPBD Kab. Biak ,Stageof Angkasa,,,2021,100%,100%,100%,100%,100%,100%,100%,100%,100%,100%,100%,100%,100%,100%,100%,100%,100%,100%,100%,100%,100%,100%,100%,100%,100%,100%,100%,100%,100%,100%,100%,100.0%,
7,Stageof Nabire,Stageof Nabire,,,2020,100%,100%,100%,100%,100%,100%,100%,100%,100%,100%,100%,100%,100%,100%,100%,100%,100%,100%,92%,100%,100%,100%,100%,100%,100%,100%,100%,100%,100%,100%,100%,99.7%,
8,BPBD  Kab. Nabire,Stageof Nabire,,,2020,100%,100%,100%,100%,100%,100%,100%,100%,100%,100%,100%,100%,50%,4%,88%,100%,100%,100%,92%,100%,100%,100%,100%,100%,100%,100%,100%,100%,100%,100%,100%,94.6%,
9,BPBD Supiori,Stageof Nabire,,,2023,0%,0%,0%,0%,0%,0%,0%,0%,0%,0%,0%,0%,0%,0%,0%,0%,0%,0%,0%,0%,0%,0%,0%,0%,0%,0%,0%,0%,0%,0%,0%,0.0%,13 Feb LCD WRS Mengalami Black Screen untuk sementara perangkat OFF
10,Stageof Sorong,Stageof Sorong,,,2019,100%,100%,100%,100%,100%,100%,100%,100%,100%,100%,100%,100%,100%,100%,100%,100%,100%,100%,100%,100%,100%,100%,100%,100%,100%,100%,100%,100%,100%,100%,100%,100.0%,
11,BPBD. Raja Ampat,Stageof Sorong,,,2019,100%,100%,100%,100%,100%,100%,100%,100%,100%,100%,100%,100%,100%,100%,100%,100%,100%,100%,100%,100%,100%,100%,100%,100%,100%,100%,100%,100%,100%,100%,100%,100.0%,
12,BPBD. Sorong Selatan,Stageof Sorong,,,2019,100%,100%,100%,100%,100%,100%,100%,100%,100%,100%,100%,100%,100%,100%,100%,100%,100%,100%,100%,100%,100%,100%,100%,100%,100%,100%,100%,100%,100%,100%,100%,100.0%,
13,BPBD. Teluk Wonadama,Stageof Sorong,,,2019,100%,100%,100%,100%,100%,100%,100%,100%,100%,100%,100%,100%,100%,100%,100%,100%,100%,100%,100%,100%,100%,100%,100%,100%,100%,100%,100%,100%,100%,100%,100%,100.0%,
14,BPBD. Teluk Bintuni,Stageof Sorong,,,2019,100%,100%,100%,100%,100%,100%,100%,100%,100%,100%,100%,100%,100%,100%,100%,100%,100%,100%,100%,100%,100%,100%,100%,100%,100%,100%,100%,100%,100%,100%,100%,100.0%,
15,BPBD. Kab. Sorong,Stageof Sorong,,,2021,100%,100%,100%,100%,100%,100%,100%,100%,100%,100%,100%,100%,100%,100%,100%,100%,100%,100%,100%,100%,100%,100%,100%,100%,100%,100%,100%,100%,100%,100%,100%,100.0%,
16,BPBD Kota Sorong,Stageof Sorong,,,2021,100%,100%,100%,100%,100%,100%,100%,100%,100%,100%,100%,100%,100%,100%,100%,100%,100%,100%,100%,100%,100%,100%,100%,100%,100%,100%,100%,100%,100%,100%,100%,100.0%,
TOTAL PERSENTASE BULANAN,,,,,,,,,,,,,,,,,,,,,,,,,,,,,,,,,,,,,93.4%,
,,,,,,,,,,,,,,,,,,,,,,,,,,,,,,,,,,,,,,
,,,,,,,,,,,,,,,,,,,,,,,,,,,,,,,,,,,,,,
OPERATIONAL LEVEL AGREEMENT ( OLA ) MONITORING DATA WRS NG,,,,,,,,,,,,,,,,,,,,,,,,,,,,,,,,,,,,,,
BULAN JUNI 2026,,,,,,,,,,,,,,,,,,,,,,,,,,,,,,,,,,,,,,
,,,,,,,,,,,,,,,,,,,,,,,,,,,,,,,,,,,,,,
No,LOKASI WRS NEW GENERATION ,Stasiun / PIC,Koordinat,,Tahun Pengadaan,Status,,,,,,,,,,,,,,,,,,,,,,,,,,,,,,,Persentase Aktif (%),KETERANGAN / PERMASALAHAN / MITIGASI
,,,Latitude,Longitude,,1,2,3,4,5,6,7,8,9,10,11,12,13,14,15,16,17,18,19,20,21,22,23,24,25,26,27,28,29,30,,,
1,Balai Besar MKG Wilayah V ,Stageof Angkasa,-2.5800,140.6900,2020,ON,ON,ON,ON,ON,ON,ON,ON,ON,ON,ON,ON,ON,ON,ON,ON,ON,ON,ON,ON,ON,ON,ON,ON,ON,ON,ON,ON,ON,ON,,100.0%,
2,SAR Jayapura,Stageof Angkasa,-2.5700,140.5300,2021,ON,ON,ON,ON,ON,ON,OFF,OFF,OFF,OFF,OFF,OFF,OFF,OFF,OFF,OFF,OFF,OFF,OFF,OFF,OFF,OFF,OFF,OFF,OFF,OFF,OFF,OFF,OFF,OFF,,20.0%,
3,BPBD Kota Jayapura,Stageof Angkasa,-2.5900,140.6900,2020,ON,ON,ON,ON,ON,ON,ON,ON,ON,ON,ON,ON,ON,ON,ON,ON,ON,ON,ON,ON,ON,ON,ON,ON,ON,ON,ON,ON,ON,ON,,100.0%,
4,BPBD Kab. Jayapura,Stageof Angkasa,-2.5500,140.4800,2020,ON,ON,ON,ON,ON,ON,ON,ON,ON,ON,ON,ON,ON,ON,ON,ON,ON,ON,ON,ON,ON,ON,ON,ON,ON,ON,ON,ON,ON,ON,,100.0%,
5,Lantamal X,Stageof Angkasa,-2.5600,140.7000,2020,ON,ON,ON,ON,ON,ON,ON,ON,ON,ON,ON,ON,ON,ON,ON,ON,ON,ON,ON,ON,ON,ON,ON,ON,ON,ON,ON,ON,ON,ON,,100.0%,
6,BPBD Kab. Biak ,Stageof Angkasa,-1.1600,136.0800,2021,ON,ON,ON,ON,ON,ON,ON,ON,ON,ON,ON,ON,ON,ON,ON,ON,ON,ON,ON,ON,ON,ON,ON,ON,ON,ON,ON,ON,ON,ON,,100.0%,
7,Stageof Nabire,Stageof Nabire,-3.3760,135.4730,2020,ON,ON,ON,ON,ON,ON,ON,ON,ON,ON,ON,ON,ON,ON,ON,ON,ON,ON,ON,ON,ON,ON,ON,ON,ON,ON,ON,ON,ON,ON,,100.0%,
8,BPBD  Kab. Nabire,Stageof Nabire,-3.3180,135.5560,2020,ON,ON,ON,ON,ON,ON,ON,ON,ON,ON,ON,ON,ON,ON,ON,ON,ON,ON,ON,ON,ON,ON,ON,ON,ON,ON,ON,ON,ON,ON,,100.0%,
9,BPBD Supiori,Stageof Nabire,-0.7550,135.7260,2023,OFF,OFF,OFF,OFF,OFF,OFF,OFF,OFF,OFF,OFF,OFF,OFF,OFF,OFF,OFF,OFF,OFF,OFF,OFF,OFF,OFF,OFF,OFF,OFF,OFF,OFF,OFF,OFF,OFF,OFF,,0.0%,13 Feb LCD WRS Mengalami Black Screen untuk sementara perangkat OFF
10,Stageof Sorong,Stageof Sorong,-0.8622,131.2590,2019,ON,ON,ON,ON,ON,ON,ON,ON,ON,ON,ON,ON,ON,ON,ON,ON,ON,ON,ON,ON,ON,ON,ON,ON,ON,ON,ON,ON,ON,ON,,100.0%,
11,BPBD. Raja Ampat,Stageof Sorong,-0.4283,130.8055,2019,ON,ON,ON,ON,ON,ON,ON,ON,ON,ON,ON,ON,ON,ON,ON,ON,ON,ON,ON,ON,ON,ON,ON,ON,ON,ON,ON,ON,ON,ON,,100.0%,
12,BPBD. Sorong Selatan,Stageof Sorong,-1.4732,132.0898,2019,ON,ON,ON,ON,ON,ON,ON,ON,ON,ON,ON,ON,ON,ON,ON,ON,ON,ON,ON,ON,ON,ON,ON,ON,ON,ON,ON,ON,ON,ON,,100.0%,
13,BPBD. Teluk Wonadama,Stageof Sorong,-2.8249,134.5363,2019,ON,ON,ON,ON,ON,ON,ON,ON,ON,ON,ON,ON,ON,ON,ON,ON,ON,ON,ON,ON,ON,ON,ON,ON,ON,ON,ON,ON,ON,ON,,100.0%,
14,BPBD. Teluk Bintuni,Stageof Sorong,-2.0325,133.7315,2019,ON,ON,ON,ON,ON,ON,ON,ON,ON,ON,ON,ON,ON,ON,ON,ON,ON,ON,ON,ON,ON,ON,ON,ON,ON,ON,ON,ON,ON,ON,,100.0%,
15,BPBD. Kab. Sorong,Stageof Sorong,-0.9884,131.3661,2021,ON,ON,ON,ON,ON,ON,ON,ON,ON,ON,ON,ON,ON,ON,ON,ON,ON,ON,ON,ON,ON,ON,ON,ON,ON,ON,ON,ON,ON,ON,,100.0%,
16,BPBD Kota Sorong,Stageof Sorong,-0.8812,131.2880,2021,ON,ON,ON,ON,ON,ON,ON,ON,ON,ON,ON,ON,ON,ON,ON,ON,ON,ON,ON,ON,ON,ON,ON,ON,ON,ON,ON,ON,ON,ON,,100.0%,
TOTAL PERSENTASE BULANAN ,,,,,,,,,,,,,,,,,,,,,,,,,,,,,,,,,,,,,88.8%,
,,,,,,,,,,,,,,,,,,,,,,,,,,,,,,,,,,,,,,
OPERATIONAL LEVEL AGREEMENT ( OLA ) MONITORING DATA WRS NG,,,,,,,,,,,,,,,,,,,,,,,,,,,,,,,,,,,,,,
BULAN JUNI 2026,,,,,,,,,,,,,,,,,,,,,,,,,,,,,,,,,,,,,,
,,,,,,,,,,,,,,,,,,,,,,,,,,,,,,,,,,,,,,
No,LOKASI WRS NEW GENERATION,Stasiun / PIC,Koordinat,,Tahun Pengadaan,Status,,,,,,,,,,,,,,,,,,,,,,,,,,,,,,,Persentase Aktif (%),KETERANGAN / PERMASALAHAN / MITIGASI
,,,Latitude,Longitude,,1,2,3,4,5,6,7,8,9,10,11,12,13,14,15,16,17,18,19,20,21,22,23,24,25,26,27,28,29,30,,,
1,Balai Besar MKG Wilayah V ,Stageof Angkasa,-2.5800,140.6900,2020,100%,100%,100%,100%,100%,100%,100%,100%,100%,100%,100%,100%,100%,100%,100%,100%,100%,100%,100%,100%,100%,100%,100%,100%,100%,100%,100%,100%,100%,100%,,100.0%,
2,SAR Jayapura,Stageof Angkasa,-2.5700,140.5300,2021,100%,100%,100%,100%,100%,100%,0%,0%,0%,0%,0%,0%,0%,0%,0%,0%,0%,0%,0%,0%,0%,0%,0%,0%,0%,0%,0%,0%,0%,0%,,20.0%,
3,BPBD Kota Jayapura,Stageof Angkasa,-2.5900,140.6900,2020,100%,100%,100%,100%,100%,100%,100%,100%,100%,100%,100%,100%,100%,100%,100%,100%,100%,100%,100%,100%,100%,100%,100%,100%,100%,100%,100%,100%,100%,100%,,100.0%,
4,BPBD Kab. Jayapura,Stageof Angkasa,-2.5500,140.4800,2020,100%,100%,100%,100%,100%,100%,100%,100%,100%,100%,100%,100%,100%,100%,100%,100%,100%,100%,100%,100%,100%,100%,100%,100%,100%,100%,100%,100%,100%,100%,,100.0%,
5,Lantamal X,Stageof Angkasa,-2.5600,140.7000,2020,100%,100%,100%,100%,100%,100%,100%,100%,100%,100%,100%,100%,100%,100%,100%,100%,100%,100%,100%,100%,100%,100%,100%,100%,100%,100%,100%,100%,100%,100%,,100.0%,
6,BPBD Kab. Biak ,Stageof Angkasa,-1.1600,136.0800,2021,100%,100%,100%,100%,100%,100%,100%,100%,100%,100%,100%,100%,100%,100%,100%,100%,100%,100%,100%,100%,100%,100%,100%,100%,100%,100%,100%,100%,100%,100%,,100.0%,
7,Stageof Nabire,Stageof Nabire,-3.3760,135.4730,2020,100%,100%,100%,100%,100%,100%,100%,96%,96%,96%,100%,100%,100%,100%,100%,100%,100%,100%,100%,100%,100%,100%,100%,100%,100%,100%,100%,100%,100%,100%,,99.6%,
8,BPBD  Kab. Nabire,Stageof Nabire,-3.3180,135.5560,2020,100%,100%,96%,100%,100%,100%,100%,100%,100%,100%,100%,100%,100%,100%,100%,88%,96%,88%,75%,88%,91%,91%,100%,92%,92%,92%,100%,100%,100%,88%,,95.9%,
9,BPBD Supiori,Stageof Nabire,-0.7550,135.7260,2023,0%,0%,0%,0%,0%,0%,0%,0%,0%,0%,0%,0%,0%,0%,0%,0%,0%,0%,0%,0%,0%,0%,0%,0%,0%,0%,0%,0%,0%,0%,,0.0%,13 Feb LCD WRS Mengalami Black Screen untuk sementara perangkat OFF
10,Stageof Sorong,Stageof Sorong,-0.8622,131.2590,2019,100%,100%,100%,100%,100%,100%,100%,100%,100%,100%,100%,100%,100%,100%,100%,100%,100%,100%,100%,100%,100%,100%,100%,100%,100%,100%,100%,100%,100%,100%,,100.0%,
11,BPBD. Raja Ampat,Stageof Sorong,-0.4283,130.8055,2019,100%,100%,100%,100%,100%,100%,100%,100%,100%,100%,100%,100%,100%,100%,100%,100%,100%,100%,100%,100%,100%,100%,100%,100%,100%,100%,100%,100%,100%,100%,,100.0%,
12,BPBD. Sorong Selatan,Stageof Sorong,-1.4732,132.0898,2019,100%,100%,100%,100%,100%,100%,100%,100%,100%,100%,100%,100%,100%,100%,100%,100%,100%,100%,100%,100%,100%,100%,100%,100%,100%,100%,100%,100%,100%,100%,,100.0%,
13,BPBD. Teluk Wonadama,Stageof Sorong,-2.8249,134.5363,2019,100%,100%,100%,100%,100%,100%,100%,100%,100%,100%,100%,100%,100%,100%,100%,100%,100%,100%,100%,100%,100%,100%,100%,100%,100%,100%,100%,100%,100%,100%,,100.0%,
14,BPBD. Teluk Bintuni,Stageof Sorong,-2.0325,133.7315,2019,100%,100%,100%,100%,100%,100%,100%,100%,100%,100%,100%,100%,100%,100%,100%,100%,100%,100%,100%,100%,100%,100%,100%,100%,100%,100%,100%,100%,100%,100%,,100.0%,
15,BPBD. Kab. Sorong,Stageof Sorong,-0.9884,131.3661,2021,100%,100%,100%,100%,100%,100%,100%,100%,100%,100%,100%,100%,100%,100%,100%,100%,100%,100%,100%,100%,100%,100%,100%,100%,100%,100%,100%,100%,100%,100%,,100.0%,
16,BPBD Kota Sorong,Stageof Sorong,-0.8812,131.2880,2021,100%,100%,100%,100%,100%,100%,100%,100%,100%,100%,100%,100%,100%,100%,100%,100%,100%,100%,100%,100%,100%,100%,100%,100%,100%,100%,100%,100%,100%,100%,,100.0%,
TOTAL PERSENTASE BULANAN,,,,,,,,,,,,,,,,,,,,,,,,,,,,,,,,,,,,,88.5%,
,,,,,,,,,,,,,,,,,,,,,,,,,,,,,,,,,,,,,,
,,,,,,,,,,,,,,,,,,,,,,,,,,,,,,,,,,,,,,
SERVICE LEVEL AGREEMENT ( SLA ) MONITORING DATA  WRS NEW GENARTION,,,,,,,,,,,,,,,,,,,,,,,,,,,,,,,,,,,,,,
BULAN JULI 2026,,,,,,,,,,,,,,,,,,,,,,,,,,,,,,,,,,,,,,
,,,,,,,,,,,,,,,,,,,,,,,,,,,,,,,,,,,,,,
No,LOKASI WRS NEW GENERATION ,Stasiun / PIC,Koordinat,,Tahun Pengadaan,Status,,,,,,,,,,,,,,,,,,,,,,,,,,,,,,,Persentase Aktif (%),KETERANGAN / PERMASALAHAN / MITIGASI
,,,Latitude,Longitude,,1,2,3,4,5,6,7,8,9,10,11,12,13,14,15,16,17,18,19,20,21,22,23,24,25,26,27,28,29,30,31,,
1,Balai Besar MKG Wilayah V ,Stageof Angkasa,-2.5800,140.6900,2020,ON,ON,ON,ON,ON,ON,ON,ON,ON,ON,ON,ON,ON,ON,ON,ON,ON,ON,ON,ON,ON,ON,ON,ON,ON,ON,ON,ON,ON,ON,ON,100.0%,
2,SAR Jayapura,Stageof Angkasa,-2.5700,140.5300,2021,OFF,OFF,OFF,OFF,OFF,OFF,OFF,OFF,OFF,OFF,OFF,OFF,OFF,OFF,OFF,OFF,OFF,OFF,OFF,OFF,OFF,ON,OFF,OFF,OFF,OFF,OFF,OFF,OFF,OFF,OFF,3.2%,sistem power dan display bermasalah 
3,BPBD Kota Jayapura,Stageof Angkasa,-2.5900,140.6900,2020,ON,ON,ON,ON,ON,ON,ON,ON,ON,ON,ON,ON,ON,ON,ON,ON,ON,ON,ON,ON,ON,ON,ON,ON,ON,ON,ON,ON,ON,ON,ON,100.0%,
4,BPBD Kab. Jayapura,Stageof Angkasa,-2.5500,140.4800,2020,ON,ON,ON,ON,ON,ON,ON,ON,ON,ON,ON,ON,ON,ON,ON,ON,ON,ON,ON,ON,ON,ON,ON,ON,ON,ON,ON,ON,ON,ON,ON,100.0%,
5,Lantamal X,Stageof Angkasa,-2.5600,140.7000,2020,ON,ON,ON,ON,ON,ON,ON,ON,ON,ON,ON,ON,ON,ON,ON,ON,ON,ON,ON,ON,ON,ON,ON,ON,ON,ON,ON,ON,ON,ON,ON,100.0%,
6,BPBD Kab. Biak ,Stageof Angkasa,-1.1600,136.0800,2021,ON,ON,OFF,OFF,OFF,OFF,OFF,OFF,OFF,OFF,OFF,OFF,OFF,ON,OFF,ON,OFF,OFF,OFF,OFF,OFF,OFF,ON,OFF,OFF,ON,OFF,OFF,ON,OFF,OFF,22.6%,
7,Stageof Nabire,Stageof Nabire,-3.3760,135.4730,2020,ON,ON,ON,ON,ON,ON,ON,ON,ON,ON,ON,ON,ON,ON,ON,ON,ON,ON,ON,ON,ON,ON,ON,ON,OFF,OFF,ON,ON,ON,ON,ON,93.5%,"Pemeliharaan Kantor, WRS dimatikan"
8,BPBD  Kab. Nabire,Stageof Nabire,-3.3180,135.5560,2020,ON,ON,ON,ON,ON,ON,ON,ON,ON,ON,ON,ON,ON,ON,ON,ON,ON,ON,ON,ON,ON,ON,ON,ON,ON,ON,ON,ON,ON,OFF,ON,96.8%,
9,BPBD Supiori,Stageof Nabire,-0.7550,135.7260,2023,OFF,OFF,OFF,OFF,OFF,OFF,OFF,OFF,OFF,OFF,OFF,OFF,OFF,OFF,OFF,OFF,OFF,OFF,OFF,OFF,OFF,OFF,OFF,OFF,OFF,OFF,OFF,OFF,OFF,OFF,OFF,0.0%,13 Feb LCD WRS Mengalami Black Screen untuk sementara perangkat OFF
10,Stageof Sorong,Stageof Sorong,-0.8622,131.2590,2019,ON,ON,ON,ON,ON,ON,ON,ON,ON,ON,ON,ON,ON,ON,ON,ON,ON,ON,ON,ON,ON,ON,ON,ON,ON,ON,ON,ON,ON,ON,ON,100.0%,
11,BPBD. Raja Ampat,Stageof Sorong,-0.4283,130.8055,2019,ON,ON,ON,ON,ON,ON,ON,ON,ON,ON,ON,ON,ON,ON,ON,ON,ON,ON,ON,ON,ON,ON,ON,ON,ON,ON,ON,ON,ON,ON,ON,100.0%,
12,BPBD. Sorong Selatan,Stageof Sorong,-1.4732,132.0898,2019,ON,ON,ON,ON,ON,ON,ON,ON,ON,ON,ON,ON,ON,ON,ON,ON,ON,ON,ON,ON,ON,ON,ON,ON,ON,ON,ON,ON,ON,ON,ON,100.0%,
13,BPBD. Teluk Wonadama,Stageof Sorong,-2.8249,134.5363,2019,ON,ON,ON,ON,ON,ON,ON,ON,ON,ON,ON,ON,ON,ON,ON,ON,ON,ON,ON,ON,ON,ON,ON,ON,ON,ON,ON,ON,ON,ON,ON,100.0%,
14,BPBD. Teluk Bintuni,Stageof Sorong,-2.0325,133.7315,2019,ON,ON,ON,ON,ON,ON,ON,ON,ON,ON,ON,ON,ON,ON,ON,ON,ON,ON,ON,ON,ON,ON,ON,ON,ON,ON,ON,ON,ON,ON,ON,100.0%,
15,BPBD. Kab. Sorong,Stageof Sorong,-0.9884,131.3661,2021,ON,ON,ON,ON,ON,ON,ON,ON,ON,ON,ON,ON,ON,ON,ON,ON,ON,ON,ON,ON,ON,ON,ON,ON,ON,ON,ON,ON,ON,ON,ON,100.0%,
16,BPBD Kota Sorong,Stageof Sorong,-0.8812,131.2880,2021,ON,ON,ON,ON,ON,ON,ON,ON,ON,ON,ON,ON,ON,ON,ON,ON,ON,ON,ON,ON,ON,ON,ON,ON,ON,ON,ON,ON,ON,ON,ON,100.0%,
TOTAL PERSENTASE BULANAN ,,,,,,,,,,,,,,,,,,,,,,,,,,,,,,,,,,,,,82.3%,
,,,,,,,,,,,,,,,,,,,,,,,,,,,,,,,,,,,,,,
OPERATIONAL LEVEL AGREEMENT ( OLA ) MONITORING DATA WRS NG,,,,,,,,,,,,,,,,,,,,,,,,,,,,,,,,,,,,,,
BULAN JULI 2026,,,,,,,,,,,,,,,,,,,,,,,,,,,,,,,,,,,,,,
,,,,,,,,,,,,,,,,,,,,,,,,,,,,,,,,,,,,,,
No,LOKASI WRS NEW GENERATION,Stasiun / PIC,Koordinat,,Tahun Pengadaan,Status,,,,,,,,,,,,,,,,,,,,,,,,,,,,,,,Persentase Aktif (%),KETERANGAN / PERMASALAHAN / MITIGASI
,,,Latitude,Longitude,,1,2,3,4,5,6,7,8,9,10,11,12,13,14,15,16,17,18,19,20,21,22,23,24,25,26,27,28,29,30,31,,
1,Balai Besar MKG Wilayah V ,Stageof Angkasa,-2.5800,140.6900,2020,100%,100%,100%,100%,100%,100%,100%,100%,100%,100%,100%,100%,100%,100%,100%,100%,100%,100%,100%,100%,100%,100%,100%,100%,100%,100%,100%,100%,100%,100%,100%,100.0%,
2,SAR Jayapura,Stageof Angkasa,-2.5700,140.5300,2021,0%,0%,0%,0%,0%,0%,0%,0%,0%,0%,0%,0%,0%,0%,0%,0%,0%,0%,0%,0%,0%,100%,0%,0%,0%,0%,0%,0%,0%,0%,0%,3.2%,"sistem power dan display bermasalah 
"
3,BPBD Kota Jayapura,Stageof Angkasa,-2.5900,140.6900,2020,100%,100%,100%,100%,100%,100%,100%,100%,100%,100%,100%,100%,100%,100%,100%,100%,100%,100%,100%,100%,100%,100%,100%,100%,100%,100%,100%,100%,100%,100%,100%,100.0%,
4,BPBD Kab. Jayapura,Stageof Angkasa,-2.5500,140.4800,2020,100%,100%,100%,100%,100%,100%,100%,100%,100%,100%,100%,100%,100%,100%,100%,100%,100%,100%,100%,100%,100%,100%,100%,100%,100%,100%,100%,100%,100%,100%,100%,100.0%,
5,Lantamal X,Stageof Angkasa,-2.5600,140.7000,2020,100%,100%,100%,100%,100%,100%,100%,100%,100%,100%,100%,100%,100%,100%,100%,100%,100%,100%,100%,100%,100%,100%,100%,100%,100%,100%,100%,100%,100%,100%,100%,100.0%,
6,BPBD Kab. Biak ,Stageof Angkasa,-1.1600,136.0800,2021,100%,100%,0%,0%,0%,0%,0%,0%,0%,0%,0%,0%,0%,100%,0%,100%,0%,0%,0%,0%,0%,0%,100%,0%,0%,100%,0%,0%,100%,0%,0%,22.6%,
7,Stageof Nabire,Stageof Nabire,-3.3760,135.4730,2020,100%,100%,100%,21%,75%,100%,83%,100%,100%,100%,100%,100%,100%,100%,100%,100%,100%,100%,100%,100%,100%,100%,100%,54%,0%,0%,75%,100%,100%,100%,100%,87.4%,"Pemeliharaan Kantor, WRS dimatikan"
8,BPBD  Kab. Nabire,Stageof Nabire,-3.3180,135.5560,2020,100%,100%,100%,100%,100%,100%,100%,100%,100%,100%,100%,100%,100%,100%,100%,100%,100%,100%,100%,100%,100%,100%,100%,100%,100%,100%,100%,100%,54%,0%,58%,93.9%,
9,BPBD Supiori,Stageof Nabire,-0.7550,135.7260,2023,0%,0%,0%,0%,0%,0%,0%,0%,0%,0%,0%,0%,0%,0%,0%,0%,0%,0%,0%,0%,0%,0%,0%,0%,0%,0%,0%,0%,0,0%,0%,0.0%,13 Feb LCD WRS Mengalami Black Screen untuk sementara perangkat OFF
10,Stageof Sorong,Stageof Sorong,-0.8622,131.2590,2019,100%,100%,100%,100%,100%,100%,100%,100%,100%,100%,100%,100%,100%,100%,100%,100%,100%,100%,100%,100%,100%,100%,100%,100%,100%,100%,100%,100%,100%,100%,100%,100.0%,
11,BPBD. Raja Ampat,Stageof Sorong,-0.4283,130.8055,2019,100%,100%,100%,100%,100%,100%,100%,100%,100%,100%,100%,100%,100%,100%,100%,100%,100%,100%,100%,100%,100%,100%,100%,100%,100%,100%,100%,100%,100%,100%,100%,100.0%,
12,BPBD. Sorong Selatan,Stageof Sorong,-1.4732,132.0898,2019,100%,100%,100%,100%,100%,100%,100%,100%,100%,100%,100%,100%,100%,100%,100%,100%,100%,100%,100%,100%,100%,100%,100%,100%,100%,100%,100%,100%,100%,100%,100%,100.0%,
13,BPBD. Teluk Wonadama,Stageof Sorong,-2.8249,134.5363,2019,100%,100%,100%,100%,100%,100%,100%,100%,100%,100%,100%,100%,100%,100%,100%,100%,100%,100%,100%,100%,100%,100%,100%,100%,100%,100%,100%,100%,100%,100%,100%,100.0%,
14,BPBD. Teluk Bintuni,Stageof Sorong,-2.0325,133.7315,2019,100%,100%,100%,100%,100%,100%,100%,100%,100%,100%,100%,100%,100%,100%,100%,100%,100%,100%,100%,100%,100%,100%,100%,100%,100%,100%,100%,100%,100%,100%,100%,100.0%,
15,BPBD. Kab. Sorong,Stageof Sorong,-0.9884,131.3661,2021,100%,100%,100%,100%,100%,100%,100%,100%,100%,100%,100%,100%,100%,100%,100%,100%,100%,100%,100%,100%,100%,100%,100%,100%,100%,100%,100%,100%,100%,100%,100%,100.0%,
16,BPBD Kota Sorong,Stageof Sorong,-0.8812,131.2880,2021,100%,100%,100%,100%,100%,100%,100%,100%,100%,100%,100%,100%,100%,100%,100%,100%,100%,100%,100%,100%,100%,100%,100%,100%,100%,100%,100%,100%,100%,100%,100%,100.0%,
TOTAL PERSENTASE BULANAN,,,,,,,,,,,,,,,,,,,,,,,,,,,,,,,,,,,,,81.7%,
,,,,,,,,,,,,,,,,,,,,,,,,,,,,,,,,,,,,,,
,,,,,,,,,,,,,,,,,,,,,,,,,,,,,,,,,,,,,,
SERVICE LEVEL AGREEMENT ( SLA ) MONITORING DATA  WRS NEW GENARTION,,,,,,,,,,,,,,,,,,,,,,,,,,,,,,,,,,,,,,
BULAN AGUSTUS 2026,,,,,,,,,,,,,,,,,,,,,,,,,,,,,,,,,,,,,,
,,,,,,,,,,,,,,,,,,,,,,,,,,,,,,,,,,,,,,
No,LOKASI WRS NEW GENERATION ,Stasiun / PIC,Koordinat,,Tahun Pengadaan,Status,,,,,,,,,,,,,,,,,,,,,,,,,,,,,,,Persentase Aktif (%),KETERANGAN / PERMASALAHAN / MITIGASI
,,,Latitude,Longitude,,1,2,3,4,5,6,7,8,9,10,11,12,13,14,15,16,17,18,19,20,21,22,23,24,25,26,27,28,29,30,31,,
1,Balai Besar MKG Wilayah V ,Stageof Angkasa,-2.5800,140.6900,2020,ON,ON,ON,ON,ON,ON,ON,ON,ON,ON,ON,ON,ON,ON,ON,ON,ON,ON,ON,ON,ON,ON,ON,ON,ON,ON,ON,ON,ON,ON,ON,100.0%,
2,SAR Jayapura,Stageof Angkasa,-2.5700,140.5300,2021,OFF,OFF,OFF,OFF,OFF,OFF,OFF,OFF,OFF,OFF,OFF,OFF,OFF,OFF,OFF,OFF,OFF,OFF,OFF,OFF,OFF,OFF,OFF,OFF,OFF,OFF,OFF,OFF,OFF,OFF,OFF,0.0%,sistem power dan display bermasalah 
3,BPBD Kota Jayapura,Stageof Angkasa,-2.5900,140.6900,2020,ON,ON,ON,ON,ON,ON,ON,ON,ON,ON,ON,ON,ON,ON,ON,ON,ON,ON,ON,ON,ON,ON,ON,ON,ON,ON,ON,ON,ON,ON,ON,100.0%,
4,BPBD Kab. Jayapura,Stageof Angkasa,-2.5500,140.4800,2020,ON,ON,ON,ON,ON,ON,ON,ON,ON,ON,ON,ON,ON,ON,ON,ON,ON,ON,ON,ON,ON,ON,ON,ON,ON,ON,ON,ON,ON,ON,ON,100.0%,
5,Lantamal X,Stageof Angkasa,-2.5600,140.7000,2020,ON,ON,ON,ON,ON,ON,ON,ON,ON,ON,ON,ON,ON,ON,ON,ON,OFF,OFF,OFF,OFF,OFF,OFF,OFF,OFF,OFF,OFF,OFF,OFF,OFF,OFF,OFF,51.6%,"Display bermasalah tidak menyala (rekomendasi 
penggatian display baru)"
6,BPBD Kab. Biak ,Stageof Angkasa,-1.1600,136.0800,2021,OFF,OFF,OFF,ON,ON,OFF,ON,ON,ON,ON,ON,ON,ON,ON,ON,ON,ON,ON,ON,ON,ON,ON,ON,ON,ON,ON,ON,ON,ON,ON,ON,87.1%,
7,Stageof Nabire,Stageof Nabire,-3.3760,135.4730,2020,ON,ON,ON,ON,ON,ON,ON,ON,ON,ON,ON,ON,ON,ON,ON,ON,ON,ON,ON,ON,ON,ON,ON,ON,ON,ON,ON,ON,ON,ON,ON,100.0%,
8,BPBD  Kab. Nabire,Stageof Nabire,-3.3180,135.5560,2020,ON,ON,ON,ON,ON,ON,ON,ON,ON,ON,ON,ON,ON,ON,ON,ON,ON,ON,ON,ON,ON,ON,ON,ON,ON,ON,ON,ON,ON,ON,ON,100.0%,
9,BPBD Supiori,Stageof Nabire,-0.7550,135.7260,2023,OFF,OFF,OFF,OFF,OFF,OFF,OFF,OFF,OFF,OFF,OFF,OFF,OFF,OFF,OFF,OFF,OFF,OFF,OFF,OFF,OFF,OFF,OFF,OFF,OFF,OFF,OFF,OFF,OFF,OFF,OFF,0.0%,13 Feb LCD WRS Mengalami Black Screen untuk sementara perangkat OFF
10,Stageof Sorong,Stageof Sorong,-0.8622,131.2590,2019,ON,ON,ON,ON,ON,ON,ON,ON,ON,ON,ON,ON,ON,ON,ON,ON,ON,ON,ON,ON,ON,ON,ON,ON,ON,ON,ON,ON,ON,ON,ON,100.0%,
11,BPBD. Raja Ampat,Stageof Sorong,-0.4283,130.8055,2019,ON,ON,ON,ON,ON,ON,ON,ON,ON,ON,ON,ON,ON,ON,ON,ON,ON,ON,ON,ON,ON,ON,ON,ON,ON,ON,ON,ON,ON,ON,ON,100.0%,
12,BPBD. Sorong Selatan,Stageof Sorong,-1.4732,132.0898,2019,ON,ON,ON,ON,ON,ON,ON,ON,ON,ON,ON,ON,ON,ON,ON,ON,ON,ON,ON,ON,ON,ON,ON,ON,ON,ON,ON,ON,ON,ON,ON,100.0%,
13,BPBD. Teluk Wonadama,Stageof Sorong,-2.8249,134.5363,2019,ON,ON,ON,ON,ON,ON,ON,ON,ON,ON,ON,ON,ON,ON,ON,ON,ON,ON,ON,ON,ON,ON,ON,ON,ON,ON,ON,ON,ON,ON,ON,100.0%,
14,BPBD. Teluk Bintuni,Stageof Sorong,-2.0325,133.7315,2019,ON,ON,ON,ON,ON,ON,ON,ON,ON,ON,ON,ON,ON,ON,ON,ON,ON,ON,ON,ON,ON,ON,ON,ON,ON,ON,ON,ON,ON,ON,ON,100.0%,
15,BPBD. Kab. Sorong,Stageof Sorong,-0.9884,131.3661,2021,ON,ON,ON,ON,ON,ON,ON,ON,ON,ON,ON,ON,ON,ON,ON,ON,ON,ON,ON,ON,ON,ON,ON,ON,ON,ON,ON,ON,ON,ON,ON,100.0%,
16,BPBD Kota Sorong,Stageof Sorong,-0.8812,131.2880,2021,ON,ON,ON,ON,ON,ON,ON,ON,ON,ON,ON,ON,ON,ON,ON,ON,ON,ON,ON,ON,ON,ON,ON,ON,ON,ON,ON,ON,ON,ON,ON,100.0%,
TOTAL PERSENTASE BULANAN ,,,,,,,,,,,,,,,,,,,,,,,,,,,,,,,,,,,,,83.7%,
,,,,,,,,,,,,,,,,,,,,,,,,,,,,,,,,,,,,,,
OPERATIONAL LEVEL AGREEMENT ( OLA ) MONITORING DATA WRS NG,,,,,,,,,,,,,,,,,,,,,,,,,,,,,,,,,,,,,,
BULAN AGUSTUS 2026,,,,,,,,,,,,,,,,,,,,,,,,,,,,,,,,,,,,,,
,,,,,,,,,,,,,,,,,,,,,,,,,,,,,,,,,,,,,,
No,LOKASI WRS NEW GENERATION,Stasiun / PIC,Koordinat,,Tahun Pengadaan,Status,,,,,,,,,,,,,,,,,,,,,,,,,,,,,,,Persentase Aktif (%),KETERANGAN / PERMASALAHAN / MITIGASI
,,,Latitude,Longitude,,1,2,3,4,5,6,7,8,9,10,11,12,13,14,15,16,17,18,19,20,21,22,23,24,25,26,27,28,29,30,31,,
1,Balai Besar MKG Wilayah V ,Stageof Angkasa,-2.5800,140.6900,2020,100%,100%,100%,100%,100%,100%,100%,100%,100%,100%,100%,100%,100%,100%,100%,100%,100%,100%,100%,100%,100%,100%,100%,100%,100%,100%,100%,100%,100%,100%,100%,100.0%,
2,SAR Jayapura,Stageof Angkasa,-2.5700,140.5300,2021,0%,0%,0%,0%,0%,0%,0%,0%,0%,0%,0%,0%,0%,0%,0%,0%,0%,0%,0%,0%,0%,0%,0%,0%,0%,0%,0%,0%,0%,0%,0%,0.0%,
3,BPBD Kota Jayapura,Stageof Angkasa,-2.5900,140.6900,2020,100%,100%,100%,100%,100%,100%,100%,100%,100%,100%,100%,100%,100%,100%,100%,100%,100%,100%,100%,100%,100%,100%,100%,100%,100%,100%,100%,100%,100%,100%,100%,100.0%,
4,BPBD Kab. Jayapura,Stageof Angkasa,-2.5500,140.4800,2020,100%,100%,100%,100%,100%,100%,100%,100%,100%,100%,100%,100%,100%,100%,100%,100%,100%,100%,100%,100%,100%,100%,100%,100%,100%,100%,100%,100%,100%,100%,100%,100.0%,
5,Lantamal X,Stageof Angkasa,-2.5600,140.7000,2020,100%,100%,100%,100%,100%,100%,100%,100%,100%,100%,100%,100%,100%,100%,100%,100%,0%,0%,0%,0%,0%,0%,0%,0%,0%,0%,0%,0%,0%,0%,0%,51.6%,
6,BPBD Kab. Biak ,Stageof Angkasa,-1.1600,136.0800,2021,0%,0%,0%,100%,100%,0%,100%,100%,100%,100%,100%,100%,100%,100%,100%,100%,100%,100%,100%,100%,100%,100%,100%,100%,100%,100%,100%,100%,100%,100%,100%,87.1%,
7,Stageof Nabire,Stageof Nabire,-3.3760,135.4730,2020,100%,100%,100%,100%,100%,100%,100%,88%,100%,100%,100%,100%,100%,100%,100%,83%,100%,100%,100%,100%,100%,79%,100%,100%,100%,100%,100%,100%,100%,100%,100%,98.4%,Gangguan jaringan
8,BPBD  Kab. Nabire,Stageof Nabire,-3.3180,135.5560,2020,100%,100%,100%,100%,100%,100%,100%,88%,100%,100%,100%,100%,100%,100%,100%,100%,100%,100%,100%,96%,96%,100%,100%,100%,100%,100%,100%,100%,96%,96%,96%,99.0%,Gangguan jaringan
9,BPBD Supiori,Stageof Nabire,-0.7550,135.7260,2023,0%,0%,0%,0%,0%,0%,0%,0%,0%,0%,0%,0%,0%,0%,0%,0%,0%,0%,0%,0%,0%,0%,0%,0%,0%,0%,0%,0%,0%,0%,0%,0.0%,13 Feb LCD WRS Mengalami Black Screen untuk sementara perangkat OFF
10,Stageof Sorong,Stageof Sorong,-0.8622,131.2590,2019,100%,100%,100%,100%,100%,100%,100%,100%,100%,100%,100%,100%,100%,100%,100%,100%,100%,100%,100%,100%,100%,100%,100%,100%,100%,100%,100%,100%,100%,100%,100%,100.0%,
11,BPBD. Raja Ampat,Stageof Sorong,-0.4283,130.8055,2019,100%,100%,100%,100%,100%,100%,100%,100%,100%,100%,100%,100%,100%,100%,100%,100%,100%,100%,100%,100%,100%,100%,100%,100%,100%,100%,100%,100%,100%,100%,100%,100.0%,
12,BPBD. Sorong Selatan,Stageof Sorong,-1.4732,132.0898,2019,100%,100%,100%,100%,100%,100%,100%,100%,100%,100%,100%,100%,100%,100%,100%,100%,100%,100%,100%,100%,100%,100%,100%,100%,100%,100%,100%,100%,100%,100%,100%,100.0%,
13,BPBD. Teluk Wonadama,Stageof Sorong,-2.8249,134.5363,2019,100%,100%,100%,100%,100%,100%,100%,100%,100%,100%,100%,100%,100%,100%,100%,100%,100%,100%,100%,100%,100%,100%,100%,100%,100%,100%,100%,100%,100%,100%,100%,100.0%,
14,BPBD. Teluk Bintuni,Stageof Sorong,-2.0325,133.7315,2019,100%,100%,100%,100%,100%,100%,100%,100%,100%,100%,100%,100%,100%,100%,100%,100%,100%,100%,100%,100%,100%,100%,100%,100%,100%,100%,100%,100%,100%,100%,100%,100.0%,
15,BPBD. Kab. Sorong,Stageof Sorong,-0.9884,131.3661,2021,100%,100%,100%,100%,100%,100%,100%,100%,100%,100%,100%,100%,100%,100%,100%,100%,100%,100%,100%,100%,100%,100%,100%,100%,100%,100%,100%,100%,100%,100%,100%,100.0%,
16,BPBD Kota Sorong,Stageof Sorong,-0.8812,131.2880,2021,100%,100%,100%,100%,100%,100%,100%,100%,100%,100%,100%,100%,100%,100%,100%,100%,100%,100%,100%,100%,100%,100%,100%,100%,100%,100%,100%,100%,100%,100%,100%,100.0%,
TOTAL PERSENTASE BULANAN,,,,,,,,,,,,,,,,,,,,,,,,,,,,,,,,,,,,,83.5%,
,,,,,,,,,,,,,,,,,,,,,,,,,,,,,,,,,,,,,,
,,,,,,,,,,,,,,,,,,,,,,,,,,,,,,,,,,,,,,
SERVICE LEVEL AGREEMENT ( SLA ) MONITORING DATA  WRS NEW GENARTION,,,,,,,,,,,,,,,,,,,,,,,,,,,,,,,,,,,,,,
BULAN SEPTEMBER 2026,,,,,,,,,,,,,,,,,,,,,,,,,,,,,,,,,,,,,,
,,,,,,,,,,,,,,,,,,,,,,,,,,,,,,,,,,,,,,
No,LOKASI WRS NEW GENERATION ,Stasiun / PIC,Koordinat,,Tahun Pengadaan,Status,,,,,,,,,,,,,,,,,,,,,,,,,,,,,,,Persentase Aktif (%),KETERANGAN / PERMASALAHAN / MITIGASI
,,,Latitude,Longitude,,1,2,3,4,5,6,7,8,9,10,11,12,13,14,15,16,17,18,19,20,21,22,23,24,25,26,27,28,29,30,31,,
1,Balai Besar MKG Wilayah V ,Stageof Angkasa,-2.5800,140.6900,2020,ON,ON,ON,ON,ON,ON,ON,ON,ON,ON,ON,ON,ON,ON,ON,ON,ON,ON,ON,ON,ON,ON,ON,ON,ON,ON,ON,ON,ON,ON,,100.0%,
2,SAR Jayapura,Stageof Angkasa,-2.5700,140.5300,2021,OFF,OFF,OFF,OFF,OFF,OFF,OFF,OFF,OFF,OFF,OFF,OFF,OFF,OFF,OFF,OFF,OFF,OFF,OFF,OFF,OFF,OFF,OFF,OFF,OFF,OFF,OFF,OFF,OFF,OFF,,0.0%,sistem power dan display bermasalah 
3,BPBD Kota Jayapura,Stageof Angkasa,-2.5900,140.6900,2020,ON,ON,ON,ON,ON,ON,ON,ON,ON,OFF,ON,ON,ON,ON,ON,ON,ON,ON,ON,ON,ON,ON,ON,ON,ON,ON,ON,ON,ON,ON,,96.7%,
4,BPBD Kab. Jayapura,Stageof Angkasa,-2.5500,140.4800,2020,ON,ON,ON,ON,ON,ON,ON,ON,ON,ON,ON,ON,ON,ON,ON,ON,ON,ON,ON,ON,ON,ON,ON,ON,ON,ON,ON,ON,ON,ON,,100.0%,
5,Lantamal X,Stageof Angkasa,-2.5600,140.7000,2020,OFF,OFF,OFF,OFF,OFF,OFF,OFF,OFF,OFF,OFF,OFF,OFF,OFF,OFF,OFF,OFF,OFF,OFF,OFF,OFF,OFF,ON,ON,ON,ON,ON,ON,ON,ON,ON,,30.0%,"Display bermasalah tidak menyala (rekomendasi 
penggatian display baru)"
6,BPBD Kab. Biak ,Stageof Angkasa,-1.1600,136.0800,2021,ON,ON,ON,ON,ON,ON,ON,ON,ON,ON,ON,ON,ON,ON,ON,ON,ON,OFF,ON,ON,ON,ON,ON,ON,ON,ON,ON,ON,ON,ON,,96.7%,
7,Stageof Nabire,Stageof Nabire,-3.3760,135.4730,2020,ON,ON,ON,ON,ON,ON,ON,ON,ON,ON,ON,ON,ON,ON,ON,ON,ON,ON,ON,ON,ON,ON,ON,ON,ON,ON,ON,ON,ON,ON,,100.0%,
8,BPBD  Kab. Nabire,Stageof Nabire,-3.3180,135.5560,2020,ON,ON,ON,ON,ON,ON,ON,ON,ON,ON,ON,ON,ON,ON,ON,ON,ON,ON,ON,ON,ON,ON,ON,ON,ON,ON,ON,ON,ON,ON,,100.0%,
9,BPBD Supiori,Stageof Nabire,-0.7550,135.7260,2023,OFF,OFF,OFF,OFF,OFF,OFF,OFF,OFF,OFF,OFF,OFF,OFF,OFF,OFF,OFF,OFF,OFF,OFF,OFF,OFF,OFF,OFF,OFF,OFF,OFF,OFF,OFF,OFF,OFF,OFF,,0.0%,13 Feb LCD WRS Mengalami Black Screen untuk sementara perangkat OFF
10,Stageof Sorong,Stageof Sorong,-0.8622,131.2590,2019,ON,ON,ON,ON,ON,ON,ON,ON,ON,ON,ON,ON,ON,ON,ON,ON,ON,ON,ON,ON,ON,ON,ON,ON,ON,ON,ON,ON,ON,ON,,100.0%,
11,BPBD. Raja Ampat,Stageof Sorong,-0.4283,130.8055,2019,ON,ON,ON,ON,ON,ON,ON,ON,ON,ON,ON,ON,ON,ON,ON,ON,ON,ON,ON,ON,ON,ON,ON,ON,ON,ON,ON,ON,ON,ON,,100.0%,
12,BPBD. Sorong Selatan,Stageof Sorong,-1.4732,132.0898,2019,ON,ON,ON,ON,ON,ON,ON,ON,ON,ON,ON,ON,ON,ON,ON,ON,ON,ON,ON,ON,ON,ON,ON,ON,ON,ON,ON,ON,ON,ON,,100.0%,
13,BPBD. Teluk Wonadama,Stageof Sorong,-2.8249,134.5363,2019,ON,ON,ON,ON,ON,ON,ON,ON,ON,ON,ON,ON,ON,ON,ON,ON,ON,ON,ON,ON,ON,ON,ON,ON,ON,ON,ON,ON,ON,ON,,100.0%,
14,BPBD. Teluk Bintuni,Stageof Sorong,-2.0325,133.7315,2019,ON,ON,ON,ON,ON,ON,ON,ON,ON,ON,ON,ON,ON,ON,ON,ON,ON,ON,ON,ON,ON,ON,ON,ON,ON,ON,ON,ON,ON,ON,,100.0%,
15,BPBD. Kab. Sorong,Stageof Sorong,-0.9884,131.3661,2021,ON,ON,ON,ON,ON,ON,ON,ON,ON,ON,ON,ON,ON,ON,ON,ON,ON,ON,ON,ON,ON,ON,ON,ON,ON,ON,ON,ON,ON,ON,,100.0%,
16,BPBD Kota Sorong,Stageof Sorong,-0.8812,131.2880,2021,ON,ON,ON,ON,ON,ON,ON,ON,ON,ON,ON,ON,ON,ON,ON,ON,ON,ON,ON,ON,ON,ON,ON,ON,ON,ON,ON,ON,ON,ON,,100.0%,
TOTAL PERSENTASE BULANAN ,,,,,,,,,,,,,,,,,,,,,,,,,,,,,,,,,,,,,82.7%,
,,,,,,,,,,,,,,,,,,,,,,,,,,,,,,,,,,,,,,
OPERATIONAL LEVEL AGREEMENT ( OLA ) MONITORING DATA WRS NG,,,,,,,,,,,,,,,,,,,,,,,,,,,,,,,,,,,,,,
BULAN SEPTEMBER 2026,,,,,,,,,,,,,,,,,,,,,,,,,,,,,,,,,,,,,,
,,,,,,,,,,,,,,,,,,,,,,,,,,,,,,,,,,,,,,
No,LOKASI WRS NEW GENERATION,Stasiun / PIC,Koordinat,,Tahun Pengadaan,Status,,,,,,,,,,,,,,,,,,,,,,,,,,,,,,,Persentase Aktif (%),KETERANGAN / PERMASALAHAN / MITIGASI
,,,Latitude,Longitude,,1,2,3,4,5,6,7,8,9,10,11,12,13,14,15,16,17,18,19,20,21,22,23,24,25,26,27,28,29,30,31,,
1,Balai Besar MKG Wilayah V ,Stageof Angkasa,-2.5800,140.6900,2020,100%,100%,100%,100%,100%,100%,100%,100%,100%,100%,100%,100%,100%,100%,100%,100%,100%,100%,100%,100%,50%,100%,100%,100%,100%,100%,100%,100%,100%,100%,,98.3%,
2,SAR Jayapura,Stageof Angkasa,-2.5700,140.5300,2021,0%,0%,0%,0%,0%,0%,0%,0%,0%,0%,0%,0%,0%,0%,0%,0%,0%,0%,0%,0%,0%,0%,0%,0%,0%,0%,0%,0%,0%,0%,,0.0%,
3,BPBD Kota Jayapura,Stageof Angkasa,-2.5900,140.6900,2020,100%,100%,100%,100%,100%,100%,100%,100%,100%,0%,100%,100%,100%,100%,100%,100%,100%,100%,100%,100%,100%,100%,100%,100%,100%,100%,100%,100%,100%,100%,,96.7%,
4,BPBD Kab. Jayapura,Stageof Angkasa,-2.5500,140.4800,2020,100%,100%,100%,100%,100%,100%,100%,100%,100%,100%,100%,100%,100%,100%,100%,100%,100%,100%,100%,100%,100%,100%,100%,100%,100%,100%,100%,100%,100%,100%,,100.0%,
5,Lantamal X,Stageof Angkasa,-2.5600,140.7000,2020,0%,0%,0%,0%,0%,0%,0%,0%,0%,0%,0%,0%,0%,0%,0%,0%,0%,0%,0%,0%,0%,100%,100%,100%,100%,100%,100%,100%,100%,100%,,30.0%,
6,BPBD Kab. Biak ,Stageof Angkasa,-1.1600,136.0800,2021,100%,100%,100%,100%,100%,100%,100%,100%,100%,100%,100%,100%,100%,100%,100%,100%,50%,0%,38%,100%,100%,100%,100%,100%,100%,100%,100%,100%,100%,100%,,92.9%,
7,Stageof Nabire,Stageof Nabire,-3.3760,135.4730,2020,100%,100%,100%,100%,100%,100%,100%,100%,100%,100%,100%,100%,100%,100%,100%,100%,100%,100%,100%,100%,100%,100%,100%,100%,100%,100%,100%,100%,100%,100%,,100.0%,
8,BPBD  Kab. Nabire,Stageof Nabire,-3.3180,135.5560,2020,100%,100%,100%,100%,100%,100%,100%,100%,100%,92%,100%,92%,96%,100%,100%,100%,100%,100%,100%,100%,100%,100%,100%,100%,100%,100%,100%,100%,100%,100%,,99.3%,
9,BPBD Supiori,Stageof Nabire,-0.7550,135.7260,2023,0%,0%,0%,0%,0%,0%,0%,0%,0%,0%,0%,0%,0%,0%,0%,0%,0%,0%,0%,0%,0%,0%,0%,0%,0%,0%,0%,0%,0%,0%,,0.0%,13 Feb LCD WRS Mengalami Black Screen untuk sementara perangkat OFF
10,Stageof Sorong,Stageof Sorong,-0.8622,131.2590,2019,100%,100%,100%,100%,100%,100%,100%,100%,100%,100%,100%,100%,100%,100%,100%,100%,100%,100%,100%,100%,100%,100%,100%,100%,100%,100%,100%,100%,100%,100%,,100.0%,
11,BPBD. Raja Ampat,Stageof Sorong,-0.4283,130.8055,2019,100%,100%,100%,100%,100%,100%,100%,100%,100%,100%,100%,100%,100%,100%,100%,100%,100%,100%,100%,100%,100%,100%,100%,100%,100%,100%,100%,100%,100%,100%,,100.0%,
12,BPBD. Sorong Selatan,Stageof Sorong,-1.4732,132.0898,2019,100%,100%,100%,100%,100%,100%,100%,100%,100%,100%,100%,100%,100%,100%,100%,100%,100%,100%,100%,100%,100%,100%,100%,100%,100%,100%,100%,100%,100%,100%,,100.0%,
13,BPBD. Teluk Wonadama,Stageof Sorong,-2.8249,134.5363,2019,100%,100%,100%,100%,100%,100%,100%,100%,100%,100%,100%,100%,100%,100%,100%,100%,100%,100%,100%,100%,100%,100%,100%,100%,100%,100%,100%,100%,100%,100%,,100.0%,
14,BPBD. Teluk Bintuni,Stageof Sorong,-2.0325,133.7315,2019,100%,100%,100%,100%,100%,100%,100%,100%,100%,100%,100%,100%,100%,100%,100%,100%,100%,100%,100%,100%,100%,100%,100%,100%,100%,100%,100%,100%,100%,100%,,100.0%,
15,BPBD. Kab. Sorong,Stageof Sorong,-0.9884,131.3661,2021,100%,100%,100%,100%,100%,100%,100%,100%,100%,100%,100%,100%,100%,100%,100%,100%,100%,100%,100%,100%,100%,100%,100%,100%,100%,100%,100%,100%,100%,100%,,100.0%,
16,BPBD Kota Sorong,Stageof Sorong,-0.8812,131.2880,2021,100%,100%,100%,100%,100%,100%,100%,100%,100%,100%,100%,100%,100%,100%,100%,100%,100%,100%,100%,100%,100%,100%,100%,100%,100%,100%,100%,100%,100%,100%,,100.0%,
TOTAL PERSENTASE BULANAN,,,,,,,,,,,,,,,,,,,,,,,,,,,,,,,,,,,,,82.3%,