SERVICE LEVEL AGREEMENT ( SLA ) MONITORING DATA Accelerograph,,,,,,,,,,,,,,,,,,,,,,,,,,,,,,,,,,,,,,
BULAN JANUARI 2026,,,,,,,,,,,,,,,,,,,,,,,,,,,,,,,,,,,,,,
,,,,,,,,,,,,,,,,,,,,,,,,,,,,,,,,,,,,,,
No,Lokasi ,Stasiun / PIC,Koordinat,,Tahun Pengadaan,Status,,,,,,,,,,,,,,,,,,,,,,,,,,,,,,,Persentase Aktif (%),KETERANGAN / PERMASALAHAN / MITIGASI
,,,Latitude,Longitude,,1,2,3,4,5,6,7,8,9,10,11,12,13,14,15,16,17,18,19,20,21,22,23,24,25,26,27,28,29,30,31,,
1,Balai Besar MKG Wilayah V (JBPI),Stageof Angkasa,-2.5700,140.6800,2012,ON,ON,ON,ON,ON,ON,ON,OFF,OFF,OFF,OFF,OFF,OFF,OFF,OFF,OFF,OFF,OFF,OFF,ON,ON,ON,ON,ON,ON,ON,ON,ON,ON,ON,ON,61.3%,
2,Stageof Angkasa (JGPI),Stageof Angkasa,-2.5145,140.7038,2012,ON,ON,ON,ON,ON,ON,ON,ON,ON,ON,ON,ON,ON,ON,ON,ON,ON,ON,ON,ON,ON,ON,ON,ON,ON,ON,ON,ON,ON,ON,ON,100.0%,
3,Stamet Sentani ( JMPI),Stageof Angkasa,-2.5757,140.5185,2012,ON,ON,ON,ON,ON,ON,ON,ON,ON,ON,ON,ON,ON,ON,ON,ON,ON,ON,ON,ON,ON,ON,ON,ON,ON,ON,ON,ON,ON,ON,ON,100.0%,
4,Stamet Biak ( BMPI),Stageof Angkasa,-1.1907,136.1038,2013,ON,ON,ON,ON,ON,ON,ON,ON,ON,ON,ON,ON,ON,ON,ON,ON,ON,ON,ON,ON,ON,ON,ON,ON,ON,ON,ON,ON,ON,ON,ON,100.0%,
5,Stamet Timika ( TMPI),Stageof Angkasa,-4.5299,136.8900,2013,ON,ON,ON,ON,ON,ON,ON,ON,ON,ON,ON,ON,ON,ON,ON,ON,ON,ON,ON,ON,ON,ON,ON,ON,ON,ON,ON,ON,ON,ON,ON,100.0%,
6,Stamet Manokwari( MAPI),Stageof Sorong,-0.8903,134.0512,2013,ON,ON,ON,ON,ON,ON,ON,OFF,OFF,ON,ON,ON,ON,ON,ON,ON,ON,ON,ON,ON,ON,ON,ON,ON,ON,ON,ON,ON,ON,ON,ON,93.5%,
7,Stamet Enarotali (ERPN),Stageof Nabire,-3.9269,136.3809,2017,ON,ON,ON,ON,ON,ON,ON,OFF,OFF,ON,ON,ON,ON,ON,ON,ON,ON,ON,ON,ON,ON,ON,ON,ON,ON,ON,ON,ON,ON,ON,ON,93.5%,
TOTAL PERSENTASE BULANAN,,,,,,,,,,,,,,,,,,,,,,,,,,,,,,,,,,,,,92.6%,
,,,,,,,,,,,,,,,,,,,,,,,,,,,,,,,,,,,,,,
OPERATIONAL LEVEL AGREEMENT ( OLA ) MONITORING DATA Accelerograph,,,,,,,,,,,,,,,,,,,,,,,,,,,,,,,,,,,,,,
BULAN JANUARI 2026,,,,,,,,,,,,,,,,,,,,,,,,,,,,,,,,,,,,,,
,,,,,,,,,,,,,,,,,,,,,,,,,,,,,,,,,,,,,,
No,Lokasi ,Stasiun / PIC,Koordinat,,Tahun Pengadaan ,Status,,,,,,,,,,,,,,,,,,,,,,,,,,,,,,,Persentase Aktif (%),KETERANGAN / PERMASALAHAN / MITIGASI
,,,Latitude,Longitude,,1,2,3,4,5,6,7,8,9,10,11,12,13,14,15,16,17,18,19,20,21,22,23,24,25,26,27,28,29,30,31,,
1,Balai Besar MKG Wilayah V (JBPI),Stageof Angkasa,-2.5700,140.6800,2012,100%,100%,100%,100%,100%,100%,18%,0%,0%,0%,0%,0%,0%,0%,0%,0%,0%,0%,0%,68%,100%,100%,100%,100%,95%,100%,0%,0%,0%,0%,0%,41.3%,
2,Stageof Angkasa (JGPI),Stageof Angkasa,-2.5145,140.7038,2012,100%,90%,89%,100%,100%,90%,55%,86%,100%,100%,100%,66%,53%,89%,100%,100%,100%,66%,100%,100%,100%,100%,100%,100%,100%,100%,92%,83%,100%,100%,93%,92.0%,
3,Stamet Sentani ( JMPI),Stageof Angkasa,-2.5757,140.5185,2012,100%,100%,100%,100%,100%,100%,100%,100%,82%,98%,100%,100%,100%,100%,100%,100%,100%,100%,100%,100%,100%,100%,100%,100%,100%,100%,100%,100%,100%,100%,100%,99.4%,
4,Stamet Biak ( BMPI),Stageof Angkasa,-1.1907,136.1038,2013,100%,100%,100%,63%,87%,100%,100%,100%,100%,100%,100%,100%,100%,100%,100%,100%,100%,100%,100%,100%,100%,100%,100%,100%,100%,100%,100%,100%,100%,64%,91%,96.9%,
5,Stamet Timika ( TMPI),Stageof Angkasa,-4.5299,136.8900,2013,100%,100%,100%,100%,100%,100%,100%,57%,100%,100%,58%,95%,100%,100%,58%,61%,100%,100%,100%,100%,100%,100%,100%,100%,100%,100%,100%,100%,100%,100%,100%,94.5%,
6,Stamet Manokwari( MAPI),Stageof Sorong,-0.8903,134.0512,2013,100%,99%,99%,100%,100%,97%,99%,0%,0%,88%,62%,88%,61%,99%,99%,99%,99%,99%,99%,61%,86%,99%,99%,99%,36%,49%,86%,99%,99%,99%,99%,83.8%,
7,Stamet Enarotali (ERPN),Stageof Nabire,-3.9269,136.3809,2017,100%,99%,99%,100%,99%,97%,99%,0%,0%,100%,100%,100%,100%,100%,98%,99%,99%,100%,100%,100%,100%,100%,100%,100%,100%,96%,100%,100%,100%,100%,100%,93.1%,
TOTAL PERSENTASE BULANAN,,,,,,,,,,,,,,,,,,,,,,,,,,,,,,,,,,,,,85.9%,
,,,,,,,,,,,,,,,,,,,,,,,,,,,,,,,,,,,,,,
,,,,,,,,,,,,,,,,,,,,,,,,,,,,,,,,,,,,,,
SERVICE LEVEL AGREEMENT ( SLA ) MONITORING DATA Accelerograph,,,,,,,,,,,,,,,,,,,,,,,,,,,,,,,,,,,,,,
BULAN FEBRUARI 2026,,,,,,,,,,,,,,,,,,,,,,,,,,,,,,,,,,,,,,
,,,,,,,,,,,,,,,,,,,,,,,,,,,,,,,,,,,,,,
No,Lokasi ,Stasiun / PIC,Koordinat,,Tahun Pengadaan,Status,,,,,,,,,,,,,,,,,,,,,,,,,,,,,,,Persentase Aktif (%),KETERANGAN / PERMASALAHAN / MITIGASI
,,,Latitude,Longitude,,1,2,3,4,5,6,7,8,9,10,11,12,13,14,15,16,17,18,19,20,21,22,23,24,25,26,27,28,-,-,-,,
1,Balai Besar MKG Wilayah V (JBPI),Stageof Angkasa,-2.5700,140.6800,2012,OFF,OFF,OFF,OFF,OFF,OFF,ON,ON,OFF,OFF,OFF,OFF,OFF,OFF,OFF,OFF,ON,ON,OFF,OFF,OFF,OFF,OFF,OFF,OFF,OFF,ON,ON,,,,21.4%,Reset konfigurasi modem Robustel
2,Stageof Angkasa (JGPI),Stageof Angkasa,-2.5145,140.7038,2012,ON,ON,ON,ON,ON,ON,ON,ON,ON,ON,ON,ON,ON,ON,ON,ON,ON,ON,ON,ON,ON,ON,ON,ON,ON,ON,ON,ON,,,,100.0%,
3,Stamet Sentani ( JMPI),Stageof Angkasa,-2.5757,140.5185,2012,ON,ON,ON,ON,ON,ON,ON,ON,ON,ON,ON,ON,ON,ON,ON,ON,ON,ON,ON,ON,ON,ON,ON,ON,ON,ON,ON,ON,,,,100.0%,
4,Stamet Biak ( BMPI),Stageof Angkasa,-1.1907,136.1038,2013,ON,ON,ON,ON,ON,ON,ON,ON,ON,ON,ON,ON,ON,ON,ON,ON,ON,ON,ON,ON,ON,ON,ON,ON,ON,ON,ON,ON,,,,100.0%,
5,Stamet Timika ( TMPI),Stageof Angkasa,-4.5299,136.8900,2013,ON,ON,OFF,OFF,ON,ON,ON,ON,ON,ON,ON,ON,ON,ON,ON,ON,ON,ON,ON,ON,ON,ON,ON,ON,ON,ON,ON,ON,,,,92.9%,
6,Stamet Manokwari( MAPI),Stageof Sorong,-0.8903,134.0512,2013,ON,ON,ON,ON,ON,ON,ON,ON,ON,ON,ON,ON,ON,ON,ON,ON,ON,ON,ON,ON,ON,ON,ON,ON,ON,ON,ON,ON,,,,100.0%,
7,Stamet Enarotali (ERPN),Stageof Nabire,-3.9269,136.3809,2017,ON,ON,ON,ON,ON,ON,ON,ON,ON,ON,ON,ON,ON,ON,ON,ON,ON,ON,ON,ON,ON,ON,ON,ON,ON,ON,ON,ON,,,,100.0%,
TOTAL PERSENTASE BULANAN,,,,,,,,,,,,,,,,,,,,,,,,,,,,,,,,,,,,,87.8%,
,,,,,,,,,,,,,,,,,,,,,,,,,,,,,,,,,,,,,,
OPERATIONAL LEVEL AGREEMENT ( OLA ) MONITORING DATA Accelerograph,,,,,,,,,,,,,,,,,,,,,,,,,,,,,,,,,,,,,,
BULAN FEBRUARI 2026,,,,,,,,,,,,,,,,,,,,,,,,,,,,,,,,,,,,,,
,,,,,,,,,,,,,,,,,,,,,,,,,,,,,,,,,,,,,,
No,Lokasi ,Stasiun / PIC,Koordinat,,Tahun Pengadaan ,Status,,,,,,,,,,,,,,,,,,,,,,,,,,,,,,,Persentase Aktif (%),KETERANGAN / PERMASALAHAN / MITIGASI
,,,Latitude,Longitude,,1,2,3,4,5,6,7,8,9,10,11,12,13,14,15,16,17,18,19,20,21,22,23,24,25,26,27,28,,,,,
1,Balai Besar MKG Wilayah V (JBPI),Stageof Angkasa,-2.5700,140.6800,2012,0%,0%,0%,0%,0%,0%,0%,0%,0%,0%,0%,0%,0%,0%,0%,0%,0%,0%,0%,0%,51%,100%,100%,100%,100%,100%,100%,100%,,,,26.8%,
2,Stageof Angkasa (JGPI),Stageof Angkasa,-2.5145,140.7038,2012,87%,100%,100%,100%,100%,100%,100%,68%,81%,100%,100%,100%,100%,100%,94%,86%,100%,100%,100%,20%,85%,95%,80%,100%,45%,75%,80%,71%,,,,88.1%,
3,Stamet Sentani ( JMPI),Stageof Angkasa,-2.5757,140.5185,2012,100%,100%,100%,100%,100%,100%,100%,100%,100%,100%,100%,100%,100%,100%,100%,100%,100%,100%,100%,100%,100%,100%,100%,100%,100%,100%,100%,100%,,,,100.0%,
4,Stamet Biak ( BMPI),Stageof Angkasa,-1.1907,136.1038,2013,100%,100%,100%,100%,100%,100%,100%,100%,100%,100%,100%,100%,100%,100%,100%,100%,100%,100%,100%,57%,100%,100%,100%,100%,100%,100%,100%,100%,,,,98.5%,
5,Stamet Timika ( TMPI),Stageof Angkasa,-4.5299,136.8900,2013,100%,100%,9%,0%,91%,100%,100%,100%,100%,100%,100%,100%,100%,100%,100%,100%,100%,100%,60%,100%,100%,100%,60%,90%,100%,100%,100%,100%,,,,89.6%,
6,Stamet Manokwari( MAPI),Stageof Sorong,-0.8903,134.0512,2013,100%,100%,100%,100%,99%,92%,99%,99%,99%,99%,99%,99%,98%,99%,99%,99%,99%,99%,99%,99%,99%,99%,99%,99%,99%,99%,99%,99%,,,,98.9%,
7,Stamet Enarotali (ERPN),Stageof Nabire,-3.9269,136.3809,2017,91%,99%,100%,100%,100%,100%,100%,100%,100%,100%,100%,100%,98%,100%,100%,100%,100%,100%,100%,100%,100%,100%,100%,100%,100%,100%,100%,100%,,,,99.6%,
TOTAL PERSENTASE BULANAN,,,,,,,,,,,,,,,,,,,,,,,,,,,,,,,,,,,,,85.9%,
,,,,,,,,,,,,,,,,,,,,,,,,,,,,,,,,,,,,,,
,,,,,,,,,,,,,,,,,,,,,,,,,,,,,,,,,,,,,,
SERVICE LEVEL AGREEMENT ( SLA ) MONITORING DATA Accelerograph,,,,,,,,,,,,,,,,,,,,,,,,,,,,,,,,,,,,,,
BULAN MARET 2026,,,,,,,,,,,,,,,,,,,,,,,,,,,,,,,,,,,,,,
,,,,,,,,,,,,,,,,,,,,,,,,,,,,,,,,,,,,,,
No,Lokasi ,Stasiun / PIC,Koordinat,,Tahun Pengadaan,Status,,,,,,,,,,,,,,,,,,,,,,,,,,,,,,,Persentase Aktif (%),KETERANGAN / PERMASALAHAN / MITIGASI
,,,Latitude,Longitude,,1,2,3,4,5,6,7,8,9,10,11,12,13,14,15,16,17,18,19,20,21,22,23,24,25,26,27,28,29,30,31,,
1,Balai Besar MKG Wilayah V (JBPI),Stageof Angkasa,-2.5700,140.6800,2012,OFF,OFF,OFF,ON,ON,ON,ON,ON,ON,ON,ON,ON,ON,ON,ON,ON,ON,ON,ON,ON,ON,ON,ON,ON,ON,ON,ON,ON,ON,ON,ON,90.3%,
2,Stageof Angkasa (JGPI),Stageof Angkasa,-2.5145,140.7038,2012,ON,ON,ON,ON,ON,ON,ON,ON,ON,ON,ON,ON,ON,ON,ON,ON,ON,ON,ON,ON,ON,ON,ON,ON,ON,ON,ON,ON,ON,ON,ON,100.0%,
3,Stamet Sentani ( JMPI),Stageof Angkasa,-2.5757,140.5185,2012,ON,ON,ON,ON,ON,ON,ON,ON,ON,ON,ON,ON,ON,ON,ON,ON,ON,ON,ON,ON,ON,ON,ON,ON,ON,ON,ON,ON,ON,ON,ON,100.0%,
4,Stamet Biak ( BMPI),Stageof Angkasa,-1.1907,136.1038,2013,ON,ON,ON,ON,ON,ON,ON,ON,ON,ON,ON,ON,ON,ON,ON,ON,ON,ON,ON,ON,ON,ON,ON,ON,ON,ON,ON,ON,ON,ON,ON,100.0%,
5,Stamet Timika ( TMPI),Stageof Angkasa,-4.5299,136.8900,2013,ON,ON,ON,ON,ON,ON,ON,ON,ON,ON,ON,ON,ON,ON,ON,ON,ON,ON,ON,ON,ON,ON,ON,ON,ON,ON,ON,ON,ON,ON,ON,100.0%,
6,Stamet Manokwari( MAPI),Stageof Sorong,-0.8903,134.0512,2013,ON,ON,ON,ON,ON,ON,ON,ON,ON,ON,ON,ON,ON,ON,ON,ON,ON,ON,ON,ON,ON,ON,ON,ON,ON,ON,ON,ON,ON,ON,ON,100.0%,
7,Stamet Enarotali (ERPN),Stageof Nabire,-3.9269,136.3809,2017,ON,ON,ON,ON,ON,ON,ON,ON,ON,ON,ON,ON,ON,ON,ON,ON,ON,ON,ON,ON,ON,ON,ON,ON,ON,ON,ON,ON,ON,ON,ON,100.0%,
TOTAL PERSENTASE BULANAN,,,,,,,,,,,,,,,,,,,,,,,,,,,,,,,,,,,,,98.6%,
,,,,,,,,,,,,,,,,,,,,,,,,,,,,,,,,,,,,,,
OPERATIONAL LEVEL AGREEMENT ( OLA ) MONITORING DATA Accelerograph,,,,,,,,,,,,,,,,,,,,,,,,,,,,,,,,,,,,,,
BULAN MARET 2026,,,,,,,,,,,,,,,,,,,,,,,,,,,,,,,,,,,,,,
,,,,,,,,,,,,,,,,,,,,,,,,,,,,,,,,,,,,,,
No,Lokasi ,Stasiun / PIC,Koordinat,,Tahun Pengadaan ,Status,,,,,,,,,,,,,,,,,,,,,,,,,,,,,,,Persentase Aktif (%),KETERANGAN / PERMASALAHAN / MITIGASI
,,,Latitude,Longitude,,1,2,3,4,5,6,7,8,9,10,11,12,13,14,15,16,17,18,19,20,21,22,23,24,25,26,27,28,29,30,31,,
1,Balai Besar MKG Wilayah V (JBPI),Stageof Angkasa,-2.5700,140.6800,2012,0%,0%,100%,100%,100%,100%,100%,100%,100%,100%,100%,100%,100%,100%,100%,100%,100%,100%,17%,17%,100%,100%,100%,100%,100%,100%,100%,100%,100%,100%,100%,88.2%,
2,Stageof Angkasa (JGPI),Stageof Angkasa,-2.5145,140.7038,2012,85%,73%,100%,20%,65%,95%,80%,80%,67%,45%,72%,53%,80%,50%,60%,100%,100%,76%,55%,55%,80%,100%,100%,54%,80%,62%,100%,80%,100%,100%,100%,76.4%,
3,Stamet Sentani ( JMPI),Stageof Angkasa,-2.5757,140.5185,2012,100%,100%,100%,100%,100%,100%,100%,100%,91%,80%,89%,100%,80%,80%,80%,100%,100%,100%,100%,100%,100%,100%,100%,100%,100%,100%,100%,100%,100%,100%,100%,96.8%,
4,Stamet Biak ( BMPI),Stageof Angkasa,-1.1907,136.1038,2013,100%,100%,100%,100%,100%,100%,100%,100%,100%,100%,100%,100%,100%,100%,100%,100%,100%,100%,100%,100%,100%,100%,100%,100%,100%,100%,100%,100%,100%,100%,55%,98.5%,
5,Stamet Timika ( TMPI),Stageof Angkasa,-4.5299,136.8900,2013,100%,100%,100%,100%,100%,100%,60%,90%,96%,97%,98%,94%,100%,100%,100%,100%,100%,96%,100%,100%,100%,100%,100%,100%,100%,100%,100%,100%,100%,100%,100%,97.8%,
6,Stamet Manokwari( MAPI),Stageof Sorong,-0.8903,134.0512,2013,67%,80%,99%,99%,99%,99%,49%,99%,96%,96%,97%,67%,99%,99%,99%,99%,93%,97%,98%,98%,99%,99%,99%,99%,93%,99%,99%,97%,92%,99%,99%,93.6%,
7,Stamet Enarotali (ERPN),Stageof Nabire,-3.9269,136.3809,2017,100%,100%,100%,97%,100%,100%,100%,100%,97%,100%,100%,90%,100%,95%,96%,97%,98%,100%,100%,99%,100%,100%,100%,100%,100%,100%,100%,100%,100%,100%,100%,99.0%,
TOTAL PERSENTASE BULANAN,,,,,,,,,,,,,,,,,,,,,,,,,,,,,,,,,,,,,92.9%,
,,,,,,,,,,,,,,,,,,,,,,,,,,,,,,,,,,,,,,
,,,,,,,,,,,,,,,,,,,,,,,,,,,,,,,,,,,,,,
SERVICE LEVEL AGREEMENT ( SLA ) MONITORING DATA Accelerograph,,,,,,,,,,,,,,,,,,,,,,,,,,,,,,,,,,,,,,
BULAN APRIL 2026,,,,,,,,,,,,,,,,,,,,,,,,,,,,,,,,,,,,,,
,,,,,,,,,,,,,,,,,,,,,,,,,,,,,,,,,,,,,,
No,Lokasi ,Stasiun / PIC,Koordinat,,Tahun Pengadaan,Status,,,,,,,,,,,,,,,,,,,,,,,,,,,,,,,Persentase Aktif (%),KETERANGAN / PERMASALAHAN / MITIGASI
,,,Latitude,Longitude,,1,2,3,4,5,6,7,8,9,10,11,12,13,14,15,16,17,18,19,20,21,22,23,24,25,26,27,28,29,30,-,,
1,Balai Besar MKG Wilayah V (JBPI),Stageof Angkasa,-2.5700,140.6800,2012,ON,ON,ON,ON,ON,ON,ON,ON,ON,ON,ON,ON,ON,ON,ON,ON,ON,ON,ON,ON,ON,ON,ON,ON,ON,ON,ON,ON,ON,ON,,100.0%,
2,Stageof Angkasa (JGPI),Stageof Angkasa,-2.5145,140.7038,2012,ON,ON,ON,ON,ON,ON,ON,ON,ON,ON,ON,ON,ON,ON,ON,ON,ON,ON,ON,ON,ON,ON,ON,ON,ON,ON,ON,ON,ON,ON,,100.0%,
3,Stamet Sentani ( JMPI),Stageof Angkasa,-2.5757,140.5185,2012,ON,ON,ON,ON,ON,ON,ON,ON,ON,ON,ON,ON,ON,ON,ON,ON,ON,ON,ON,ON,ON,ON,ON,ON,ON,ON,ON,ON,ON,ON,,100.0%,
4,Stamet Biak ( BMPI),Stageof Angkasa,-1.1907,136.1038,2013,ON,ON,ON,ON,ON,ON,ON,ON,ON,ON,ON,ON,ON,ON,ON,ON,ON,ON,ON,ON,ON,ON,ON,ON,ON,ON,ON,ON,ON,ON,,100.0%,
5,Stamet Timika ( TMPI),Stageof Angkasa,-4.5299,136.8900,2013,ON,ON,ON,ON,ON,ON,ON,ON,ON,ON,ON,ON,ON,ON,ON,ON,ON,ON,ON,ON,ON,ON,ON,ON,ON,ON,ON,ON,ON,ON,,100.0%,
6,Stamet Manokwari( MAPI),Stageof Sorong,-0.8903,134.0512,2013,ON,ON,ON,ON,ON,ON,ON,ON,ON,ON,ON,ON,ON,ON,ON,ON,ON,ON,ON,ON,ON,ON,ON,OFF,OFF,OFF,OFF,ON,ON,ON,,86.7%,
7,Stamet Enarotali (ERPN),Stageof Nabire,-3.9269,136.3809,2017,ON,ON,ON,ON,ON,ON,ON,ON,ON,ON,ON,ON,ON,ON,ON,ON,ON,ON,ON,ON,ON,ON,ON,ON,ON,ON,ON,ON,ON,ON,,100.0%,
TOTAL PERSENTASE BULANAN,,,,,,,,,,,,,,,,,,,,,,,,,,,,,,,,,,,,,98.1%,
,,,,,,,,,,,,,,,,,,,,,,,,,,,,,,,,,,,,,,
OPERATIONAL LEVEL AGREEMENT ( OLA ) MONITORING DATA Accelerograph,,,,,,,,,,,,,,,,,,,,,,,,,,,,,,,,,,,,,,
BULAN APRIL 2026,,,,,,,,,,,,,,,,,,,,,,,,,,,,,,,,,,,,,,
,,,,,,,,,,,,,,,,,,,,,,,,,,,,,,,,,,,,,,
No,Lokasi ,Stasiun / PIC,Koordinat,,Tahun Pengadaan ,Status,,,,,,,,,,,,,,,,,,,,,,,,,,,,,,,Persentase Aktif (%),KETERANGAN / PERMASALAHAN / MITIGASI
,,,Latitude,Longitude,,1,2,3,4,5,6,7,8,9,10,11,12,13,14,15,16,17,18,19,20,21,22,23,24,25,26,27,28,29,30,,,
1,Balai Besar MKG Wilayah V (JBPI),Stageof Angkasa,-2.5700,140.6800,2012,100%,100%,100%,100%,100%,100%,100%,100%,73%,100%,100%,100%,100%,100%,100%,100%,100%,98%,100%,100%,100%,100%,99%,100%,99%,99%,99%,99%,98%,100%,,98.8%,
2,Stageof Angkasa (JGPI),Stageof Angkasa,-2.5145,140.7038,2012,100%,100%,100%,62%,55%,60%,30%,100%,74%,54%,79%,81%,100%,56%,81%,80%,100%,78%,60%,80%,60%,51%,24%,59%,80%,100%,75%,100%,75%,80%,,74.5%,
3,Stamet Sentani ( JMPI),Stageof Angkasa,-2.5757,140.5185,2012,100%,80%,60%,100%,100%,95%,100%,98%,100%,100%,100%,81%,95%,93%,98%,92%,100%,75%,100%,100%,100%,100%,82%,97%,98%,96%,92%,99%,98%,80%,,93.6%,
4,Stamet Biak ( BMPI),Stageof Angkasa,-1.1907,136.1038,2013,100%,100%,100%,100%,100%,100%,100%,100%,100%,100%,100%,100%,100%,100%,100%,80%,100%,53%,100%,100%,100%,100%,75%,79%,100%,100%,100%,99%,98%,100%,,96.1%,
5,Stamet Timika ( TMPI),Stageof Angkasa,-4.5299,136.8900,2013,100%,100%,100%,62%,96%,99%,88%,100%,100%,100%,100%,100%,100%,100%,100%,100%,100%,91%,94%,100%,100%,96%,99%,100%,100%,100%,100%,99%,98%,100%,,97.4%,
6,Stamet Manokwari( MAPI),Stageof Sorong,-0.8903,134.0512,2013,54%,93%,99%,97%,87%,99%,84%,99%,55%,49%,57%,98%,89%,99%,99%,99%,96%,44%,99%,97%,97%,96%,98%,24%,0%,0%,10%,99%,97%,99%,,77.1%,
7,Stamet Enarotali (ERPN),Stageof Nabire,-3.9269,136.3809,2017,100%,100%,100%,100%,100%,100%,100%,100%,100%,100%,100%,100%,100%,100%,100%,100%,100%,98%,100%,100%,100%,100%,100%,100%,100%,100%,100%,100%,100%,100%,,99.9%,
TOTAL PERSENTASE BULANAN,,,,,,,,,,,,,,,,,,,,,,,,,,,,,,,,,,,,,91.1%,
,,,,,,,,,,,,,,,,,,,,,,,,,,,,,,,,,,,,,,
,,,,,,,,,,,,,,,,,,,,,,,,,,,,,,,,,,,,,,
SERVICE LEVEL AGREEMENT ( SLA ) MONITORING DATA Accelerograph,,,,,,,,,,,,,,,,,,,,,,,,,,,,,,,,,,,,,,
BULAN MEI 2026,,,,,,,,,,,,,,,,,,,,,,,,,,,,,,,,,,,,,,
,,,,,,,,,,,,,,,,,,,,,,,,,,,,,,,,,,,,,,
No,Lokasi ,Stasiun / PIC,Koordinat,,Tahun Pengadaan,Status,,,,,,,,,,,,,,,,,,,,,,,,,,,,,,,Persentase Aktif (%),KETERANGAN / PERMASALAHAN / MITIGASI
,,,Latitude,Longitude,,1,2,3,4,5,6,7,8,9,10,11,12,13,14,15,16,17,18,19,20,21,22,23,24,25,26,27,28,29,30,31,,
1,Balai Besar MKG Wilayah V (JBPI),Stageof Angkasa,-2.5700,140.6800,2012,ON,ON,ON,ON,ON,ON,ON,ON,ON,ON,ON,ON,ON,ON,OFF,ON,ON,ON,ON,ON,ON,ON,ON,ON,ON,ON,ON,ON,ON,ON,ON,96.8%,
2,Stageof Angkasa (JGPI),Stageof Angkasa,-2.5145,140.7038,2012,ON,ON,ON,ON,ON,ON,ON,ON,ON,ON,ON,ON,ON,ON,OFF,ON,ON,ON,ON,ON,ON,ON,ON,ON,ON,ON,ON,ON,ON,ON,ON,96.8%,
3,Stamet Sentani ( JMPI),Stageof Angkasa,-2.5757,140.5185,2012,ON,ON,ON,ON,ON,ON,ON,ON,ON,ON,ON,ON,ON,ON,OFF,ON,ON,ON,ON,ON,ON,ON,ON,ON,ON,ON,ON,ON,ON,ON,ON,96.8%,
4,Stamet Biak ( BMPI),Stageof Angkasa,-1.1907,136.1038,2013,ON,ON,ON,ON,ON,ON,ON,ON,ON,ON,ON,ON,ON,ON,OFF,ON,ON,ON,ON,ON,ON,ON,ON,ON,ON,ON,ON,ON,ON,ON,ON,96.8%,
5,Stamet Timika ( TMPI),Stageof Angkasa,-4.5299,136.8900,2013,ON,ON,ON,ON,ON,ON,ON,ON,ON,ON,ON,ON,ON,ON,OFF,ON,ON,ON,ON,ON,ON,ON,ON,ON,ON,ON,ON,ON,ON,ON,ON,96.8%,
6,Stamet Manokwari( MAPI),Stageof Sorong,-0.8903,134.0512,2013,ON,ON,ON,ON,ON,ON,ON,ON,ON,ON,ON,ON,ON,ON,OFF,ON,ON,ON,ON,ON,ON,ON,ON,ON,ON,ON,ON,ON,ON,ON,ON,96.8%,
7,Stamet Enarotali (ERPN),Stageof Nabire,-3.9269,136.3809,2017,ON,ON,ON,ON,ON,ON,ON,ON,ON,ON,ON,ON,ON,ON,OFF,ON,ON,ON,ON,ON,ON,ON,ON,ON,ON,ON,ON,ON,ON,ON,ON,96.8%,
TOTAL PERSENTASE BULANAN,,,,,,,,,,,,,,,,,,,,,,,,,,,,,,,,,,,,,96.8%,
,,,,,,,,,,,,,,,,,,,,,,,,,,,,,,,,,,,,,,
OPERATIONAL LEVEL AGREEMENT ( OLA ) MONITORING DATA Accelerograph,,,,,,,,,,,,,,,,,,,,,,,,,,,,,,,,,,,,,,
BULAN MEI 2026,,,,,,,,,,,,,,,,,,,,,,,,,,,,,,,,,,,,,,
,,,,,,,,,,,,,,,,,,,,,,,,,,,,,,,,,,,,,,
No,Lokasi ,Stasiun / PIC,Koordinat,,Tahun Pengadaan ,Status,,,,,,,,,,,,,,,,,,,,,,,,,,,,,,,Persentase Aktif (%),KETERANGAN / PERMASALAHAN / MITIGASI
,,,Latitude,Longitude,,1,2,3,4,5,6,7,8,9,10,11,12,13,14,15,16,17,18,19,20,21,22,23,24,25,26,27,28,29,30,31,,
1,Balai Besar MKG Wilayah V (JBPI),Stageof Angkasa,-2.5700,140.6800,2012,100%,97%,100%,79%,100%,100%,100%,100%,100%,100%,78%,100%,100%,100%,0%,88%,86%,94%,99%,100%,100%,100%,100%,100%,100%,100%,100%,100%,100%,100%,100%,94.2%,
2,Stageof Angkasa (JGPI),Stageof Angkasa,-2.5145,140.7038,2012,100%,77%,73%,49%,56%,78%,27%,100%,77%,100%,52%,53%,76%,100%,0%,68%,69%,45%,98%,100%,80%,100%,60%,55%,76%,99%,60%,60%,80%,84%,50%,71.0%,
3,Stamet Sentani ( JMPI),Stageof Angkasa,-2.5757,140.5185,2012,97%,99%,98%,98%,100%,100%,100%,100%,100%,100%,77%,94%,100%,100%,0%,88%,97%,98%,99%,99%,99%,99%,79%,99%,99%,60%,99%,99%,100%,100%,100%,92.8%,
4,Stamet Biak ( BMPI),Stageof Angkasa,-1.1907,136.1038,2013,100%,99%,50%,99%,100%,98%,100%,100%,100%,100%,26%,73%,100%,99%,0%,71%,84%,98%,98%,100%,100%,100%,100%,100%,100%,100%,100%,100%,100%,100%,100%,90.2%,
5,Stamet Timika ( TMPI),Stageof Angkasa,-4.5299,136.8900,2013,100%,99%,100%,98%,99%,99%,100%,100%,100%,96%,77%,99%,100%,100%,0%,89%,97%,97%,97%,99%,99%,100%,99%,97%,99%,99%,96%,65%,100%,100%,100%,93.5%,
6,Stamet Manokwari( MAPI),Stageof Sorong,-0.8903,134.0512,2013,99%,98%,45%,97%,98%,97%,98%,97%,72%,99%,65%,73%,98%,99%,0%,65%,72%,99%,98%,98%,98%,99%,99%,99%,99%,49%,99%,97%,98%,99%,99%,87.2%,
7,Stamet Enarotali (ERPN),Stageof Nabire,-3.9269,136.3809,2017,100%,100%,100%,100%,100%,100%,100%,100%,98%,100%,76%,100%,100%,100%,0%,89%,75%,84%,98%,100%,100%,100%,99%,100%,100%,100%,100%,100%,100%,100%,100%,94.2%,
TOTAL PERSENTASE BULANAN,,,,,,,,,,,,,,,,,,,,,,,,,,,,,,,,,,,,,89.0%,
,,,,,,,,,,,,,,,,,,,,,,,,,,,,,,,,,,,,,,
,,,,,,,,,,,,,,,,,,,,,,,,,,,,,,,,,,,,,,
SERVICE LEVEL AGREEMENT ( SLA ) MONITORING DATA Accelerograph,,,,,,,,,,,,,,,,,,,,,,,,,,,,,,,,,,,,,,
BULAN JUNI 2026,,,,,,,,,,,,,,,,,,,,,,,,,,,,,,,,,,,,,,
,,,,,,,,,,,,,,,,,,,,,,,,,,,,,,,,,,,,,,
No,Lokasi ,Stasiun / PIC,Koordinat,,Tahun Pengadaan,Status,,,,,,,,,,,,,,,,,,,,,,,,,,,,,,,Persentase Aktif (%),KETERANGAN / PERMASALAHAN / MITIGASI
,,,Latitude,Longitude,,1,2,3,4,5,6,7,8,9,10,11,12,13,14,15,16,17,18,19,20,21,22,23,24,25,26,27,28,29,30,-,,
1,Balai Besar MKG Wilayah V (JBPI),Stageof Angkasa,-2.5700,140.6800,2012,ON,ON,ON,ON,ON,ON,ON,ON,ON,ON,ON,ON,ON,ON,ON,ON,ON,ON,ON,ON,ON,ON,ON,ON,ON,ON,ON,ON,ON,ON,,100.0%,
2,Stageof Angkasa (JGPI),Stageof Angkasa,-2.5145,140.7038,2012,ON,ON,ON,ON,ON,ON,ON,ON,ON,ON,ON,ON,ON,ON,ON,ON,ON,ON,ON,ON,ON,ON,ON,ON,ON,ON,ON,ON,ON,ON,,100.0%,
3,Stamet Sentani ( JMPI),Stageof Angkasa,-2.5757,140.5185,2012,ON,ON,ON,ON,ON,ON,ON,ON,ON,ON,ON,ON,ON,ON,ON,ON,ON,ON,ON,ON,ON,ON,ON,ON,ON,ON,ON,ON,ON,ON,,100.0%,
4,Stamet Biak ( BMPI),Stageof Angkasa,-1.1907,136.1038,2013,ON,ON,ON,ON,ON,ON,ON,ON,ON,ON,ON,ON,ON,ON,ON,ON,ON,ON,ON,ON,ON,ON,ON,ON,ON,ON,ON,ON,ON,ON,,100.0%,
5,Stamet Timika ( TMPI),Stageof Angkasa,-4.5299,136.8900,2013,ON,ON,ON,ON,ON,ON,ON,ON,ON,ON,ON,ON,ON,ON,ON,ON,ON,ON,ON,ON,ON,ON,ON,ON,ON,ON,ON,ON,ON,ON,,100.0%,
6,Stamet Manokwari( MAPI),Stageof Sorong,-0.8903,134.0512,2013,ON,ON,ON,ON,ON,ON,ON,ON,ON,ON,ON,ON,ON,ON,ON,ON,ON,ON,ON,ON,ON,ON,ON,ON,ON,ON,ON,ON,ON,ON,,100.0%,
7,Stamet Enarotali (ERPN),Stageof Nabire,-3.9269,136.3809,2017,ON,ON,ON,ON,ON,ON,ON,ON,ON,ON,ON,ON,ON,ON,ON,ON,ON,ON,ON,ON,ON,ON,ON,ON,ON,ON,ON,ON,ON,ON,,100.0%,
TOTAL PERSENTASE BULANAN,,,,,,,,,,,,,,,,,,,,,,,,,,,,,,,,,,,,,100.0%,
,,,,,,,,,,,,,,,,,,,,,,,,,,,,,,,,,,,,,,
OPERATIONAL LEVEL AGREEMENT ( OLA ) MONITORING DATA Accelerograph,,,,,,,,,,,,,,,,,,,,,,,,,,,,,,,,,,,,,,
BULAN JUNI 2026,,,,,,,,,,,,,,,,,,,,,,,,,,,,,,,,,,,,,,
,,,,,,,,,,,,,,,,,,,,,,,,,,,,,,,,,,,,,,
No,Lokasi ,Stasiun / PIC,Koordinat,,Tahun Pengadaan ,Status,,,,,,,,,,,,,,,,,,,,,,,,,,,,,,,Persentase Aktif (%),KETERANGAN / PERMASALAHAN / MITIGASI
,,,Latitude,Longitude,,1,2,3,4,5,6,7,8,9,10,11,12,13,14,15,16,17,18,19,20,21,22,23,24,25,26,27,28,29,30,,,
1,Balai Besar MKG Wilayah V (JBPI),Stageof Angkasa,-2.5700,140.6800,2012,100%,100%,100%,99%,100%,100%,100%,100%,100%,100%,100%,100%,100%,100%,100%,100%,100%,100%,100%,100%,100%,100%,100%,100%,100%,100%,100%,100%,100%,100%,,100.0%,
2,Stageof Angkasa (JGPI),Stageof Angkasa,-2.5145,140.7038,2012,80%,96%,100%,100%,100%,80%,100%,100%,100%,100%,100%,100%,100%,100%,100%,57%,68%,82%,98%,100%,100%,100%,100%,100%,83%,97%,58%,47%,100%,80%,,90.9%,
3,Stamet Sentani ( JMPI),Stageof Angkasa,-2.5757,140.5185,2012,100%,100%,100%,99%,100%,100%,100%,100%,100%,100%,100%,100%,100%,100%,75%,100%,100%,100%,100%,100%,100%,100%,100%,100%,100%,100%,100%,100%,100%,100%,,99.1%,
4,Stamet Biak ( BMPI),Stageof Angkasa,-1.1907,136.1038,2013,100%,100%,100%,99%,100%,100%,100%,100%,100%,100%,100%,100%,100%,100%,100%,100%,100%,86%,68%,100%,100%,100%,100%,100%,100%,100%,100%,100%,100%,100%,,98.4%,
5,Stamet Timika ( TMPI),Stageof Angkasa,-4.5299,136.8900,2013,100%,100%,100%,99%,100%,100%,100%,100%,100%,100%,100%,100%,100%,100%,100%,100%,100%,100%,100%,100%,16%,89%,100%,100%,100%,66%,100%,100%,100%,96%,,95.5%,
6,Stamet Manokwari( MAPI),Stageof Sorong,-0.8903,134.0512,2013,100%,100%,94%,69%,99%,49%,99%,98%,99%,97%,99%,100%,84%,46%,99%,98%,99%,93%,99%,100%,99%,94%,95%,98%,98%,98%,99%,49%,98%,99%,,91.6%,
7,Stamet Enarotali (ERPN),Stageof Nabire,-3.9269,136.3809,2017,100%,100%,100%,99%,100%,100%,100%,98%,100%,100%,100%,100%,100%,100%,100%,98%,100%,100%,94%,100%,100%,95%,96%,99%,99%,99%,100%,100%,100%,100%,,99.2%,
TOTAL PERSENTASE BULANAN,,,,,,,,,,,,,,,,,,,,,,,,,,,,,,,,,,,,,96.4%,
,,,,,,,,,,,,,,,,,,,,,,,,,,,,,,,,,,,,,,
,,,,,,,,,,,,,,,,,,,,,,,,,,,,,,,,,,,,,,
SERVICE LEVEL AGREEMENT ( SLA ) MONITORING DATA Accelerograph,,,,,,,,,,,,,,,,,,,,,,,,,,,,,,,,,,,,,,
BULAN JULI 2026,,,,,,,,,,,,,,,,,,,,,,,,,,,,,,,,,,,,,,
,,,,,,,,,,,,,,,,,,,,,,,,,,,,,,,,,,,,,,
No,Lokasi ,Stasiun / PIC,Koordinat,,Tahun Pengadaan,Status,,,,,,,,,,,,,,,,,,,,,,,,,,,,,,,Persentase Aktif (%),KETERANGAN / PERMASALAHAN / MITIGASI
,,,Latitude,Longitude,,1,2,3,4,5,6,7,8,9,10,11,12,13,14,15,16,17,18,19,20,21,22,23,24,25,26,27,28,29,30,31,,
1,Balai Besar MKG Wilayah V (JBPI),Stageof Angkasa,-2.5700,140.6800,2012,ON,ON,ON,ON,ON,ON,ON,ON,ON,ON,ON,ON,ON,ON,ON,ON,ON,ON,ON,ON,ON,ON,ON,ON,ON,ON,ON,ON,ON,ON,ON,100.0%,
2,Stageof Angkasa (JGPI),Stageof Angkasa,-2.5145,140.7038,2012,ON,ON,ON,ON,ON,ON,ON,ON,ON,ON,ON,ON,ON,ON,ON,ON,ON,ON,ON,ON,ON,ON,ON,ON,ON,ON,ON,ON,ON,ON,ON,100.0%,
3,Stamet Sentani ( JMPI),Stageof Angkasa,-2.5757,140.5185,2012,ON,ON,ON,ON,ON,ON,ON,ON,ON,ON,ON,ON,ON,ON,ON,ON,ON,ON,ON,ON,ON,ON,ON,ON,ON,ON,ON,ON,ON,ON,ON,100.0%,
4,Stamet Biak ( BMPI),Stageof Angkasa,-1.1907,136.1038,2013,ON,ON,ON,ON,ON,ON,ON,ON,ON,ON,ON,ON,ON,ON,ON,ON,ON,ON,ON,ON,ON,ON,ON,ON,ON,ON,ON,ON,ON,ON,ON,100.0%,
5,Stamet Timika ( TMPI),Stageof Angkasa,-4.5299,136.8900,2013,ON,ON,ON,ON,ON,ON,ON,ON,ON,ON,ON,ON,ON,ON,ON,ON,ON,ON,ON,ON,ON,ON,ON,ON,ON,ON,ON,ON,ON,ON,ON,100.0%,
6,Stamet Manokwari( MAPI),Stageof Sorong,-0.8903,134.0512,2013,ON,ON,ON,ON,ON,OFF,OFF,OFF,OFF,OFF,OFF,OFF,ON,ON,ON,ON,ON,ON,ON,ON,ON,ON,ON,ON,ON,ON,ON,ON,ON,ON,ON,77.4%,
7,Stamet Enarotali (ERPN),Stageof Nabire,-3.9269,136.3809,2017,ON,ON,ON,ON,ON,ON,ON,ON,ON,ON,ON,ON,ON,ON,ON,ON,ON,ON,ON,ON,ON,ON,ON,ON,ON,ON,ON,ON,ON,ON,ON,100.0%,
TOTAL PERSENTASE BULANAN,,,,,,,,,,,,,,,,,,,,,,,,,,,,,,,,,,,,,96.8%,
,,,,,,,,,,,,,,,,,,,,,,,,,,,,,,,,,,,,,,
OPERATIONAL LEVEL AGREEMENT ( OLA ) MONITORING DATA Accelerograph,,,,,,,,,,,,,,,,,,,,,,,,,,,,,,,,,,,,,,
BULAN JULI 2026,,,,,,,,,,,,,,,,,,,,,,,,,,,,,,,,,,,,,,
,,,,,,,,,,,,,,,,,,,,,,,,,,,,,,,,,,,,,,
No,Lokasi ,Stasiun / PIC,Koordinat,,Tahun Pengadaan ,Status,,,,,,,,,,,,,,,,,,,,,,,,,,,,,,,Persentase Aktif (%),KETERANGAN / PERMASALAHAN / MITIGASI
,,,Latitude,Longitude,,1,2,3,4,5,6,7,8,9,10,11,12,13,14,15,16,17,18,19,20,21,22,23,24,25,26,27,28,29,30,31,,
1,Balai Besar MKG Wilayah V (JBPI),Stageof Angkasa,-2.5700,140.6800,2012,100%,98%,100%,100%,100%,100%,99%,100%,97%,100%,100%,100%,100%,100%,100%,100%,100%,100%,100%,100%,100%,100%,100%,100%,100%,100%,100%,100%,100%,100%,100%,99.8%,
2,Stageof Angkasa (JGPI),Stageof Angkasa,-2.5145,140.7038,2012,80%,58%,55%,100%,39%,55%,91%,75%,100%,84%,76%,60%,100%,80%,100%,60%,79%,80%,75%,55%,85%,94%,100%,100%,80%,100%,100%,100%,100%,100%,80%,82.0%,
3,Stamet Sentani ( JMPI),Stageof Angkasa,-2.5757,140.5185,2012,80%,98%,100%,100%,93%,100%,99%,100%,94%,100%,100%,100%,100%,100%,100%,100%,80%,100%,100%,100%,80%,100%,99%,55%,100%,100%,100%,100%,100%,80%,100%,95.4%,
4,Stamet Biak ( BMPI),Stageof Angkasa,-1.1907,136.1038,2013,100%,98%,100%,87%,68%,100%,99%,87%,68%,55%,100%,100%,96%,55%,67%,100%,100%,100%,100%,100%,100%,100%,100%,100%,87%,100%,100%,100%,100%,100%,100%,92.5%,
5,Stamet Timika ( TMPI),Stageof Angkasa,-4.5299,136.8900,2013,100%,98%,100%,100%,100%,100%,99%,100%,100%,100%,100%,100%,100%,96%,100%,100%,100%,100%,67%,100%,100%,100%,100%,100%,100%,100%,100%,100%,100%,100%,100%,98.7%,
6,Stamet Manokwari( MAPI),Stageof Sorong,-0.8903,134.0512,2013,99.5,93.9,99.8,98.6,28.9,0,0,0,0,0,0,0,55.2,97.6,99.8,99.7,99.5,99.6,99.4,99.2,93.7,55.7,49.9,99.8,99.8,99.8,99.7,98.7,99.8,99.9,99.8,69.9%,
7,Stamet Enarotali (ERPN),Stageof Nabire,-3.9269,136.3809,2017,100%,98%,100%,100%,98%,100%,100%,100%,100%,100%,100%,100%,100%,100%,100%,100%,98%,100%,100%,99%,100%,100%,100%,100%,100%,100%,100%,100%,100%,100%,100%,99.8%,
TOTAL PERSENTASE BULANAN,,,,,,,,,,,,,,,,,,,,,,,,,,,,,,,,,,,,,91.2%,
,,,,,,,,,,,,,,,,,,,,,,,,,,,,,,,,,,,,,,
,,,,,,,,,,,,,,,,,,,,,,,,,,,,,,,,,,,,,,
SERVICE LEVEL AGREEMENT ( SLA ) MONITORING DATA Accelerograph,,,,,,,,,,,,,,,,,,,,,,,,,,,,,,,,,,,,,,
BULAN AGUSTUS 2026,,,,,,,,,,,,,,,,,,,,,,,,,,,,,,,,,,,,,,
,,,,,,,,,,,,,,,,,,,,,,,,,,,,,,,,,,,,,,
No,Lokasi ,Stasiun / PIC,Koordinat,,Tahun Pengadaan,Status,,,,,,,,,,,,,,,,,,,,,,,,,,,,,,,Persentase Aktif (%),KETERANGAN / PERMASALAHAN / MITIGASI
,,,Latitude,Longitude,,1,2,3,4,5,6,7,8,9,10,11,12,13,14,15,16,17,18,19,20,21,22,23,24,25,26,27,28,29,30,31,,
1,Balai Besar MKG Wilayah V (JBPI),Stageof Angkasa,-2.57,140.68,2012,ON,ON,ON,ON,ON,ON,ON,ON,ON,ON,ON,ON,ON,ON,ON,ON,ON,ON,ON,ON,ON,ON,ON,ON,ON,ON,ON,ON,ON,ON,ON,100.0%,
2,Stageof Angkasa (JGPI),Stageof Angkasa,"-251,445.0000","140,703,762.0000",2012,ON,ON,ON,ON,ON,ON,ON,ON,ON,ON,ON,ON,ON,ON,ON,ON,ON,ON,ON,ON,ON,ON,ON,ON,ON,ON,ON,ON,ON,ON,ON,100.0%,
3,Stamet Sentani ( JMPI),Stageof Angkasa,"-25,757.0000","1,405,185.0000",2012,ON,ON,ON,ON,ON,ON,ON,ON,ON,ON,ON,ON,ON,ON,ON,ON,ON,ON,ON,ON,ON,ON,ON,ON,ON,ON,ON,ON,ON,ON,ON,100.0%,
4,Stamet Biak ( BMPI),Stageof Angkasa,"-11,907.0000","1,361,038.0000",2013,ON,ON,ON,ON,ON,ON,ON,ON,ON,ON,ON,ON,ON,ON,ON,ON,ON,ON,ON,ON,ON,ON,ON,ON,ON,ON,ON,ON,ON,ON,ON,100.0%,
5,Stamet Timika ( TMPI),Stageof Angkasa,"-45,299.0000","1,368,929.0000",2013,ON,ON,ON,ON,ON,ON,ON,ON,ON,ON,ON,ON,ON,ON,ON,ON,ON,ON,ON,ON,ON,ON,ON,ON,ON,ON,ON,ON,ON,ON,ON,100.0%,
6,Stamet Manokwari( MAPI),Stageof Sorong,,,2013,ON,ON,ON,ON,ON,ON,ON,ON,ON,ON,ON,ON,ON,ON,ON,ON,ON,ON,ON,ON,ON,ON,ON,ON,ON,ON,ON,ON,ON,ON,ON,100.0%,
7,Stamet Enarotali (ERPN),Stageof Nabire,-3.9269,136.3809,2017,ON,ON,ON,ON,ON,ON,ON,ON,ON,ON,ON,ON,ON,ON,ON,ON,ON,ON,ON,ON,ON,ON,ON,ON,ON,ON,ON,ON,OFF,ON,ON,96.8%,Kabel LAN putus digigit tikus 
TOTAL PERSENTASE BULANAN,,,,,,,,,,,,,,,,,,,,,,,,,,,,,,,,,,,,,99.5%,
,,,,,,,,,,,,,,,,,,,,,,,,,,,,,,,,,,,,,,
OPERATIONAL LEVEL AGREEMENT ( OLA ) MONITORING DATA Accelerograph,,,,,,,,,,,,,,,,,,,,,,,,,,,,,,,,,,,,,,
BULAN AGUSTUS 2026,,,,,,,,,,,,,,,,,,,,,,,,,,,,,,,,,,,,,,
,,,,,,,,,,,,,,,,,,,,,,,,,,,,,,,,,,,,,,
No,Lokasi ,Stasiun / PIC,Koordinat,,Tahun Pengadaan ,Status,,,,,,,,,,,,,,,,,,,,,,,,,,,,,,,Persentase Aktif (%),KETERANGAN / PERMASALAHAN / MITIGASI
,,,Latitude,Longitude,,1,2,3,4,5,6,7,8,9,10,11,12,13,14,15,16,17,18,19,20,21,22,23,24,25,26,27,28,29,30,31,,
1,Balai Besar MKG Wilayah V (JBPI),Stageof Angkasa,-2.57,140.68,2012,100%,100%,100%,100%,100%,100%,100%,100%,100%,100%,100%,100%,100%,100%,100%,100%,100%,100%,100%,100%,100%,100%,100%,100%,100%,100%,100%,100%,100%,100%,100%,100.0%,
2,Stageof Angkasa (JGPI),Stageof Angkasa,"-251,445.0000","140,703,762.0000",2012,36%,47%,87%,73%,80%,100%,62%,48%,80%,80%,100%,87%,30%,92%,100%,60%,100%,80%,60%,80%,100%,69%,66%,80%,100%,100%,100%,100%,55%,60%,100%,77.8%,
3,Stamet Sentani ( JMPI),Stageof Angkasa,"-25,757.0000","1,405,185.0000",2012,100%,100%,80%,100%,100%,75%,100%,83%,97%,93%,86%,94%,66%,100%,94%,86%,100%,96%,100%,98%,100%,100%,100%,100%,100%,100%,100%,100%,80%,97%,100%,94.4%,
4,Stamet Biak ( BMPI),Stageof Angkasa,"-11,907.0000","1,361,038.0000",2013,100%,100%,100%,100%,70%,80%,70%,85%,100%,55%,100%,100%,100%,100%,100%,60%,100%,97%,100%,100%,78%,77%,100%,88%,100%,100%,100%,78%,76%,100%,100%,90.8%,
5,Stamet Timika ( TMPI),Stageof Angkasa,"-45,299.0000","1,368,929.0000",2013,100%,100%,100%,100%,100%,100%,100%,100%,100%,100%,100%,100%,100%,100%,100%,100%,100%,100%,100%,100%,100%,100%,100%,100%,100%,100%,100%,100%,100%,100%,100%,100.0%,
6,Stamet Manokwari( MAPI),Stageof Sorong,,,2013,100%,100%,100%,100%,100%,100%,100%,82%,100%,100%,100%,100%,100%,96%,100%,100%,100%,100%,100%,99%,100%,100%,100%,100%,100%,100%,100%,100%,99%,100%,100%,99.0%,
7,Stamet Enarotali (ERPN),Stageof Nabire,-3.9269,136.3809,2017,93%,100%,100%,100%,96%,100%,100%,100%,100%,100%,56%,100%,100%,100%,100%,100%,77%,43%,100%,84%,100%,100%,100%,100%,100%,100%,64%,43%,0%,42%,100%,87.0%,Kabel LAN putus digigit tikus 
TOTAL PERSENTASE BULANAN,,,,,,,,,,,,,,,,,,,,,,,,,,,,,,,,,,,,,92.7%,
,,,,,,,,,,,,,,,,,,,,,,,,,,,,,,,,,,,,,,
,,,,,,,,,,,,,,,,,,,,,,,,,,,,,,,,,,,,,,
SERVICE LEVEL AGREEMENT ( SLA ) MONITORING DATA Accelerograph,,,,,,,,,,,,,,,,,,,,,,,,,,,,,,,,,,,,,,
BULAN SEPTEMBER 2026,,,,,,,,,,,,,,,,,,,,,,,,,,,,,,,,,,,,,,
,,,,,,,,,,,,,,,,,,,,,,,,,,,,,,,,,,,,,,
No,Lokasi ,Stasiun / PIC,Koordinat,,Tahun Pengadaan,Status,,,,,,,,,,,,,,,,,,,,,,,,,,,,,,,Persentase Aktif (%),KETERANGAN / PERMASALAHAN / MITIGASI
,,,Latitude,Longitude,,1,2,3,4,5,6,7,8,9,10,11,12,13,14,15,16,17,18,19,20,21,22,23,24,25,26,27,28,29,30,-,,
1,Balai Besar MKG Wilayah V (JBPI),Stageof Angkasa,-2.57,140.68,2012,ON,ON,ON,ON,ON,ON,ON,ON,OFF,ON,ON,ON,OFF,OFF,ON,ON,ON,OFF,ON,ON,ON,ON,ON,ON,ON,ON,ON,ON,ON,ON,,86.7%,
2,Stageof Angkasa (JGPI),Stageof Angkasa,"-251,445.0000","140,703,762.0000",2012,ON,ON,ON,ON,ON,ON,ON,ON,OFF,ON,ON,ON,ON,ON,ON,ON,ON,OFF,ON,ON,ON,ON,ON,ON,ON,ON,ON,ON,ON,ON,,93.3%,
3,Stamet Sentani ( JMPI),Stageof Angkasa,"-25,757.0000","1,405,185.0000",2012,ON,ON,ON,ON,ON,ON,ON,ON,OFF,ON,ON,ON,ON,ON,ON,ON,ON,OFF,ON,ON,ON,ON,ON,ON,ON,ON,ON,ON,ON,ON,,93.3%,
4,Stamet Biak ( BMPI),Stageof Angkasa,"-11,907.0000","1,361,038.0000",2013,ON,ON,ON,ON,ON,ON,ON,ON,OFF,ON,ON,ON,ON,ON,ON,ON,ON,OFF,ON,ON,ON,ON,ON,ON,ON,ON,ON,ON,ON,ON,,93.3%,
5,Stamet Timika ( TMPI),Stageof Angkasa,"-45,299.0000","1,368,929.0000",2013,ON,ON,ON,ON,ON,ON,ON,ON,OFF,ON,ON,ON,ON,ON,ON,ON,ON,OFF,ON,ON,ON,ON,ON,ON,ON,ON,ON,ON,ON,ON,,93.3%,
6,Stamet Manokwari( MAPI),Stageof Sorong,,,2013,ON,ON,ON,ON,ON,ON,ON,ON,OFF,ON,ON,ON,ON,ON,ON,ON,ON,ON,ON,ON,ON,ON,ON,ON,ON,ON,ON,ON,ON,ON,,96.7%,
7,Stamet Enarotali (ERPN),Stageof Nabire,,,2017,ON,ON,ON,ON,ON,ON,ON,ON,OFF,ON,ON,ON,ON,ON,ON,ON,ON,ON,ON,ON,ON,ON,ON,ON,ON,ON,ON,ON,ON,ON,,96.7%,
TOTAL PERSENTASE BULANAN,,,,,,,,,,,,,,,,,,,,,,,,,,,,,,,,,,,,,93.3%,
,,,,,,,,,,,,,,,,,,,,,,,,,,,,,,,,,,,,,,
OPERATIONAL LEVEL AGREEMENT ( OLA ) MONITORING DATA Accelerograph,,,,,,,,,,,,,,,,,,,,,,,,,,,,,,,,,,,,,,
BULAN SEPTEMBER 2026,,,,,,,,,,,,,,,,,,,,,,,,,,,,,,,,,,,,,,
,,,,,,,,,,,,,,,,,,,,,,,,,,,,,,,,,,,,,,
No,Lokasi ,Stasiun / PIC,Koordinat,,Tahun Pengadaan ,Status,,,,,,,,,,,,,,,,,,,,,,,,,,,,,,,Persentase Aktif (%),KETERANGAN / PERMASALAHAN / MITIGASI
,,,Latitude,Longitude,,1,2,3,4,5,6,7,8,9,10,11,12,13,14,15,16,17,18,19,20,21,22,23,24,25,26,27,28,29,30,,,
1,Balai Besar MKG Wilayah V (JBPI),Stageof Angkasa,-2.57,140.68,2012,100%,100%,100%,100%,96%,100%,100%,100%,0%,39%,100%,65%,0%,0%,42%,92%,100%,0%,100%,100%,100%,100%,100%,100%,100%,100%,100%,100%,100%,100%,,81.1%,
2,Stageof Angkasa (JGPI),Stageof Angkasa,"-251,445.0000","140,703,762.0000",2012,55%,65%,90%,65%,86%,90%,95%,55%,0%,39%,100%,80%,55%,100%,71%,59%,80%,0%,92%,63%,72%,55%,80%,60%,88%,100%,100%,100%,100%,100%,,73.2%,
3,Stamet Sentani ( JMPI),Stageof Angkasa,"-25,757.0000","1,405,185.0000",2012,100%,100%,95%,85%,71%,99%,95%,99%,0%,39%,100%,100%,100%,100%,99%,89%,77%,0%,80%,100%,100%,85%,80%,80%,100%,100%,100%,100%,100%,100%,,85.8%,
4,Stamet Biak ( BMPI),Stageof Angkasa,"-11,907.0000","1,361,038.0000",2013,100%,100%,100%,100%,96%,100%,100%,99%,0%,39%,100%,100%,100%,100%,100%,92%,73%,0%,96%,100%,100%,55%,100%,100%,100%,100%,100%,100%,100%,100%,,88.3%,
5,Stamet Timika ( TMPI),Stageof Angkasa,"-45,299.0000","1,368,929.0000",2013,100%,100%,100%,100%,96%,100%,100%,99%,0%,39%,100%,100%,100%,100%,100%,92%,96%,0%,100%,71%,100%,100%,100%,100%,100%,100%,100%,100%,100%,100%,,89.8%,
6,Stamet Manokwari( MAPI),Stageof Sorong,,,2013,100%,98%,100%,80%,96%,100%,98%,89%,0%,39%,100%,100%,100%,100%,100%,91%,100%,100%,55%,94%,85%,100%,52%,97%,100%,100%,100%,52%,97%,100%,,87.4%,
7,Stamet Enarotali (ERPN),Stageof Nabire,,,2017,100%,100%,100%,100%,96%,100%,100%,100%,0%,39%,100%,100%,100%,100%,100%,92%,100%,100%,100%,100%,100%,100%,100%,100%,100%,100%,100%,100%,100%,100%,,94.2%,
TOTAL PERSENTASE BULANAN,,,,,,,,,,,,,,,,,,,,,,,,,,,,,,,,,,,,,85.7%,
