OPERATIONAL LEVEL AGREEMENT ( OLA ) MONITORING DATA Radar Cuaca CUACA,,,,,,,,,,,,,,,,,,,,,,,,,,,,,,,,,,
BULAN JANUARI 2026,,,,,,,,,,,,,,,,,,,,,,,,,,,,,,,,,,
,,,,,,,,,,,,,,,,,,,,,,,,,,,,,,,,,,
No,Stasiun ,Status,,,,,,,,,,,,,,,,,,,,,,,,,,,,,,,Persentase Aktif (%),KETERANGAN / PERMASALAHAN / MITIGASI
,,1,2,3,4,5,6,7,8,9,10,11,12,13,14,15,16,17,18,19,20,21,22,23,24,25,26,27,28,29,30,31,,
1,Stamet Biak,ON,ON,ON,ON,ON,ON,ON,ON,ON,ON,ON,ON,ON,ON,ON,ON,ON,ON,ON,ON,ON,ON,ON,ON,ON,ON,ON,ON,ON,ON,ON,100.0%,
2,Stamet Sentani,ON,ON,ON,ON,ON,ON,ON,ON,ON,ON,ON,ON,ON,ON,ON,ON,ON,ON,ON,ON,ON,ON,ON,ON,ON,ON,ON,ON,ON,ON,ON,100.0%,
3,Stamet Sorong,ON,ON,ON,ON,ON,ON,ON,ON,ON,ON,ON,ON,ON,ON,ON,ON,ON,ON,ON,ON,ON,ON,ON,ON,ON,ON,ON,ON,ON,ON,ON,100.0%,
4,Stamet Merauke,ON,ON,ON,ON,ON,ON,ON,ON,ON,ON,ON,ON,ON,ON,ON,ON,ON,ON,ON,ON,ON,ON,ON,ON,ON,ON,ON,ON,ON,ON,ON,100.0%,
5,Stamet Timika,ON,ON,ON,ON,ON,ON,ON,ON,ON,ON,ON,ON,ON,ON,ON,ON,ON,ON,ON,ON,ON,ON,ON,ON,ON,ON,ON,ON,ON,ON,ON,100.0%,
6,Stamet Wamena,OFF,OFF,OFF,OFF,OFF,OFF,OFF,OFF,OFF,OFF,OFF,OFF,ON,ON,OFF,OFF,OFF,OFF,OFF,OFF,OFF,OFF,ON,ON,ON,ON,ON,ON,ON,ON,ON,35.5%,Telah dilakukan penggantian RCU
TOTAL PERSENTASE BULANAN,,,,,,,,,,,,,,,,,,,,,,,,,,,,,,,,,89.2%,
,,,,,,,,,,,,,,,,,,,,,,,,,,,,,,,,,,
OPERATIONAL LEVEL AGREEMENT ( OLA ) MONITORING DATA Radar Cuaca CUACA,,,,,,,,,,,,,,,,,,,,,,,,,,,,,,,,,,
BULAN JANUARI 2026,,,,,,,,,,,,,,,,,,,,,,,,,,,,,,,,,,
,,,,,,,,,,,,,,,,,,,,,,,,,,,,,,,,,,
No,Stasiun ,Status,,,,,,,,,,,,,,,,,,,,,,,,,,,,,,,Persentase Aktif (%),KETERANGAN / PERMASALAHAN / MITIGASI
,,1,2,3,4,5,6,7,8,9,10,11,12,13,14,15,16,17,18,19,20,21,22,23,24,25,26,27,28,29,30,31,,
1,Stamet Biak,100%,100%,100%,100%,100%,100%,100%,100%,100%,100%,100%,100%,100%,100%,100%,100%,100%,100%,100%,100%,100%,100%,100%,100%,100%,100%,100%,100%,100%,100%,100%,100.0%,
2,Stamet Sentani,99%,99%,100%,100%,100%,99%,100%,100%,85%,100%,100%,100%,100%,71%,49%,67%,100%,100%,100%,100%,97%,83%,100%,100%,100%,100%,99%,100%,100%,100%,100%,95.1%,
3,Stamet Sorong,100%,100%,100%,100%,100%,100%,100%,100%,100%,100%,100%,100%,100%,100%,100%,100%,100%,100%,100%,100%,100%,100%,100%,100%,100%,100%,100%,100%,100%,100%,100%,100.0%,
4,Stamet Merauke,100%,100%,100%,100%,100%,100%,100%,100%,100%,100%,100%,100%,100%,100%,100%,100%,100%,100%,100%,100%,100%,100%,100%,100%,100%,100%,100%,100%,100%,100%,100%,100.0%,
5,Stamet Timika,100%,100%,100%,100%,100%,100%,100%,100%,100%,100%,100%,100%,100%,100%,100%,100%,100%,100%,100%,100%,100%,100%,100%,100%,100%,100%,100%,100%,100%,100%,100%,100.0%,
6,Stamet Wamena,0%,0%,0%,0%,0%,0%,0%,0%,0%,0%,0%,0%,100%,0%,0%,0%,0%,0%,0%,0%,0%,0%,100%,100%,100%,100%,100%,100%,100%,100%,100%,32.3%,Telah dilakukan penggantian RCU
TOTAL PERSENTASE BULANAN,,,,,,,,,,,,,,,,,,,,,,,,,,,,,,,,,87.9%,
,,,,,,,,,,,,,,,,,,,,,,,,,,,,,,,,,,
,,,,,,,,,,,,,,,,,,,,,,,,,,,,,,,,,,
SERVICE LEVEL AGREEMENT (SLA) MONITORING DATA Radar Cuaca CUACA,,,,,,,,,,,,,,,,,,,,,,,,,,,,,,,,,,
BULAN FEBRUARI 2026,,,,,,,,,,,,,,,,,,,,,,,,,,,,,,,,,,
,,,,,,,,,,,,,,,,,,,,,,,,,,,,,,,,,,
No,Stasiun ,Status,,,,,,,,,,,,,,,,,,,,,,,,,,,,,,,Persentase Aktif (%),KETERANGAN / PERMASALAHAN / MITIGASI
,,1,2,3,4,5,6,7,8,9,10,11,12,13,14,15,16,17,18,19,20,21,22,23,24,25,26,27,28,-,-,-,,
1,Stamet Biak,ON,ON,ON,ON,ON,ON,ON,ON,ON,ON,ON,ON,ON,ON,ON,ON,ON,ON,ON,ON,ON,ON,ON,ON,ON,ON,ON,ON,,,,100.0%,
2,Stamet Sentani,ON,ON,ON,ON,ON,ON,ON,ON,ON,ON,ON,OFF,ON,ON,ON,ON,ON,ON,ON,ON,ON,ON,ON,ON,ON,ON,ON,ON,,,,96.4%,
3,Stamet Sorong,ON,ON,ON,ON,ON,ON,ON,ON,ON,ON,ON,ON,ON,ON,ON,ON,ON,ON,ON,ON,ON,ON,ON,ON,ON,ON,ON,ON,,,,100.0%,
4,Stamet Merauke,ON,ON,ON,ON,ON,ON,ON,ON,ON,ON,ON,ON,ON,ON,ON,ON,ON,ON,ON,ON,ON,ON,ON,ON,ON,ON,ON,ON,,,,100.0%,
5,Stamet Timika,ON,ON,ON,ON,ON,ON,ON,ON,ON,ON,ON,ON,ON,ON,ON,ON,ON,ON,ON,ON,ON,ON,ON,ON,ON,ON,ON,ON,,,,100.0%,
6,Stamet Wamena,ON,ON,ON,ON,ON,ON,ON,ON,ON,ON,ON,ON,ON,ON,ON,ON,ON,ON,ON,ON,ON,ON,ON,ON,ON,ON,ON,ON,,,,100.0%,
TOTAL PERSENTASE BULANAN,,,,,,,,,,,,,,,,,,,,,,,,,,,,,,,,,99.4%,
,,,,,,,,,,,,,,,,,,,,,,,,,,,,,,,,,,
OPERATIONAL LEVEL AGREEMENT ( OLA ) MONITORING DATA Radar Cuaca CUACA,,,,,,,,,,,,,,,,,,,,,,,,,,,,,,,,,,
BULAN FEBRUARI 2026,,,,,,,,,,,,,,,,,,,,,,,,,,,,,,,,,,
,,,,,,,,,,,,,,,,,,,,,,,,,,,,,,,,,,
No,Stasiun ,Status,,,,,,,,,,,,,,,,,,,,,,,,,,,,,,,Persentase Aktif (%),KETERANGAN / PERMASALAHAN / MITIGASI
,,1,2,3,4,5,6,7,8,9,10,11,12,13,14,15,16,17,18,19,20,21,22,23,24,25,26,27,28,29,30,31,,
1,Stamet Biak,100%,100%,100%,100%,100%,100%,100%,100%,100%,100%,100%,100%,100%,100%,100%,100%,100%,100%,100%,100%,100%,100%,100%,100%,100%,100%,100%,100%,,,,100.0%,
2,Stamet Sentani,99%,99%,100%,100%,100%,59%,83%,71%,100%,99%,71%,0%,90%,91%,100%,100%,100%,85%,93%,100%,100%,100%,100%,99%,100%,100%,99%,100%,,,,90.6%,"pedestal error, perlu restart kabinet"
3,Stamet Sorong,100%,100%,100%,100%,100%,100%,100%,100%,100%,100%,100%,100%,100%,100%,100%,100%,100%,100%,100%,100%,100%,100%,100%,100%,100%,100%,100%,100%,,,,100.0%,
4,Stamet Merauke,100%,100%,100%,100%,100%,100%,100%,100%,100%,100%,100%,100%,100%,100%,100%,100%,100%,100%,100%,100%,100%,100%,100%,100%,100%,100%,100%,100%,,,,100.0%,
5,Stamet Timika,100%,100%,100%,100%,100%,100%,100%,100%,100%,100%,100%,100%,100%,100%,100%,100%,100%,100%,100%,100%,100%,100%,100%,100%,100%,100%,100%,100%,,,,100.0%,
6,Stamet Wamena,100%,100%,100%,100%,100%,100%,100%,100%,100%,100%,100%,100%,100%,100%,100%,100%,100%,100%,100%,100%,100%,100%,100%,100%,100%,100%,100%,100%,,,,100.0%,
TOTAL PERSENTASE BULANAN,,,,,,,,,,,,,,,,,,,,,,,,,,,,,,,,,98.4%,
,,,,,,,,,,,,,,,,,,,,,,,,,,,,,,,,,,
,,,,,,,,,,,,,,,,,,,,,,,,,,,,,,,,,,
SERVICE LEVEL AGREEMENT (SLA) MONITORING DATA Radar Cuaca CUACA,,,,,,,,,,,,,,,,,,,,,,,,,,,,,,,,,,
BULAN MARET 2026,,,,,,,,,,,,,,,,,,,,,,,,,,,,,,,,,,
,,,,,,,,,,,,,,,,,,,,,,,,,,,,,,,,,,
No,Stasiun ,Status,,,,,,,,,,,,,,,,,,,,,,,,,,,,,,,Persentase Aktif (%),KETERANGAN / PERMASALAHAN / MITIGASI
,,1,2,3,4,5,6,7,8,9,10,11,12,13,14,15,16,17,18,19,20,21,22,23,24,25,26,27,28,29,30,31,,
1,Stamet Biak,ON,ON,ON,ON,ON,ON,ON,ON,ON,ON,ON,ON,ON,ON,ON,ON,ON,ON,ON,ON,ON,ON,ON,ON,ON,ON,ON,ON,ON,ON,ON,100.0%,
2,Stamet Sentani,ON,ON,ON,ON,ON,ON,ON,ON,ON,ON,ON,ON,ON,ON,ON,ON,ON,ON,ON,ON,ON,OFF,OFF,ON,ON,ON,ON,ON,ON,ON,ON,93.5%,Gangguan pada sistem komunikasi dari kabinet Radar Cuaca ke antena.
3,Stamet Sorong,ON,ON,ON,ON,ON,ON,ON,ON,ON,ON,ON,ON,ON,ON,ON,ON,ON,ON,ON,ON,ON,ON,ON,ON,ON,ON,ON,ON,ON,ON,ON,100.0%,
4,Stamet Merauke,ON,ON,ON,ON,ON,ON,ON,ON,ON,ON,ON,ON,ON,ON,ON,ON,ON,ON,ON,ON,ON,ON,ON,ON,ON,ON,ON,ON,ON,ON,ON,100.0%,
5,Stamet Timika,ON,ON,ON,ON,ON,ON,ON,ON,ON,ON,ON,ON,ON,ON,ON,ON,ON,ON,ON,ON,ON,ON,ON,ON,ON,ON,ON,ON,ON,ON,ON,100.0%,
6,Stamet Wamena,ON,ON,ON,ON,ON,ON,ON,ON,ON,ON,ON,ON,ON,ON,ON,ON,ON,ON,ON,ON,ON,ON,ON,ON,ON,ON,ON,ON,ON,ON,ON,100.0%,
TOTAL PERSENTASE BULANAN,,,,,,,,,,,,,,,,,,,,,,,,,,,,,,,,,98.9%,
,,,,,,,,,,,,,,,,,,,,,,,,,,,,,,,,,,
OPERATIONAL LEVEL AGREEMENT ( OLA ) MONITORING DATA Radar Cuaca CUACA,,,,,,,,,,,,,,,,,,,,,,,,,,,,,,,,,,
BULAN MARET 2026,,,,,,,,,,,,,,,,,,,,,,,,,,,,,,,,,,
,,,,,,,,,,,,,,,,,,,,,,,,,,,,,,,,,,
No,Stasiun ,Status,,,,,,,,,,,,,,,,,,,,,,,,,,,,,,,Persentase Aktif (%),KETERANGAN / PERMASALAHAN / MITIGASI
,,1,2,3,4,5,6,7,8,9,10,11,12,13,14,15,16,17,18,19,20,21,22,23,24,25,26,27,28,29,30,31,,
1,Stamet Biak,100%,100%,100%,100%,100%,100%,100%,100%,100%,100%,100%,100%,100%,100%,100%,100%,100%,100%,100%,100%,100%,100%,100%,100%,100%,100%,100%,100%,100%,100%,100%,100.0%,
2,Stamet Sentani,73%,100%,99%,70%,98%,100%,100%,100%,100%,99%,100%,100%,100%,99%,100%,100%,100%,93%,100%,100%,29%,0%,0%,62%,100%,100%,100%,100%,100%,100%,100%,87.8%,Gangguan pada sistem komunikasi dari kabinet Radar Cuaca ke antena.
3,Stamet Sorong,100%,100%,100%,100%,100%,100%,100%,100%,100%,100%,100%,100%,100%,100%,100%,100%,100%,100%,100%,100%,100%,100%,100%,100%,100%,100%,100%,100%,100%,100%,100%,100.0%,
4,Stamet Merauke,100%,100%,100%,100%,100%,100%,100%,100%,100%,100%,100%,100%,100%,100%,100%,100%,100%,100%,100%,100%,100%,100%,100%,100%,100%,100%,100%,100%,100%,100%,100%,100.0%,
5,Stamet Timika,100%,100%,100%,100%,100%,100%,100%,100%,100%,100%,100%,100%,100%,100%,100%,100%,100%,100%,100%,100%,100%,100%,100%,100%,100%,100%,100%,100%,100%,100%,100%,100.0%,
6,Stamet Wamena,100%,100%,100%,100%,100%,100%,100%,100%,100%,100%,100%,100%,100%,100%,100%,100%,100%,100%,100%,100%,100%,100%,100%,100%,100%,100%,100%,100%,100%,100%,100%,100.0%,
TOTAL PERSENTASE BULANAN,,,,,,,,,,,,,,,,,,,,,,,,,,,,,,,,,98.0%,
,,,,,,,,,,,,,,,,,,,,,,,,,,,,,,,,,,
,,,,,,,,,,,,,,,,,,,,,,,,,,,,,,,,,,
SERVICE LEVEL AGREEMENT (SLA) MONITORING DATA Radar Cuaca CUACA,,,,,,,,,,,,,,,,,,,,,,,,,,,,,,,,,,
BULAN APRIL 2026,,,,,,,,,,,,,,,,,,,,,,,,,,,,,,,,,,
,,,,,,,,,,,,,,,,,,,,,,,,,,,,,,,,,,
No,Stasiun ,Status,,,,,,,,,,,,,,,,,,,,,,,,,,,,,,,Persentase Aktif (%),KETERANGAN / PERMASALAHAN / MITIGASI
,,1,2,3,4,5,6,7,8,9,10,11,12,13,14,15,16,17,18,19,20,21,22,23,24,25,26,27,28,29,30,-,,
1,Stamet Biak,ON,ON,ON,ON,ON,ON,ON,ON,ON,ON,ON,ON,ON,ON,ON,ON,ON,ON,ON,ON,ON,ON,ON,ON,ON,ON,ON,ON,ON,ON,,100.0%,
2,Stamet Sentani,ON,ON,ON,ON,ON,ON,ON,ON,ON,ON,ON,ON,ON,ON,ON,ON,ON,ON,ON,ON,ON,ON,ON,ON,ON,ON,ON,ON,ON,ON,,100.0%,
3,Stamet Sorong,ON,ON,ON,ON,ON,ON,ON,ON,ON,ON,ON,ON,ON,ON,ON,ON,ON,ON,ON,ON,ON,ON,ON,ON,ON,ON,ON,ON,ON,ON,,100.0%,
4,Stamet Merauke,ON,ON,ON,ON,ON,ON,ON,ON,ON,ON,ON,ON,ON,ON,ON,ON,ON,ON,ON,ON,ON,ON,ON,ON,ON,ON,ON,ON,ON,ON,,100.0%,
5,Stamet Timika,ON,ON,ON,ON,ON,ON,ON,ON,ON,ON,ON,ON,ON,ON,ON,ON,ON,ON,ON,ON,OFF,OFF,OFF,OFF,OFF,OFF,OFF,OFF,OFF,OFF,,66.7%,
6,Stamet Wamena,ON,ON,ON,ON,ON,ON,ON,ON,ON,ON,ON,ON,ON,ON,ON,ON,ON,ON,ON,ON,ON,ON,ON,ON,ON,ON,ON,ON,ON,ON,,100.0%,
TOTAL PERSENTASE BULANAN,,,,,,,,,,,,,,,,,,,,,,,,,,,,,,,,,94.4%,
,,,,,,,,,,,,,,,,,,,,,,,,,,,,,,,,,,
OPERATIONAL LEVEL AGREEMENT ( OLA ) MONITORING DATA Radar Cuaca CUACA,,,,,,,,,,,,,,,,,,,,,,,,,,,,,,,,,,
BULAN APRIL 2026,,,,,,,,,,,,,,,,,,,,,,,,,,,,,,,,,,
,,,,,,,,,,,,,,,,,,,,,,,,,,,,,,,,,,
No,Stasiun ,Status,,,,,,,,,,,,,,,,,,,,,,,,,,,,,,,Persentase Aktif (%),KETERANGAN / PERMASALAHAN / MITIGASI
,,1,2,3,4,5,6,7,8,9,10,11,12,13,14,15,16,17,18,19,20,21,22,23,24,25,26,27,28,29,30,31,,
1,Stamet Biak,100%,100%,100%,100%,100%,100%,100%,100%,100%,100%,100%,100%,100%,100%,100%,100%,100%,100%,100%,100%,100%,100%,100%,100%,100%,100%,100%,100%,100%,100%,,100.0%,
2,Stamet Sentani,100%,100%,100%,100%,100%,100%,100%,100%,100%,100%,100%,100%,100%,100%,100%,100%,100%,100%,100%,100%,100%,100%,100%,100%,100%,100%,100%,100%,100%,100%,,100.0%,
3,Stamet Sorong,100%,100%,100%,100%,100%,100%,100%,100%,100%,100%,100%,100%,100%,100%,100%,100%,100%,100%,100%,100%,100%,100%,100%,100%,100%,100%,100%,100%,100%,100%,,100.0%,
4,Stamet Merauke,100%,100%,100%,100%,100%,100%,100%,100%,100%,100%,100%,100%,100%,100%,100%,100%,100%,100%,100%,100%,100%,100%,100%,100%,100%,100%,100%,100%,100%,100%,,100.0%,
5,Stamet Timika,100%,100%,100%,100%,100%,100%,100%,100%,100%,100%,100%,100%,100%,100%,100%,100%,100%,100%,100%,100%,0%,0%,0%,0%,0%,0%,0%,0%,0%,0%,,66.7%,
6,Stamet Wamena,100%,100%,100%,100%,100%,100%,100%,100%,100%,100%,100%,100%,100%,100%,100%,100%,100%,100%,100%,100%,100%,100%,100%,100%,100%,100%,100%,100%,100%,100%,,100.0%,
TOTAL PERSENTASE BULANAN,,,,,,,,,,,,,,,,,,,,,,,,,,,,,,,,,94.4%,
,,,,,,,,,,,,,,,,,,,,,,,,,,,,,,,,,,
,,,,,,,,,,,,,,,,,,,,,,,,,,,,,,,,,,
SERVICE LEVEL AGREEMENT (SLA) MONITORING DATA Radar Cuaca CUACA,,,,,,,,,,,,,,,,,,,,,,,,,,,,,,,,,,
BULAN MEI 2026,,,,,,,,,,,,,,,,,,,,,,,,,,,,,,,,,,
,,,,,,,,,,,,,,,,,,,,,,,,,,,,,,,,,,
No,Stasiun ,Status,,,,,,,,,,,,,,,,,,,,,,,,,,,,,,,Persentase Aktif (%),KETERANGAN / PERMASALAHAN / MITIGASI
,,1,2,3,4,5,6,7,8,9,10,11,12,13,14,15,16,17,18,19,20,21,22,23,24,25,26,27,28,29,30,31,,
1,Stamet Biak,ON,ON,ON,ON,ON,ON,ON,ON,ON,ON,ON,ON,ON,ON,ON,ON,ON,ON,ON,ON,ON,ON,ON,ON,ON,ON,ON,ON,ON,ON,ON,100.0%,
2,Stamet Sentani,ON,ON,ON,ON,ON,ON,ON,ON,ON,ON,OFF,ON,ON,ON,ON,ON,ON,ON,ON,ON,ON,ON,ON,ON,ON,ON,ON,ON,ON,ON,ON,96.8%,Kendala pada antena dan pedestal
3,Stamet Sorong,ON,ON,ON,ON,ON,ON,ON,ON,ON,ON,ON,ON,ON,ON,ON,ON,ON,ON,ON,ON,ON,ON,ON,ON,ON,ON,ON,ON,ON,ON,ON,100.0%,
4,Stamet Merauke,ON,ON,ON,ON,ON,ON,ON,ON,ON,ON,ON,ON,ON,ON,ON,ON,ON,ON,ON,ON,ON,ON,ON,ON,ON,ON,ON,ON,ON,ON,ON,100.0%,
5,Stamet Timika,OFF,OFF,OFF,OFF,OFF,OFF,OFF,OFF,ON,ON,ON,ON,ON,ON,ON,ON,ON,ON,ON,ON,ON,ON,ON,ON,ON,ON,ON,ON,ON,ON,ON,74.2%,Telah dilakukan CM oleh pihak rekanan dari tgl 5-10 Mei
6,Stamet Wamena,ON,ON,ON,ON,ON,ON,ON,ON,ON,ON,ON,ON,ON,ON,ON,ON,ON,ON,ON,ON,ON,ON,ON,ON,ON,ON,ON,ON,ON,ON,ON,100.0%,
TOTAL PERSENTASE BULANAN,,,,,,,,,,,,,,,,,,,,,,,,,,,,,,,,,95.2%,
,,,,,,,,,,,,,,,,,,,,,,,,,,,,,,,,,,
OPERATIONAL LEVEL AGREEMENT ( OLA ) MONITORING DATA Radar Cuaca CUACA,,,,,,,,,,,,,,,,,,,,,,,,,,,,,,,,,,
BULAN MEI 2026,,,,,,,,,,,,,,,,,,,,,,,,,,,,,,,,,,
,,,,,,,,,,,,,,,,,,,,,,,,,,,,,,,,,,
No,Stasiun ,Status,,,,,,,,,,,,,,,,,,,,,,,,,,,,,,,Persentase Aktif (%),KETERANGAN / PERMASALAHAN / MITIGASI
,,1,2,3,4,5,6,7,8,9,10,11,12,13,14,15,16,17,18,19,20,21,22,23,24,25,26,27,28,29,30,31,,
1,Stamet Biak,100%,100%,100%,100%,100%,100%,100%,100%,100%,100%,100%,100%,100%,77%,100%,100%,100%,100%,100%,100%,100%,100%,100%,100%,100%,100%,100%,100%,100%,100%,100%,99.3%,"tgl 14 kendala kelistrikan, edge crash sehingga dilakukan penggantian pc"
2,Stamet Sentani,97%,100%,99%,100%,98%,100%,100%,100%,100%,100%,0%,99%,100%,100%,75%,100%,100%,100%,100%,100%,29%,95%,100%,100%,86%,100%,100%,100%,100%,100%,100%,92.8%,Kendala pada antena dan pedestal
3,Stamet Sorong,100%,100%,100%,100%,100%,100%,100%,100%,100%,100%,100%,100%,100%,100%,100%,100%,100%,100%,100%,100%,100%,100%,100%,100%,100%,100%,100%,100%,100%,100%,100%,100.0%,
4,Stamet Merauke,100%,100%,100%,100%,100%,100%,100%,100%,100%,100%,100%,100%,100%,100%,100%,100%,100%,100%,100%,100%,100%,100%,100%,100%,100%,100%,100%,100%,100%,100%,100%,100.0%,
5,Stamet Timika,0%,0%,0%,0%,0%,0%,0%,0%,100%,100%,100%,100%,100%,100%,100%,100%,100%,100%,100%,100%,100%,100%,100%,100%,100%,100%,100%,100%,100%,100%,100%,74.2%,Telah dilakukan CM oleh pihak rekanan dari tgl 5-10 Mei
6,Stamet Wamena,100%,100%,100%,100%,100%,100%,100%,100%,100%,100%,100%,100%,100%,100%,100%,100%,100%,100%,100%,100%,100%,100%,100%,100%,100%,100%,100%,100%,100%,100%,100%,100.0%,
TOTAL PERSENTASE BULANAN,,,,,,,,,,,,,,,,,,,,,,,,,,,,,,,,,94.4%,
,,,,,,,,,,,,,,,,,,,,,,,,,,,,,,,,,,
,,,,,,,,,,,,,,,,,,,,,,,,,,,,,,,,,,
SERVICE LEVEL AGREEMENT (SLA) MONITORING DATA Radar Cuaca CUACA,,,,,,,,,,,,,,,,,,,,,,,,,,,,,,,,,,
BULAN JUNI 2026,,,,,,,,,,,,,,,,,,,,,,,,,,,,,,,,,,
,,,,,,,,,,,,,,,,,,,,,,,,,,,,,,,,,,
No,Stasiun ,Status,,,,,,,,,,,,,,,,,,,,,,,,,,,,,,,Persentase Aktif (%),KETERANGAN / PERMASALAHAN / MITIGASI
,,1,2,3,4,5,6,7,8,9,10,11,12,13,14,15,16,17,18,19,20,21,22,23,24,25,26,27,28,29,30,-,,
1,Stamet Biak,ON,ON,ON,ON,ON,ON,ON,ON,ON,ON,ON,ON,ON,ON,ON,ON,ON,ON,ON,ON,ON,ON,ON,ON,ON,ON,ON,ON,ON,ON,,100.0%,
2,Stamet Sentani,ON,ON,ON,ON,ON,ON,ON,ON,ON,ON,ON,ON,ON,ON,ON,ON,ON,ON,ON,ON,ON,ON,ON,ON,ON,ON,ON,ON,ON,ON,,100.0%,
3,Stamet Sorong,ON,ON,ON,ON,ON,ON,ON,ON,ON,ON,ON,ON,ON,ON,ON,ON,ON,ON,ON,ON,ON,ON,ON,ON,ON,ON,ON,ON,ON,ON,,100.0%,
4,Stamet Merauke,ON,ON,ON,ON,ON,ON,ON,ON,ON,ON,ON,ON,ON,ON,ON,ON,ON,ON,ON,ON,ON,ON,ON,ON,ON,ON,ON,ON,ON,ON,,100.0%,
5,Stamet Timika,ON,ON,ON,ON,ON,ON,ON,ON,ON,ON,ON,ON,ON,ON,ON,ON,ON,ON,ON,ON,ON,ON,ON,ON,ON,ON,ON,ON,ON,ON,,100.0%,
6,Stamet Wamena,ON,ON,ON,ON,ON,ON,ON,ON,ON,ON,ON,ON,ON,ON,ON,ON,ON,ON,ON,ON,ON,ON,ON,ON,ON,ON,ON,ON,ON,ON,,100.0%,
TOTAL PERSENTASE BULANAN,,,,,,,,,,,,,,,,,,,,,,,,,,,,,,,,,100.0%,
,,,,,,,,,,,,,,,,,,,,,,,,,,,,,,,,,,
OPERATIONAL LEVEL AGREEMENT ( OLA ) MONITORING DATA Radar Cuaca CUACA,,,,,,,,,,,,,,,,,,,,,,,,,,,,,,,,,,
BULAN JUNI 2026,,,,,,,,,,,,,,,,,,,,,,,,,,,,,,,,,,
,,,,,,,,,,,,,,,,,,,,,,,,,,,,,,,,,,
No,Stasiun ,Status,,,,,,,,,,,,,,,,,,,,,,,,,,,,,,,Persentase Aktif (%),KETERANGAN / PERMASALAHAN / MITIGASI
,,1,2,3,4,5,6,7,8,9,10,11,12,13,14,15,16,17,18,19,20,21,22,23,24,25,26,27,28,29,30,31,,
1,Stamet Biak,100%,100%,100%,100%,100%,100%,100%,100%,100%,100%,100%,100%,100%,100%,100%,100%,100%,100%,100%,100%,100%,100%,100%,100%,100%,100%,100%,100%,100%,100%,,100.0%,
2,Stamet Sentani,100%,100%,100%,100%,100%,99%,100%,100%,99%,100%,100%,100%,100%,100%,100%,100%,100%,100%,100%,80%,99%,59%,97%,100%,100%,100%,100%,100%,100%,100%,,97.8%,
3,Stamet Sorong,100%,100%,100%,100%,100%,100%,100%,100%,100%,100%,100%,100%,100%,100%,100%,100%,100%,100%,100%,100%,100%,100%,100%,100%,100%,100%,100%,100%,100%,100%,,100.0%,
4,Stamet Merauke,97%,97%,97%,97%,97%,97%,97%,97%,97%,97%,97%,97%,97%,97%,97%,97%,97%,97%,97%,97%,97%,97%,97%,97%,97%,97%,97%,97%,97%,97%,,97.0%,
5,Stamet Timika,100%,100%,100%,100%,100%,100%,100%,100%,100%,100%,100%,100%,100%,100%,100%,100%,100%,100%,100%,100%,100%,100%,100%,100%,100%,100%,100%,100%,100%,100%,,100.0%,
6,Stamet Wamena,100%,100%,100%,100%,100%,100%,100%,100%,100%,100%,100%,100%,100%,100%,100%,100%,100%,100%,100%,100%,100%,100%,100%,100%,100%,100%,100%,100%,100%,100%,,100.0%,
TOTAL PERSENTASE BULANAN,,,,,,,,,,,,,,,,,,,,,,,,,,,,,,,,,99.1%,
,,,,,,,,,,,,,,,,,,,,,,,,,,,,,,,,,,
,,,,,,,,,,,,,,,,,,,,,,,,,,,,,,,,,,
SERVICE LEVEL AGREEMENT (SLA) MONITORING DATA Radar Cuaca CUACA,,,,,,,,,,,,,,,,,,,,,,,,,,,,,,,,,,
BULAN JULI 2026,,,,,,,,,,,,,,,,,,,,,,,,,,,,,,,,,,
,,,,,,,,,,,,,,,,,,,,,,,,,,,,,,,,,,
No,Stasiun ,Status,,,,,,,,,,,,,,,,,,,,,,,,,,,,,,,Persentase Aktif (%),KETERANGAN / PERMASALAHAN / MITIGASI
,,1,2,3,4,5,6,7,8,9,10,11,12,13,14,15,16,17,18,19,20,21,22,23,24,25,26,27,28,29,30,31,,
1,Stamet Biak,ON,ON,ON,ON,ON,ON,ON,ON,ON,ON,ON,ON,ON,ON,ON,ON,ON,ON,ON,ON,ON,ON,ON,ON,ON,ON,ON,ON,ON,ON,ON,100.0%,
2,Stamet Sentani,ON,ON,ON,ON,ON,ON,ON,ON,ON,ON,ON,ON,ON,ON,ON,ON,OFF,OFF,OFF,ON,ON,ON,ON,ON,ON,ON,ON,ON,ON,ON,ON,90.3%,
3,Stamet Sorong,ON,ON,ON,ON,ON,ON,ON,ON,ON,ON,ON,ON,ON,ON,ON,ON,ON,ON,ON,ON,ON,ON,ON,ON,ON,ON,ON,ON,ON,ON,ON,100.0%,
4,Stamet Merauke,ON,ON,ON,ON,ON,ON,ON,ON,ON,ON,ON,ON,ON,ON,ON,ON,ON,ON,ON,ON,ON,ON,ON,ON,ON,ON,ON,ON,ON,ON,ON,100.0%,
5,Stamet Timika,ON,ON,ON,ON,ON,ON,ON,ON,ON,ON,ON,ON,ON,ON,ON,ON,ON,ON,ON,ON,ON,ON,ON,ON,ON,ON,ON,ON,ON,ON,ON,100.0%,
6,Stamet Wamena,ON,ON,ON,ON,ON,ON,ON,ON,ON,ON,ON,ON,ON,ON,ON,ON,ON,ON,ON,ON,ON,ON,ON,ON,ON,ON,ON,OFF,OFF,OFF,ON,90.3%,PM oleh rekanan pada 28-30 Juli
TOTAL PERSENTASE BULANAN,,,,,,,,,,,,,,,,,,,,,,,,,,,,,,,,,96.8%,
,,,,,,,,,,,,,,,,,,,,,,,,,,,,,,,,,,
OPERATIONAL LEVEL AGREEMENT ( OLA ) MONITORING DATA Radar Cuaca CUACA,,,,,,,,,,,,,,,,,,,,,,,,,,,,,,,,,,
BULAN JULI 2026,,,,,,,,,,,,,,,,,,,,,,,,,,,,,,,,,,
,,,,,,,,,,,,,,,,,,,,,,,,,,,,,,,,,,
No,Stasiun ,Status,,,,,,,,,,,,,,,,,,,,,,,,,,,,,,,Persentase Aktif (%),KETERANGAN / PERMASALAHAN / MITIGASI
,,1,2,3,4,5,6,7,8,9,10,11,12,13,14,15,16,17,18,19,20,21,22,23,24,25,26,27,28,29,30,31,,
1,Stamet Biak,100%,100%,100%,100%,100%,92%,100%,100%,100%,100%,100%,100%,100%,100%,100%,100%,100%,100%,100%,100%,100%,100%,100%,100%,100%,100%,100%,100%,100%,100%,100%,99.7%,Penggantian UPS 10 KVA
2,Stamet Sentani,100%,100%,100%,100%,84%,88%,30%,83%,80%,100%,100%,100%,100%,100%,90%,31%,0%,0%,0%,10%,86%,99%,97%,100%,100%,100%,100%,100%,100%,100%,100%,79.9%,"gangguan pada pedestal, sudah ganti slip ring"
3,Stamet Sorong,100%,100%,100%,100%,100%,100%,100%,100%,100%,100%,100%,100%,100%,100%,100%,100%,100%,100%,100%,100%,100%,100%,100%,100%,100%,100%,100%,100%,100%,100%,100%,100.0%,
4,Stamet Merauke,97%,97%,97%,97%,97%,97%,97%,97%,97%,97%,97%,97%,97%,97%,97%,97%,97%,97%,97%,97%,97%,97%,97%,97%,97%,97%,97%,97%,97%,97%,97%,97.0%,
5,Stamet Timika,100%,100%,100%,100%,100%,100%,100%,100%,100%,100%,100%,100%,100%,100%,100%,100%,100%,100%,100%,100%,100%,100%,100%,100%,100%,100%,100%,100%,100%,100%,100%,100.0%,
6,Stamet Wamena,100%,100%,100%,100%,100%,100%,100%,100%,100%,100%,100%,100%,100%,100%,100%,100%,100%,100%,100%,100%,100%,100%,100%,100%,100%,100%,100%,0%,0%,0%,100%,90.3%,PM oleh rekanan pada 28-30 Juli
TOTAL PERSENTASE BULANAN,,,,,,,,,,,,,,,,,,,,,,,,,,,,,,,,,94.5%,
,,,,,,,,,,,,,,,,,,,,,,,,,,,,,,,,,,
,,,,,,,,,,,,,,,,,,,,,,,,,,,,,,,,,,
SERVICE LEVEL AGREEMENT (SLA) MONITORING DATA Radar Cuaca CUACA,,,,,,,,,,,,,,,,,,,,,,,,,,,,,,,,,,
BULAN AGUSTUS 2026,,,,,,,,,,,,,,,,,,,,,,,,,,,,,,,,,,
,,,,,,,,,,,,,,,,,,,,,,,,,,,,,,,,,,
No,Stasiun ,Status,,,,,,,,,,,,,,,,,,,,,,,,,,,,,,,Persentase Aktif (%),KETERANGAN / PERMASALAHAN / MITIGASI
,,1,2,3,4,5,6,7,8,9,10,11,12,13,14,15,16,17,18,19,20,21,22,23,24,25,26,27,28,29,30,31,,
1,Stamet Biak,ON,ON,ON,ON,ON,ON,ON,ON,ON,ON,ON,ON,ON,ON,ON,ON,ON,ON,ON,ON,ON,ON,ON,ON,ON,ON,ON,ON,ON,ON,ON,100.0%,
2,Stamet Sentani,ON,ON,ON,ON,ON,ON,ON,ON,ON,ON,ON,ON,ON,ON,ON,ON,ON,ON,ON,ON,ON,ON,ON,ON,ON,ON,ON,ON,ON,ON,ON,100.0%,
3,Stamet Sorong,ON,ON,ON,ON,ON,ON,ON,ON,ON,ON,ON,ON,ON,ON,ON,ON,ON,ON,ON,ON,ON,ON,ON,ON,ON,ON,ON,ON,ON,ON,ON,100.0%,
4,Stamet Merauke,ON,ON,ON,ON,ON,ON,ON,ON,ON,ON,ON,ON,ON,ON,ON,ON,ON,ON,ON,ON,ON,ON,ON,ON,ON,ON,ON,ON,ON,ON,ON,100.0%,
5,Stamet Timika,ON,ON,ON,ON,ON,ON,ON,ON,ON,ON,ON,ON,ON,ON,ON,ON,ON,ON,ON,ON,ON,ON,ON,ON,ON,ON,ON,ON,ON,ON,ON,100.0%,
6,Stamet Wamena,ON,ON,ON,ON,ON,ON,ON,ON,ON,ON,ON,ON,ON,ON,ON,ON,ON,ON,ON,ON,ON,ON,ON,ON,ON,ON,ON,ON,ON,ON,ON,100.0%,
TOTAL PERSENTASE BULANAN,,,,,,,,,,,,,,,,,,,,,,,,,,,,,,,,,100.0%,
,,,,,,,,,,,,,,,,,,,,,,,,,,,,,,,,,,
OPERATIONAL LEVEL AGREEMENT ( OLA ) MONITORING DATA Radar Cuaca CUACA,,,,,,,,,,,,,,,,,,,,,,,,,,,,,,,,,,
BULAN AGUSTUS 2026,,,,,,,,,,,,,,,,,,,,,,,,,,,,,,,,,,
,,,,,,,,,,,,,,,,,,,,,,,,,,,,,,,,,,
No,Stasiun ,Status,,,,,,,,,,,,,,,,,,,,,,,,,,,,,,,Persentase Aktif (%),KETERANGAN / PERMASALAHAN / MITIGASI
,,1,2,3,4,5,6,7,8,9,10,11,12,13,14,15,16,17,18,19,20,21,22,23,24,25,26,27,28,29,30,31,,
1,Stamet Biak,100%,100%,100%,100%,100%,100%,43%,97%,100%,100%,100%,100%,87%,94%,100%,100%,100%,100%,100%,100%,100%,100%,100%,100%,100%,100%,100%,100%,100%,100%,100%,97.5%,
2,Stamet Sentani,100%,100%,100%,100%,100%,100%,100%,100%,99%,100%,100%,100%,100%,100%,100%,100%,100%,100%,97%,100%,100%,100%,100%,100%,100%,100%,100%,100%,100%,100%,100%,99.9%,
3,Stamet Sorong,100%,100%,100%,100%,100%,100%,100%,100%,100%,100%,100%,100%,100%,100%,100%,100%,100%,100%,100%,100%,100%,100%,100%,100%,100%,100%,100%,100%,100%,100%,100%,100.0%,
4,Stamet Merauke,97%,97%,97%,97%,97%,97%,97%,97%,97%,97%,97%,97%,97%,97%,97%,97%,97%,97%,97%,97%,97%,97%,97%,97%,97%,97%,97%,97%,97%,97%,97%,97.0%,
5,Stamet Timika,100%,100%,100%,100%,100%,100%,100%,100%,100%,100%,100%,100%,100%,100%,100%,100%,100%,100%,100%,100%,100%,100%,100%,100%,100%,100%,100%,100%,100%,100%,100%,100.0%,
6,Stamet Wamena,100%,100%,100%,100%,100%,100%,100%,100%,100%,100%,100%,100%,100%,100%,100%,100%,100%,100%,100%,100%,100%,100%,100%,100%,100%,100%,100%,100%,100%,100%,100%,100.0%,
TOTAL PERSENTASE BULANAN,,,,,,,,,,,,,,,,,,,,,,,,,,,,,,,,,99.1%,
,,,,,,,,,,,,,,,,,,,,,,,,,,,,,,,,,,
,,,,,,,,,,,,,,,,,,,,,,,,,,,,,,,,,,
SERVICE LEVEL AGREEMENT (SLA) MONITORING DATA Radar Cuaca CUACA,,,,,,,,,,,,,,,,,,,,,,,,,,,,,,,,,,
BULAN SEPTEMBER 2026,,,,,,,,,,,,,,,,,,,,,,,,,,,,,,,,,,
,,,,,,,,,,,,,,,,,,,,,,,,,,,,,,,,,,
No,Stasiun ,Status,,,,,,,,,,,,,,,,,,,,,,,,,,,,,,,Persentase Aktif (%),KETERANGAN / PERMASALAHAN / MITIGASI
,,1,2,3,4,5,6,7,8,9,10,11,12,13,14,15,16,17,18,19,20,21,22,23,24,25,26,27,28,29,30,-,,
1,Stamet Biak,ON,ON,ON,ON,ON,ON,ON,ON,ON,ON,ON,ON,ON,ON,ON,ON,ON,ON,ON,ON,ON,ON,ON,ON,ON,ON,ON,ON,ON,ON,,100.0%,
2,Stamet Sentani,ON,ON,ON,ON,ON,ON,ON,ON,ON,ON,ON,ON,ON,ON,ON,ON,ON,ON,ON,ON,ON,ON,ON,ON,ON,ON,ON,ON,ON,ON,,100.0%,
3,Stamet Sorong,ON,ON,ON,ON,ON,ON,ON,ON,ON,ON,ON,ON,ON,ON,ON,ON,ON,ON,ON,ON,ON,ON,ON,ON,ON,ON,ON,ON,ON,ON,,100.0%,
4,Stamet Merauke,ON,ON,ON,ON,ON,ON,ON,ON,ON,ON,ON,ON,ON,ON,ON,ON,ON,ON,ON,ON,ON,ON,ON,ON,ON,ON,ON,ON,ON,ON,,100.0%,
5,Stamet Timika,ON,ON,ON,ON,ON,ON,ON,ON,ON,ON,ON,ON,ON,ON,ON,ON,ON,ON,ON,ON,ON,ON,ON,ON,ON,ON,ON,ON,ON,ON,,100.0%,
6,Stamet Wamena,ON,ON,ON,ON,ON,ON,ON,ON,ON,ON,ON,ON,ON,ON,ON,ON,ON,ON,ON,ON,ON,ON,ON,ON,ON,ON,ON,ON,ON,ON,,100.0%,
TOTAL PERSENTASE BULANAN,,,,,,,,,,,,,,,,,,,,,,,,,,,,,,,,,100.0%,
,,,,,,,,,,,,,,,,,,,,,,,,,,,,,,,,,,
OPERATIONAL LEVEL AGREEMENT ( OLA ) MONITORING DATA Radar Cuaca CUACA,,,,,,,,,,,,,,,,,,,,,,,,,,,,,,,,,,
BULAN SEPTEMBER 2026,,,,,,,,,,,,,,,,,,,,,,,,,,,,,,,,,,
,,,,,,,,,,,,,,,,,,,,,,,,,,,,,,,,,,
No,Stasiun ,Status,,,,,,,,,,,,,,,,,,,,,,,,,,,,,,,Persentase Aktif (%),KETERANGAN / PERMASALAHAN / MITIGASI
,,1,2,3,4,5,6,7,8,9,10,11,12,13,14,15,16,17,18,19,20,21,22,23,24,25,26,27,28,29,30,31,,
1,Stamet Biak,100%,100%,100%,100%,100%,100%,100%,100%,100%,100%,100%,100%,100%,100%,100%,100%,100%,100%,100%,100%,100%,100%,100%,100%,100%,100%,100%,100%,100%,100%,,100.0%,
2,Stamet Sentani,100%,100%,100%,100%,100%,100%,100%,100%,99%,99%,100%,100%,100%,100%,100%,100%,100%,72%,100%,100%,99%,100%,100%,100%,100%,99%,100%,100%,100%,65%,,97.8%,
3,Stamet Sorong,100%,100%,100%,100%,100%,100%,100%,100%,100%,100%,100%,100%,100%,100%,100%,100%,100%,100%,100%,100%,100%,100%,100%,100%,100%,100%,100%,100%,100%,100%,,100.0%,
4,Stamet Merauke,97%,97%,97%,97%,97%,97%,97%,97%,97%,97%,97%,97%,97%,97%,97%,97%,97%,97%,97%,97%,97%,97%,97%,97%,97%,97%,97%,97%,97%,97%,,97.0%,
5,Stamet Timika,100%,100%,100%,100%,100%,100%,100%,100%,100%,100%,100%,100%,100%,100%,100%,100%,100%,100%,100%,100%,100%,100%,100%,100%,100%,100%,100%,100%,100%,100%,,100.0%,
6,Stamet Wamena,100%,100%,100%,100%,100%,100%,100%,100%,100%,100%,100%,100%,100%,100%,100%,100%,100%,100%,100%,100%,100%,100%,100%,100%,100%,100%,100%,100%,100%,100%,,100.0%,
TOTAL PERSENTASE BULANAN,,,,,,,,,,,,,,,,,,,,,,,,,,,,,,,,,99.1%,