ID_ALAT,ID_STASIUN,JENIS_PERALATAN,NAMA_PERALATAN,MERK,LATITUDE,LONGITUDE,STATUS_AKTIF
ALT0001,MET001,AWOS KAT I,Bandara Marinda - Raja Ampat,AWI,-0.420,130.776,AKTIF
ALT0002,MET001,AWOS KAT I,Bandara Inanwatan - Inanwatan,AWI,-0.213,132.162,AKTIF
ALT0003,MET001,AWOS KAT I,Bandara Ayawasi - Maybrat,AWI,-1.160,132.464,AKTIF
ALT0004,MET001,AWOS KAT I,Bandara Kambuaya - Ayamaru,AWI,-1.317,132.290,AKTIF
ALT0005,MET001,AWOS KAT I,Bandara Teminabuan - Sorong Selatan,AWI,-1.445,132.019,AKTIF
ALT0006,MET001,AWOS KAT I,Bandara Babo - Babo,AWI,-2.539,133.438,AKTIF
ALT0007,MET001,AWOS KAT III,Stamet Sorong,Microstep Kat III,-0.533,131.171,AKTIF
ALT0008,MET001,RADAR,Stamet Sorong,EEC/C-Band,-0.890,131.286,AKTIF
ALT0009,MET001,AWS,AWS Digi Stamet Sorong,-,-0.891,131.286,AKTIF
ALT0010,MET001,AWS,AWS Mesonet (STR I ) Sorong,-,-1.021,131.318,AKTIF
ALT0011,MET001,AWS,AWS Pelabuhan Sorong,-,-0.889,131.267,AKTIF
ALT0012,MET002,AWOS KAT I,Stamet Torea - Fakfak,AWI,-2.555,132.526,AKTIF
ALT0013,MET002,AWS,AWS Degrean (STR I ) Stamet Fakfak,-,,,AKTIF
ALT0014,MET003,AWOS KAT I,Stamet Utarom - Kaimana,AWI,-3.645,133.694,AKTIF
ALT0015,MET003,AWS,AWS Degrean (STR I)Stamet Kaimana,-,-3.644,133.697,AKTIF
ALT0016,MET004,AWOS KAT I,Stamet Sudjarwo Tjondronegoro - Serui,AWI,-1.830,136064.000,AKTIF
ALT0017,MET004,AWS,AWS Stamet Serui,,-1.881,136.235,AKTIF
ALT0018,MET005,AWOS KAT I,Bandara Kornasoren - Numfor,AWI,-9.362,134.865,AKTIF
ALT0019,MET005,AWOS KAT III,Stamet Biak,Vaisala Kat III,-1.191,136.104,AKTIF
ALT0020,MET005,RADAR,Stamet Biak,EEC/C-Band,-1.163,136.088,AKTIF
ALT0021,MET005,AWS,AWS Digi Stamet Biak,-,-1.190,136.104,AKTIF
ALT0022,MET006,AWOS KAT I,Bandara Oksibil - Oksibil,AWI,,,AKTIF
ALT0023,MET006,AWOS KAT I,Bandara Yahukimo - Yakuhimo,AWI,,,AKTIF
ALT0024,MET006,AWOS KAT I,Bandara Kasonaweja - Memberamo Raya,AWI,,,AKTIF
ALT0025,MET006,AWOS KAT I,Bandara Senggeh - Keerom,AWI,,,AKTIF
ALT0026,MET006,AWOS KAT III,Stamet Sentani,AWI,-2.576,140.518,AKTIF
ALT0027,MET006,RADAR,Stamet Sentani,EEC/C-Band,-2.599,140.528,AKTIF
ALT0028,MET006,AWS,AWS Digi Stamet Sentani,-,,,AKTIF
ALT0029,MET007,AWOS KAT I,Bandara Wasior - Wasior,AWI,-2.723,134.506,AKTIF
ALT0030,MET007,AWOS KAT I,Bandara Bintuni - Bintuni,AWI,-2.105,133.517,AKTIF
ALT0031,MET007,AWOS KAT II,Stamet Manokwari,COASTAL,-8.921,134.051,AKTIF
ALT0032,MET007,AWS,AWS Degreane Stamet Manokwari,-,,,AKTIF
ALT0033,MET007,AWS,AWS Rekayasa Stamet Manokwari,-,,,AKTIF
ALT0034,MET008,AWOS KAT I,Bandara Ewer - Ewer,AWI,-5.493,138.086,AKTIF
ALT0035,MET008,AWOS KAT I,Bandara Ilaga - Ilaga,AWI,,,AKTIF
ALT0036,MET008,AWOS KAT II,Stamet Timika,COASTAL,-4.530,136.893,AKTIF
ALT0037,MET008,RADAR,Stamet Timika,EEC/C-Band,-4.529,136.893,AKTIF
ALT0038,MET008,AWS,AWS Stamet Digi Timika,-,-4.530,136.893,AKTIF
ALT0039,MET009,AWOS KAT I,Bandara Kimaam - Kimaam,AWI,-7.979,138.852,AKTIF
ALT0040,MET009,AWOS KAT I,Bandara Okaba - Okaba,AWI,-8.095,139.721,AKTIF
ALT0041,MET009,AWOS KAT I,Bandara Kepi - Kepi,AWI,-6.543,139.332,AKTIF
ALT0042,MET009,AWOS KAT II,Stamet Merauke,Vaisala Kat II,-8.515,140.415,AKTIF
ALT0043,MET009,RADAR,Stamet Merauke,EEC/C-Band,-8.493,140.389,AKTIF
ALT0044,MET009,AWS,AWS Digi Stamet Merauke,-,-8.518,140.414,AKTIF
ALT0045,MET010,AWOS KAT I,Bandara Boven Digul - Tanah Merah,AWI,,,AKTIF
ALT0046,MET010,AWOS KAT I,Bandara Mindiptana - Mindiptana,AWI,-5.880,140.709,AKTIF
ALT0047,MET010,AWS,AWS  Degrean Stamet Tanah Merah,-,-6.098,140.301,AKTIF
ALT0048,MET011,AWOS KAT I,Bandara Waghete - Waghete,AWI,-4.059,136.282,AKTIF
ALT0049,MET011,AWS,AWS Stamet Enarotali,-,-3.927,136.380,AKTIF
ALT0050,MET011,AWS,AWS Stamet DIgi Enarotali,-,-3.927,136.380,AKTIF
ALT0051,MET012,AWOS KAT III,Stamet Wamena,AWI Kat III,-4.098,138.951,AKTIF
ALT0052,MET012,RADAR,Stamet Wamena,EEC/X-Band,-4.089,138.946,AKTIF
ALT0053,MET012,AWS,AWS Digi Wamena.,-,-4.089,138.946,AKTIF
ALT0054,MET013,AWOS KAT II,Stamet Nabire,Campbell Aero Kat II,-3.393,135.393,AKTIF
ALT0055,MET013,AWS,AWS Digi Stamet Nabire,,-3.398,135.396,AKTIF
ALT0056,MET014,AWS,AWS Degreane Stamet Sarmi,-,,,AKTIF
ALT0057,KLI001,ARG,ARG Arso,-,-2.803,140.753,AKTIF
ALT0058,KLI001,ARG,ARG Arso 2,-,-2.906,140.755,AKTIF
ALT0059,KLI001,ARG,ARG Benyom Jaya,-,-2.539,140.105,AKTIF
ALT0060,KLI001,ARG,ARG Biak Barat,-,-1.057,135.872,AKTIF
ALT0061,KLI001,ARG,ARG Bonggo,-,-2.301,139.565,AKTIF
ALT0062,KLI001,ARG,ARG Dok II,-,-2.530,140.714,AKTIF
ALT0063,KLI001,ARG,ARG Kaoreh,-,-2.815,140.141,AKTIF
ALT0064,KLI001,ARG,ARG Karya Bumi,-,-2.589,140.231,AKTIF
ALT0065,KLI001,ARG,ARG KORAMIL Senggi,-,-3.430,140.779,AKTIF
ALT0066,KLI001,ARG,ARG Sarmi selatan,-,-1.983,138.709,AKTIF
ALT0067,KLI001,ARG,ARG Serui,-,-1.876,136.240,AKTIF
ALT0068,KLI001,ARG,ARG Betaf,-,-2.125,139.270,AKTIF
ALT0069,KLI001,ARG,ARG Heram,-,-2.573,140.623,AKTIF
ALT0070,KLI001,ARG,ARG Waris,-,-3.289,140.837,AKTIF
ALT0071,KLI001,AWS,AWS Rekayasa Balai V,-,-2.572,140.693,AKTIF
ALT0072,KLI001,AWS,AWS Nimboran.Staklim Papua,-,-2.593,140.168,AKTIF
ALT0073,KLI001,AWS,AWS  Rekayasa Arso,-,-2.870,140.735,AKTIF
ALT0074,KLI001,AWS,AWS Supiori Timur,-,-7.318,135.732,AKTIF
ALT0075,KLI001,AWS,AWS Rekayasa Skouw.,-,-2.609,140.997,AKTIF
ALT0076,KLI001,AWS,IKRO Staklim Papua,-,-2.593,140.168,AKTIF
ALT0077,KLI001,AWS,AAWS Koya Barat,-,-2.681,140.804,AKTIF
ALT0078,KLI002,AWS,AWS GAW Vihara Klademark,-,,,AKTIF
ALT0079,KLI002,AWS,AWS Manokwari Selatan Rekayasa,-,,,AKTIF
ALT0080,KLI002,AWS,AWS Staklim Papua Barat,-,,,AKTIF
ALT0081,KLI002,AWS,AWS Stasiun Klimatologi papua Barat IKRO,-,,,AKTIF
ALT0082,KLI002,AWS,AWS Raisei,-,,,AKTIF
ALT0083,KLI002,ARG,ARG Ayamaru,-,,,AKTIF
ALT0084,KLI002,ARG,ARG Manimere,-,,,AKTIF
ALT0085,KLI002,ARG,ARG Waisai,-,,,AKTIF
ALT0086,KLI002,ARG,ARG Moswaren,-,,,AKTIF
ALT0087,KLI002,ARG,ARG Senopi,-,,,AKTIF
ALT0088,KLI002,ARG,ARG Stageof Sorong,-,,,AKTIF
ALT0089,KLI002,ARG,ARG Suteibey,-,,,AKTIF
ALT0090,KLI002,ARG,ARG UNIPA Amban,-,,,AKTIF
ALT0091,KLI002,ARG,ARG Kaimana,-,,,AKTIF
ALT0092,KLI003,AWS,AWS Asiki,-,-6.638,140.423,AKTIF
ALT0093,KLI003,AWS,AAWS Staklim Tanah Miring,-,-8.387,140.517,AKTIF
ALT0094,KLI003,AWS,AWS Staklim Tanah Miring IKRO,-,-8.387,140.517,AKTIF
ALT0095,KLI003,ARG,ARG Agats,-,-5.542,138.141,AKTIF
ALT0096,KLI003,ARG,ARG Atsj,-,-5.739,138.383,AKTIF
ALT0097,KLI003,ARG,ARG BP3K Kurik,-,-8.289,140.269,AKTIF
ALT0098,KLI003,ARG,ARG BP3K Wasur,-,-8.536,140.464,AKTIF
ALT0099,KLI003,ARG,ARG Kuala Kencana,-,-4.408,136.856,AKTIF
ALT0100,KLI003,ARG,ARG Ngguti Bob,-,-8.293,140.702,AKTIF
ALT0101,KLI003,ARG,ARG SMPK Semangga,-,-8.410,140.469,AKTIF
ALT0102,KLI003,ARG,ARG Tanah Merah,-,-6.077,140.342,AKTIF
ALT0103,KLI003,ARG,ARG Sota,-,-8.429,141.018,AKTIF
ALT0104,KLI003,ARG,ARG Kimaam,-,-7.986,138.848,AKTIF
ALT0105,MAR001,AWS,AWS Digi Dok II.,-,-2.538,140.715,AKTIF
ALT0106,MAR001,AWS,AWS Pelabuhan Jayapura,-,-2.535,140.718,AKTIF
ALT0107,GEO001,SEISMO,JAY (Station Jayapura),-,-2.515,140.704,AKTIF
ALT0108,GEO001,SEISMO,"MTJPI (MuaraTami, Jayapura)",-,-2.627,140.864,AKTIF
ALT0109,GEO001,SEISMO,"ARKPI (Arso4, Keerom)",-,-2.783,140.592,AKTIF
ALT0110,GEO001,SEISMO,"ARPI (Arso, Keerom)",-,-2.900,140.748,AKTIF
ALT0111,GEO001,SEISMO,GENI (Station Genyem),-,-2.593,140.168,AKTIF
ALT0112,GEO001,SEISMO,"SKPM (Senggi, Keerom)",-,-3.449,140.726,AKTIF
ALT0113,GEO001,SEISMO,"LJPI (Lereh, Jayapura)",-,-3.127,139.945,AKTIF
ALT0114,GEO001,SEISMO,"BTSPI (BonggoTimur, Sarmi)",-,-4.852,139.499,AKTIF
ALT0115,GEO001,SEISMO,"SATPI (SarmiTimur, Sarmi)",-,-1.972,138.870,AKTIF
ALT0116,GEO001,SEISMO,SMPI (Station Sarmi),-,-1.990,138.710,AKTIF
ALT0117,GEO001,SEISMO,WAMI (Station Wamena),-,-4.096,138.950,AKTIF
ALT0118,GEO001,SEISMO,"DYPI (Dekai, Yakuhimo)",-,-4.852,139.499,AKTIF
ALT0119,GEO001,SEISMO,"MTMPI (MamberamoTengah, MamberamoRaya)",-,-2.305,138.037,AKTIF
ALT0120,GEO001,SEISMO,"MIBPI (Mindiptana, BovenDigoel)",-,-5.879,140.709,AKTIF
ALT0121,GEO001,SEISMO,"TRPI (Bovendigol, Tanah Merah)",-,-6.099,140.300,AKTIF
ALT0122,GEO001,SEISMO,"OBMPI (Obaa, Mappi)",-,-6.555,139.300,AKTIF
ALT0123,GEO001,SEISMO,"YBYPI (YapenBarat, KepulauanYapen)",-,-1.831,136.063,AKTIF
ALT0124,GEO001,SEISMO,"EDMPI (Edera, Mappi)",-,-7.175,139.585,AKTIF
ALT0125,GEO001,SEISMO,"ELMPI (Eligobel, Merauke)",-,-7.489,140.789,AKTIF
ALT0126,GEO001,SEISMO,"UWNPI (Uwapa, Nabire)",-,-3.480,135.587,AKTIF
ALT0127,GEO001,SEISMO,"SUSPI (SupioriTimur, Supiori)",-,-0.733,135.723,AKTIF
ALT0128,GEO001,SEISMO,"WANPI (Wanggar, Nabire)",-,-3.421,135.376,AKTIF
ALT0129,GEO001,SEISMO,"FKMPM (Kurik, Merauke)",-,-8.252,140.267,AKTIF
ALT0130,GEO001,SEISMO,"KIMPI (Kimaam, Merauke)",-,-7.979,138.852,AKTIF
ALT0131,GEO001,SEISMO,"SOMPI (Sota, Merauke)",-,-8.431,141.007,AKTIF
ALT0132,GEO001,SEISMO,MMPI (Station Merauke),-,-8.518,140.414,AKTIF
ALT0133,GEO001,ACCELEROGRAPH,Balai Besar MKG Wilayah V (JBPI),-,-2.570,140.680,AKTIF
ALT0134,GEO001,ACCELEROGRAPH,Stageof Angkasa (JGPI),-,-2.515,140.704,AKTIF
ALT0135,GEO001,ACCELEROGRAPH,Stamet Sentani ( JMPI),-,-2.576,140.519,AKTIF
ALT0136,GEO001,ACCELEROGRAPH,Stamet Biak ( BMPI),-,-1.191,136.104,AKTIF
ALT0137,GEO001,ACCELEROGRAPH,Stamet Timika ( TMPI),-,-4.530,136.890,AKTIF
ALT0138,GEO001,LIGHTNING DETECTOR,Balai Besar MKG Wilayah V,-,-2.567,140.683,AKTIF
ALT0139,GEO001,LIGHTNING DETECTOR,Stageof Angkasa,-,-2.514,140.704,AKTIF
ALT0140,GEO001,LIGHTNING DETECTOR,Stamet Biak,-,-1.189,136.106,AKTIF
ALT0141,GEO001,LIGHTNING DETECTOR,Stamet Merauke,-,-8.518,140.414,AKTIF
ALT0142,GEO001,WRS NG,Balai Besar MKG Wilayah V,-,-2.580,140.690,AKTIF
ALT0143,GEO001,WRS NG,SAR Jayapura,-,-2.570,140.530,AKTIF
ALT0144,GEO001,WRS NG,BPBD Kota Jayapura,-,-2.590,140.690,AKTIF
ALT0145,GEO001,WRS NG,BPBD Kab. Jayapura,-,-2.550,140.480,AKTIF
ALT0146,GEO001,WRS NG,BPBD Kab. Keerom ( Relokasi Ke lantamal X),-,-2.560,140.700,AKTIF
ALT0147,GEO001,WRS NG,BPBD Kab. Biak,-,-1.160,136.080,AKTIF
ALT0148,GEO001,SIRENE,Kantor MRP Papua,-,-2.537,140.706,AKTIF
ALT0149,GEO002,SEISMO,SJPM (Sentani),-,-2.570,140.503,AKTIF
ALT0150,GEO002,SEISMO,"MIPI (Mimika Baru, Mimika)",-,-4.529,136.893,AKTIF
ALT0151,GEO002,SEISMO,WWPI (Waropen),-,-2.245,136.376,AKTIF
ALT0152,GEO002,SEISMO,SRPI (Station Serui),-,-1.876,136.240,AKTIF
ALT0153,GEO002,SEISMO,"ERPI (Enarotali, East Paniai)",-,-3.927,136.381,AKTIF
ALT0154,GEO002,SEISMO,BAKI (Station Biak),-,-1.192,136.107,AKTIF
ALT0155,GEO002,SEISMO,NBPI (Station Nabire),-,-3.366,135.497,AKTIF
ALT0156,GEO002,SEISMO,"IWPI (Rasiei, Teluk Wondama)",-,-2.758,134.516,AKTIF
ALT0157,GEO002,SEISMO,"SWPM (Sidey, Manokwari)",-,-0.804,133.595,AKTIF
ALT0158,GEO002,ACCELEROGRAPH,Stamet Enarotali (ERPN),-,-3.927,136.381,AKTIF
ALT0159,GEO002,LIGHTNING DETECTOR,Stamet Timika,-,-4.530,136.893,AKTIF
ALT0160,GEO002,LIGHTNING DETECTOR,Stageof Nabire,-,-3.376,135.473,AKTIF
ALT0161,GEO002,WRS NG,Stageof Nabire,-,-3.376,135.473,AKTIF
ALT0162,GEO002,WRS NG,BPBD  Kab. Nabire,-,-3.318,135.556,AKTIF
ALT0163,GEO002,WRS NG,BPBD Supiori,-,-0.755,135.726,AKTIF
ALT0164,GEO003,SEISMO,RKPI (Station Ransiki),-,-1.511,134.177,AKTIF
ALT0165,GEO003,SEISMO,MWPI (Station Manokwari),-,-0.926,134.043,AKTIF
ALT0166,GEO003,SEISMO,"ANAPI (Anggi, PegununganArfak)",-,-1.323,133.912,AKTIF
ALT0167,GEO003,SEISMO,"MBPI (Manimeri, Teluk Bintuni)",-,-2.035,133.732,AKTIF
ALT0168,GEO003,SEISMO,KMPI (Station Kaimana),-,-3.662,133.704,AKTIF
ALT0169,GEO003,SEISMO,"BATPI (Babo, TelukBintuni)",-,-2.543,133.446,AKTIF
ALT0170,GEO003,SEISMO,"AMPM (Aifat, Maybrat)",-,-1.267,132.491,AKTIF
ALT0171,GEO003,SEISMO,FAKI (Station Fakfak),-,-2.919,132.265,AKTIF
ALT0172,GEO003,SEISMO,"FKSPI (Sawiat, SorongSelatan)",-,-1.159,139.016,AKTIF
ALT0173,GEO003,SEISMO,"TSPI (Terminabuan, Sorong Selatan)",-,-1.473,132.090,AKTIF
ALT0174,GEO003,SEISMO,SIJI (Station Sorong - CTBTO),-,-0.869,131.266,AKTIF
ALT0175,GEO003,SEISMO,SWI (Station Sorong),-,-0.863,131.259,AKTIF
ALT0176,GEO003,SEISMO,"KARPI (Kabare, RajaAmpat)",-,-0.061,130.991,AKTIF
ALT0177,GEO003,SEISMO,RAPI (Raja Ampat),-,-0.410,130.821,AKTIF
ALT0178,GEO003,SEISMO,"MBRPI (MisoolBarat, RajaAmpat)",-,-1.771,130.407,AKTIF
ALT0179,GEO003,SEISMO,"KORPI (Kofiau, RajaAmpat)",-,-1.158,129.845,AKTIF
ALT0180,GEO003,SEISMO,"GARPI (PulauGag, RajaAmpat)",-,-0.435,129.900,AKTIF
ALT0181,GEO003,ACCELEROGRAPH,Stamet Manokwari( MAPI),-,-0.890,134.051,AKTIF
ALT0182,GEO003,LIGHTNING DETECTOR,Stageof Sorong,-,-0.862,131.259,AKTIF
ALT0183,GEO003,WRS NG,Stageof Sorong,-,-0.862,131.259,AKTIF
ALT0184,GEO003,WRS NG,BPBD. Raja Ampat,-,-0.428,130.806,AKTIF
ALT0185,GEO003,WRS NG,BPBD. Sorong Selatan,-,-1.473,132.090,AKTIF
ALT0186,GEO003,WRS NG,BPBD. Teluk Wonadama,-,-2.825,134.536,AKTIF
ALT0187,GEO003,WRS NG,BPBD. Teluk Bintuni,-,-2.033,133.732,AKTIF
ALT0188,GEO003,WRS NG,BPBD. Kab. Sorong,-,-0.988,131.366,AKTIF
ALT0189,GEO003,WRS NG,BPBD Kota Sorong,-,-0.881,131.288,AKTIF
ALT0190,GEO003,SIRENE,RRI Manokwari,-,-0.856,134.072,AKTIF